ISO-10303-21;
HEADER;
/******************************************************
* STEP Physical File produced by: IFCjs WebIfc 0.0.50
* Module: web-ifc/IfcLoader
* Version: 0.0.50
* Source: https://github.com/IFCjs/web-ifc
* Issues: https://github.com/IFCjs/web-ifc/issues
******************************************************/
FILE_DESCRIPTION(('Generated by xeokit SDK'),'2;1');
FILE_NAME('Model','2026-04-21T17:08:35',('xeokit'),(),'ifcjs/web-ifc-api','ifcjs/web-ifc-api',$);
FILE_SCHEMA(('IFC4'));
ENDSEC;
DATA;
#1=IFCORGANIZATION($,'xeokit',$,$,$);
#2=IFCAPPLICATION(#1,'1.0.0','xeokit SDK','xeokit-sdk');
#3=IFCPERSON($,'',$,$,$,$,$,$);
#4=IFCPERSONANDORGANIZATION(#3,#1,$);
#5=IFCOWNERHISTORY(#4,#2,$,$,$,$,$,1776791315);
#6=IFCSIUNIT(#0,$,$,.METRE.);
#7=IFCSIUNIT(#0,$,$,.SQUARE_METRE.);
#8=IFCSIUNIT(#0,$,$,.CUBIC_METRE.);
#9=IFCUNITASSIGNMENT((#6,#7,#8));
#10=IFCCARTESIANPOINT((0.,0.));
#11=IFCAXIS2PLACEMENT2D(#10,$);
#12=IFCDIRECTION((0.,1.));
#13=IFCGEOMETRICREPRESENTATIONCONTEXT('3D','Model',3,$,#11,#12);
#14=IFCCARTESIANPOINT((0.,0.,0.));
#15=IFCDIRECTION((0.,0.,1.));
#16=IFCDIRECTION((1.,0.,0.));
#17=IFCAXIS2PLACEMENT3D(#14,#15,#16);
#18=IFCLOCALPLACEMENT($,#17);
#19=IFCPROJECT('2ic9GGxz5FgPsvGg7qdK3E',#5,'IfcOpenHouse',$,$,$,$,(#13),#9);
#20=IFCCARTESIANPOINTLIST3D(((4.401464866102084,-1.7534142061493876,-0.16211600061138506),(1.4158846417944624,-1.814755474174106,-0.2484524773693538),(4.4097047379263,-0.9080643930724055,-0.17342486305996407),(4.401464866102084,-1.7534142061493876,-0.16211600061138506),(1.3847562371252007,-3.8155184252689414,-0.31217122923016544),(1.4158846417944624,-1.814755474174106,-0.2484524773693538),(-3.884184023804074,-9.021591515983825,-3.377967358838494),(-5.505302510109102,-8.18448157473106,-3.2538130732471044),(-4.095674067292286,-8.316014343480584,-2.7049076421408063),(-3.884184023804074,-9.021591515983825,-3.377967358838494),(-5.266346227206836,-8.928206301976047,-3.868747668972526),(-5.505302510109102,-8.18448157473106,-3.2538130732471044),(-2.6970321202410923,-7.987945372701612,-1.9914765025084062),(-4.209506370641641,-7.870450904097048,-2.388016292237613),(-2.9283588921950097,-6.386358434424354,-1.2551844366358682),(-2.6970321202410923,-7.987945372701612,-1.9914765025084062),(-4.095674067292286,-8.316014343480584,-2.7049076421408063),(-4.209506370641641,-7.870450904097048,-2.388016292237613),(-2.6970321202410923,-7.987945372701612,-1.9914765025084062),(-2.9283588921950097,-6.386358434424354,-1.2551844366358682),(-1.5953307392996103,-6.467841611352713,-1.0337496138524012),(7.270771343556881,1.0356298161287851,-0.9637076270741054),(7.136186770428016,2.7556267643244063,-1.3170791784243274),(8.124361028458079,2.839551384756236,-1.975790015886184),(7.270771343556881,1.0356298161287851,-0.9637076270741054),(5.739986266880295,0.9217975127794307,-0.45906484039020234),(5.608758678568705,2.6704814221408406,-0.7876298547564448),(7.270771343556881,1.0356298161287851,-0.9637076270741054),(5.608758678568705,2.6704814221408406,-0.7876298547564448),(7.136186770428016,2.7556267643244063,-1.3170791784243274),(8.737468528267339,3.004959182116426,-2.6352304573769807),(8.115205615320061,2.935072861829556,-2.001326156899105),(7.915922789349203,4.6157015335317,-2.564945269255704),(8.737468528267339,3.004959182116426,-2.6352304573769807),(7.915922789349203,4.6157015335317,-2.564945269255704),(8.574807354848556,4.665140764476997,-3.1443724689060173),(5.783627069504846,-0.8326848249027243,-0.3165488534038086),(4.372777904936294,0.8622873273823134,-0.29757914865135354),(5.739986266880295,0.9217975127794307,-0.45906484039020234),(5.783627069504846,-0.8326848249027243,-0.3165488534038086),(4.4097047379263,-0.9080643930724055,-0.17342486305996407),(4.372777904936294,0.8622873273823134,-0.29757914865135354),(8.744792858777753,2.910963607232776,-2.6118831284508826),(8.124361028458079,2.839551384756236,-1.975790015886184),(8.115205615320061,2.935072861829556,-2.001326156899105),(8.744792858777753,2.910963607232776,-2.6118831284508826),(8.115205615320061,2.935072861829556,-2.001326156899105),(8.737468528267339,3.004959182116426,-2.6352304573769807),(-2.615854123750667,-8.420691233691922,-2.3230815336619015),(-3.884184023804074,-9.021591515983825,-3.377967358838494),(-4.095674067292286,-8.316014343480584,-2.7049076421408063),(-2.615854123750667,-8.420691233691922,-2.3230815336619015),(-4.095674067292286,-8.316014343480584,-2.7049076421408063),(-2.6970321202410923,-7.987945372701612,-1.9914765025084062),(5.773556115053027,-1.6704051270313576,-0.30633439699863996),(4.401464866102084,-1.7534142061493876,-0.16211600061138506),(4.4097047379263,-0.9080643930724055,-0.17342486305996407),(5.773556115053027,-1.6704051270313576,-0.30633439699863996),(4.4097047379263,-0.9080643930724055,-0.17342486305996407),(5.783627069504846,-0.8326848249027243,-0.3165488534038086),(-1.4634927901121537,-8.056610971236747,-1.786944173062063),(-2.6970321202410923,-7.987945372701612,-1.9914765025084062),(-1.5953307392996103,-6.467841611352713,-1.0337496138524012),(-1.4634927901121537,-8.056610971236747,-1.786944173062063),(-2.615854123750667,-8.420691233691922,-2.3230815336619015),(-2.6970321202410923,-7.987945372701612,-1.9914765025084062),(8.242771038376443,1.149767299916075,-1.6319033169121895),(7.270771343556881,1.0356298161287851,-0.9637076270741054),(8.124361028458079,2.839551384756236,-1.975790015886184),(9.420462348363472,3.01380941481651,-3.631626359566837),(8.737468528267339,3.004959182116426,-2.6352304573769807),(9.416189822232399,3.1059739070725563,-3.6503528629763116),(9.420462348363472,3.01380941481651,-3.631626359566837),(8.744792858777753,2.910963607232776,-2.6118831284508826),(8.737468528267339,3.004959182116426,-2.6352304573769807),(9.420462348363472,3.01380941481651,-3.631626359566837),(9.416189822232399,3.1059739070725563,-3.6503528629763116),(9.996948195620663,3.135881589990081,-4.970084950658336),(-2.4650949874113066,-9.096055542839705,-3.0377286800092027),(-3.498435950255588,-9.996948195620663,-4.895178937020436),(-3.884184023804074,-9.021591515983825,-3.377967358838494),(-2.4650949874113066,-9.096055542839705,-3.0377286800092027),(-3.884184023804074,-9.021591515983825,-3.377967358838494),(-2.615854123750667,-8.420691233691922,-2.3230815336619015),(1.2800793469138645,-6.1730373083085395,-0.684026082646882),(-1.618829633020523,-6.095826657511256,-0.9329426571871109),(-1.723811703669795,-3.746852826733808,-0.6149569012405073),(1.2800793469138645,-6.1730373083085395,-0.684026082646882),(-1.723811703669795,-3.746852826733808,-0.6149569012405073),(1.3636987869077601,-3.8155184252689414,-0.31363043728804585),(1.2996108949416358,-6.173342488746473,-0.6834180792894313),(1.2800793469138645,-6.1730373083085395,-0.684026082646882),(1.3636987869077601,-3.8155184252689414,-0.31363043728804585),(1.2996108949416358,-6.173342488746473,-0.6834180792894313),(1.3636987869077601,-3.8155184252689414,-0.31363043728804585),(1.3847562371252007,-3.8155184252689414,-0.31217122923016544),(-1.4174105439841296,-8.482032501716644,-2.1298580666641374),(-2.615854123750667,-8.420691233691922,-2.3230815336619015),(-1.4634927901121537,-8.056610971236747,-1.786944173062063),(-1.4174105439841296,-8.482032501716644,-2.1298580666641374),(-2.4650949874113066,-9.096055542839705,-3.0377286800092027),(-2.615854123750667,-8.420691233691922,-2.3230815336619015),(4.313878080415047,-3.7450217441062033,-0.269489393537141),(4.401464866102084,-1.7534142061493876,-0.16211600061138506),(5.773556115053027,-1.6704051270313576,-0.30633439699863996),(4.313878080415047,-3.7450217441062033,-0.269489393537141),(1.3847562371252007,-3.8155184252689414,-0.31217122923016544),(4.401464866102084,-1.7534142061493876,-0.16211600061138506),(4.313878080415047,-3.7450217441062033,-0.269489393537141),(1.2996108949416358,-6.173342488746473,-0.6834180792894313),(1.3847562371252007,-3.8155184252689414,-0.31217122923016544),(7.315632867933167,-0.686503395132373,-0.8097611769676424),(5.783627069504846,-0.8326848249027243,-0.3165488534038086),(5.739986266880295,0.9217975127794307,-0.45906484039020234),(7.315632867933167,-0.686503395132373,-0.8097611769676424),(5.739986266880295,0.9217975127794307,-0.45906484039020234),(7.270771343556881,1.0356298161287851,-0.9637076270741054),(1.2611581597619606,-6.544747081712063,-0.7991819185480045),(1.2800793469138645,-6.1730373083085395,-0.684026082646882),(1.2996108949416358,-6.173342488746473,-0.6834180792894313),(-8.810101472495614,4.699931334401464,-3.1031498412708745),(-10.,6.4672312504768446,-4.290458797700183),(-8.608377203021286,6.383306630045014,-3.283605237762179),(1.2803845273517982,-6.544747081712063,-0.7985739151905537),(1.2611581597619606,-6.544747081712063,-0.7991819185480045),(1.2996108949416358,-6.173342488746473,-0.6834180792894313),(8.84153505760281,1.2474250400549318,-2.2943837751902385),(8.744792858777753,2.910963607232776,-2.6118831284508826),(9.420462348363472,3.01380941481651,-3.631626359566837),(8.84153505760281,1.2474250400549318,-2.2943837751902385),(8.124361028458079,2.839551384756236,-1.975790015886184),(8.744792858777753,2.910963607232776,-2.6118831284508826),(8.84153505760281,1.2474250400549318,-2.2943837751902385),(8.242771038376443,1.149767299916075,-1.6319033169121895),(8.124361028458079,2.839551384756236,-1.975790015886184),(-1.3316548409246953,-9.139391165026321,-2.87235176678267),(-2.4650949874113066,-9.096055542839705,-3.0377286800092027),(-1.4174105439841296,-8.482032501716644,-2.1298580666641374),(7.305256733043414,-1.5080491340505087,-0.8029515393641968),(5.773556115053027,-1.6704051270313576,-0.30633439699863996),(5.783627069504846,-0.8326848249027243,-0.3165488534038086),(7.305256733043414,-1.5080491340505087,-0.8029515393641968),(5.783627069504846,-0.8326848249027243,-0.3165488534038086),(7.315632867933167,-0.686503395132373,-0.8097611769676424),(8.282444495307853,-0.5378805218585494,-1.4830640950083107),(7.270771343556881,1.0356298161287851,-0.9637076270741054),(8.242771038376443,1.149767299916075,-1.6319033169121895),(8.282444495307853,-0.5378805218585494,-1.4830640950083107),(7.315632867933167,-0.686503395132373,-0.8097611769676424),(7.270771343556881,1.0356298161287851,-0.9637076270741054),(9.476920729381247,1.3896391241321417,-3.3750489427227315),(9.996948195620663,3.135881589990081,-4.970084950658336),(9.996948195620663,0.0016784924086350656,-4.755581366149805),(9.476920729381247,1.3896391241321417,-3.3750489427227315),(9.420462348363472,3.01380941481651,-3.631626359566837),(9.996948195620663,3.135881589990081,-4.970084950658336),(9.476920729381247,1.3896391241321417,-3.3750489427227315),(8.84153505760281,1.2474250400549318,-2.2943837751902385),(9.420462348363472,3.01380941481651,-3.631626359566837),(5.670405127031359,-3.6458381017776773,-0.4427703504105293),(4.313878080415047,-3.7450217441062033,-0.269489393537141),(5.773556115053027,-1.6704051270313576,-0.30633439699863996),(5.670405127031359,-3.6458381017776773,-0.4427703504105293),(5.773556115053027,-1.6704051270313576,-0.30633439699863996),(7.305256733043414,-1.5080491340505087,-0.8029515393641968),(8.87357900358587,-0.41000991836423417,-2.1585558251358),(8.242771038376443,1.149767299916075,-1.6319033169121895),(8.84153505760281,1.2474250400549318,-2.2943837751902385),(8.87357900358587,-0.41000991836423417,-2.1585558251358),(8.282444495307853,-0.5378805218585494,-1.4830640950083107),(8.242771038376443,1.149767299916075,-1.6319033169121895),(-6.057068741893644,4.542458228427558,-1.709849347337342),(-7.430991073472191,4.606851300831616,-2.2153433387216754),(-7.1303883421072705,6.317998016327153,-2.6241647962713817),(1.1561760891126887,-8.122224765392541,-1.6371321457862633),(1.2611581597619606,-6.544747081712063,-0.7991819185480045),(1.2803845273517982,-6.544747081712063,-0.7985739151905537),(-7.647058823529412,2.9381246662088953,-2.053371244296866),(-7.430991073472191,4.606851300831616,-2.2153433387216754),(-6.057068741893644,4.542458228427558,-1.709849347337342),(-7.647058823529412,2.9381246662088953,-2.053371244296866),(-8.961470969710842,2.9716945143816274,-3.09731300903935),(-8.954757000076295,3.064469367513542,-3.093786589566137),(1.173876554512857,-8.122224765392541,-1.6373753471292438),(1.1561760891126887,-8.122224765392541,-1.6371321457862633),(1.2803845273517982,-6.544747081712063,-0.7985739151905537),(8.273289082169835,-1.3426413366903198,-1.4803888802355278),(7.305256733043414,-1.5080491340505087,-0.8029515393641968),(7.315632867933167,-0.686503395132373,-0.8097611769676424),(8.273289082169835,-1.3426413366903198,-1.4803888802355278),(7.315632867933167,-0.686503395132373,-0.8097611769676424),(8.282444495307853,-0.5378805218585494,-1.4830640950083107),(-7.656824597543298,2.8435187304493774,-2.049601623480673),(-8.961470969710842,2.9716945143816274,-3.09731300903935),(-7.647058823529412,2.9381246662088953,-2.053371244296866),(4.075226977950715,-6.098878461890594,-0.776442592979356),(1.2996108949416358,-6.173342488746473,-0.6834180792894313),(4.313878080415047,-3.7450217441062033,-0.269489393537141),(-9.047837033646143,1.3420309758144504,-3.2176976738145457),(-10.,3.2259098191805897,-4.743542899672285),(-8.961470969710842,2.9716945143816274,-3.09731300903935),(-1.3545433737697403,8.03768978408484,-3.1447372709204875),(-2.5056839856565185,8.044098573281453,-3.127226774225914),(-2.1901274128328367,10.,-5.250617699785989),(1.1363393606469836,-8.540321965362022,-2.0115406133042724),(1.1561760891126887,-8.122224765392541,-1.6371321457862633),(1.173876554512857,-8.122224765392541,-1.6373753471292438),(1.1363393606469836,-8.540321965362022,-2.0115406133042724),(1.1192492561226828,-8.540321965362022,-2.0110542106183122),(1.1561760891126887,-8.122224765392541,-1.6371321457862633),(-4.583962767986572,4.493934538796063,-1.3905259840043465),(-4.30258640421149,6.239566643778133,-2.006919787787649),(-2.7632562752727545,6.215457389181353,-1.8648902034872155),(-4.583962767986572,4.493934538796063,-1.3905259840043465),(-6.057068741893644,4.542458228427558,-1.709849347337342),(-4.30258640421149,6.239566643778133,-2.006919787787649),(8.866254673075458,-1.2001220721751742,-2.1597718318507004),(8.282444495307853,-0.5378805218585494,-1.4830640950083107),(8.87357900358587,-0.41000991836423417,-2.1585558251358),(8.866254673075458,-1.2001220721751742,-2.1597718318507004),(8.273289082169835,-1.3426413366903198,-1.4803888802355278),(8.282444495307853,-0.5378805218585494,-1.4830640950083107),(-6.285343709468223,2.8499275196459903,-1.4723632359171817),(-7.647058823529412,2.9381246662088953,-2.053371244296866),(-6.057068741893644,4.542458228427558,-1.709849347337342),(-6.285343709468223,2.8499275196459903,-1.4723632359171817),(-6.057068741893644,4.542458228427558,-1.709849347337342),(-4.583962767986572,4.493934538796063,-1.3905259840043465),(7.199359121080339,-3.450522621499964,-0.9729492781073532),(7.305256733043414,-1.5080491340505087,-0.8029515393641968),(8.273289082169835,-1.3426413366903198,-1.4803888802355278),(7.199359121080339,-3.450522621499964,-0.9729492781073532),(5.670405127031359,-3.6458381017776773,-0.4427703504105293),(7.305256733043414,-1.5080491340505087,-0.8029515393641968),(9.49584191653315,-0.22293430991073546,-3.2687699558403867),(9.476920729381247,1.3896391241321417,-3.3750489427227315),(9.996948195620663,0.0016784924086350656,-4.755581366149805),(9.49584191653315,-0.22293430991073546,-3.2687699558403867),(8.84153505760281,1.2474250400549318,-2.2943837751902385),(9.476920729381247,1.3896391241321417,-3.3750489427227315),(9.49584191653315,-0.22293430991073546,-3.2687699558403867),(8.87357900358587,-0.41000991836423417,-2.1585558251358),(8.84153505760281,1.2474250400549318,-2.2943837751902385),(-6.29602502479591,2.7537956816968028,-1.4650671956277757),(-7.656824597543298,2.8435187304493774,-2.049601623480673),(-7.647058823529412,2.9381246662088953,-2.053371244296866),(-6.29602502479591,2.7537956816968028,-1.4650671956277757),(-7.647058823529412,2.9381246662088953,-2.053371244296866),(-6.285343709468223,2.8499275196459903,-1.4723632359171817),(-7.785305561913481,1.171435111009383,-2.0555600563836878),(-7.656824597543298,2.8435187304493774,-2.049601623480673),(-6.29602502479591,2.7537956816968028,-1.4650671956277757),(1.050888838025483,-9.180895704585339,-2.8113082296946414),(1.1192492561226828,-8.540321965362022,-2.0110542106183122),(1.1363393606469836,-8.540321965362022,-2.0115406133042724),(1.0670634012359823,-9.181200885023271,-2.812281035066562),(1.050888838025483,-9.180895704585339,-2.8113082296946414),(1.1363393606469836,-8.540321965362022,-2.0115406133042724),(1.0670634012359823,-9.181200885023271,-2.812281035066562),(0.9404135194934006,-9.996948195620663,-4.630089473172024),(1.050888838025483,-9.180895704585339,-2.8113082296946414),(9.491569390402077,-0.9913786526283676,-3.2758227947868126),(8.866254673075458,-1.2001220721751742,-2.1597718318507004),(8.87357900358587,-0.41000991836423417,-2.1585558251358),(9.491569390402077,-0.9913786526283676,-3.2758227947868126),(9.996948195620663,0.0016784924086350656,-4.755581366149805),(9.996948195620663,-2.5145342183566046,-4.937495970698991),(9.491569390402077,-0.9913786526283676,-3.2758227947868126),(9.49584191653315,-0.22293430991073546,-3.2687699558403867),(9.996948195620663,0.0016784924086350656,-4.755581366149805),(9.491569390402077,-0.9913786526283676,-3.2758227947868126),(8.87357900358587,-0.41000991836423417,-2.1585558251358),(9.49584191653315,-0.22293430991073546,-3.2687699558403867),(8.179903868162052,-3.2497138933394383,-1.666924310301337),(8.273289082169835,-1.3426413366903198,-1.4803888802355278),(8.866254673075458,-1.2001220721751742,-2.1597718318507004),(8.179903868162052,-3.2497138933394383,-1.666924310301337),(7.199359121080339,-3.450522621499964,-0.9729492781073532),(8.273289082169835,-1.3426413366903198,-1.4803888802355278),(-2.9637598229953457,4.45792324711986,-1.184656047171612),(-2.7632562752727545,6.215457389181353,-1.8648902034872155),(-1.5013351644159612,6.2032501716639965,-1.8079810892298502),(5.32402532997635,-6.365300984206914,-1.1845344465001217),(4.02121004043641,-6.471503776607922,-0.9200529860091602),(4.075226977950715,-6.098878461890594,-0.776442592979356),(5.32402532997635,-6.365300984206914,-1.1845344465001217),(4.075226977950715,-6.098878461890594,-0.776442592979356),(5.387808041504541,-5.992065308613719,-1.0262103722200155),(-2.9637598229953457,4.45792324711986,-1.184656047171612),(-4.583962767986572,4.493934538796063,-1.3905259840043465),(-2.7632562752727545,6.215457389181353,-1.8648902034872155),(-4.785992217898833,2.7821774624246585,-1.1080476241328507),(-6.285343709468223,2.8499275196459903,-1.4723632359171817),(-4.583962767986572,4.493934538796063,-1.3905259840043465),(-4.785992217898833,2.7821774624246585,-1.1080476241328507),(-4.583962767986572,4.493934538796063,-1.3905259840043465),(-2.9637598229953457,4.45792324711986,-1.184656047171612),(8.790264744029908,-3.0760662241550327,-2.3510496881046237),(8.179903868162052,-3.2497138933394383,-1.666924310301337),(8.866254673075458,-1.2001220721751742,-2.1597718318507004),(8.790264744029908,-3.0760662241550327,-2.3510496881046237),(8.866254673075458,-1.2001220721751742,-2.1597718318507004),(9.491569390402077,-0.9913786526283676,-3.2758227947868126),(-4.7951476310368495,2.6848249027237343,-1.0988059730996038),(-6.285343709468223,2.8499275196459903,-1.4723632359171817),(-4.785992217898833,2.7821774624246585,-1.1080476241328507),(-4.7951476310368495,2.6848249027237343,-1.0988059730996038),(-6.29602502479591,2.7537956816968028,-1.4650671956277757),(-6.285343709468223,2.8499275196459903,-1.4723632359171817),(-6.431830319676508,1.051499198901349,-1.4142381149449157),(-7.785305561913481,1.171435111009383,-2.0555600563836878),(-6.29602502479591,2.7537956816968028,-1.4650671956277757),(-6.431830319676508,1.051499198901349,-1.4142381149449157),(-6.29602502479591,2.7537956816968028,-1.4650671956277757),(-4.7951476310368495,2.6848249027237343,-1.0988059730996038),(6.844129091325249,-6.154726482032504,-1.801901055655345),(5.32402532997635,-6.365300984206914,-1.1845344465001217),(5.387808041504541,-5.992065308613719,-1.0262103722200155),(1.0856794079499505,8.036469062333104,-3.2817812276898275),(1.0691996643015191,8.036469062333104,-3.2803220196319463),(0.9260700389105059,10.,-5.637794237810459),(6.844129091325249,-6.154726482032504,-1.801901055655345),(5.387808041504541,-5.992065308613719,-1.0262103722200155),(6.909437705043107,-5.7796597238117045,-1.6308089108687782),(9.447013046463722,-2.8215457389181355,-3.4626014261956017),(9.491569390402077,-0.9913786526283676,-3.2758227947868126),(9.996948195620663,-2.5145342183566046,-4.937495970698991),(9.447013046463722,-2.8215457389181355,-3.4626014261956017),(8.790264744029908,-3.0760662241550327,-2.3510496881046237),(9.491569390402077,-0.9913786526283676,-3.2758227947868126),(-7.828336003662165,-0.4951552605477991,-2.163906254681364),(-7.785305561913481,1.171435111009383,-2.0555600563836878),(-6.431830319676508,1.051499198901349,-1.4142381149449157),(-1.6151674677653154,4.439002059967955,-1.080565872376089),(-2.9637598229953457,4.45792324711986,-1.184656047171612),(-1.5013351644159612,6.2032501716639965,-1.8079810892298502),(-7.818570229648279,-1.2898451209277502,-2.2425818891354576),(-9.069810025177388,-1.0478370336461449,-3.547235493552709),(-9.076523994811932,-0.2766460669871067,-3.4246620166906916),(-7.818570229648279,-1.2898451209277502,-2.2425818891354576),(-9.076523994811932,-0.2766460669871067,-3.4246620166906916),(-7.828336003662165,-0.4951552605477991,-2.163906254681364),(-3.108110170138094,2.7309071488517587,-0.8663054892105374),(-4.785992217898833,2.7821774624246585,-1.1080476241328507),(-2.9637598229953457,4.45792324711986,-1.184656047171612),(4.845807583733884,-8.40665293354696,-2.6421616956519167),(3.616845960173954,-8.485999847409781,-2.3026526208515654),(3.721828030823226,-8.061188677805752,-1.8922503545724876),(-3.108110170138094,2.7309071488517587,-0.8663054892105374),(-4.7951476310368495,2.6848249027237343,-1.0988059730996038),(-4.785992217898833,2.7821774624246585,-1.1080476241328507),(4.845807583733884,-8.40665293354696,-2.6421616956519167),(3.721828030823226,-8.061188677805752,-1.8922503545724876),(4.970321202410927,-7.9720759899290465,-2.218504956180418),(-3.108110170138094,2.7309071488517587,-0.8663054892105374),(-2.9637598229953457,4.45792324711986,-1.184656047171612),(-1.6151674677653154,4.439002059967955,-1.080565872376089),(7.867093919279775,-5.937438010223547,-2.5188586147609575),(6.844129091325249,-6.154726482032504,-1.801901055655345),(6.909437705043107,-5.7796597238117045,-1.6308089108687782),(7.867093919279775,-5.937438010223547,-2.5188586147609575),(6.909437705043107,-5.7796597238117045,-1.6308089108687782),(7.924773022049289,-5.560540169375145,-2.346428862588),(-3.114518959334706,2.632639047837033,-0.8553614287764285),(-4.7951476310368495,2.6848249027237343,-1.0988059730996038),(-3.108110170138094,2.7309071488517587,-0.8663054892105374),(4.615396353093767,-9.08628976882582,-3.5072288726324667),(3.4218356603341746,-9.142442969405664,-3.1553165293401264),(3.616845960173954,-8.485999847409781,-2.3026526208515654),(4.615396353093767,-9.08628976882582,-3.5072288726324667),(3.616845960173954,-8.485999847409781,-2.3026526208515654),(4.845807583733884,-8.40665293354696,-2.6421616956519167),(-4.915693904020752,0.9584191653315011,-1.0144151070854759),(-6.431830319676508,1.051499198901349,-1.4142381149449157),(-4.7951476310368495,2.6848249027237343,-1.0988059730996038),(-4.915693904020752,0.9584191653315011,-1.0144151070854759),(-4.7951476310368495,2.6848249027237343,-1.0988059730996038),(-3.114518959334706,2.632639047837033,-0.8553614287764285),(8.535133897917145,-5.7494468604562465,-3.1877839086279818),(7.867093919279775,-5.937438010223547,-2.5188586147609575),(7.924773022049289,-5.560540169375145,-2.346428862588),(8.535133897917145,-5.7494468604562465,-3.1877839086279818),(7.924773022049289,-5.560540169375145,-2.346428862588),(8.58213168535897,-5.371023117418176,-3.0204613846576085),(1.2043945983062494,6.1992828259708554,-1.829261206740617),(1.1860837720302133,6.1992828259708554,-1.828531602711676),(1.0691996643015191,8.036469062333104,-3.2803220196319463),(1.2043945983062494,6.1992828259708554,-1.829261206740617),(1.0691996643015191,8.036469062333104,-3.2803220196319463),(1.0856794079499505,8.036469062333104,-3.2817812276898275),(6.3533989471274905,-8.24887464713512,-3.301602137142713),(4.845807583733884,-8.40665293354696,-2.6421616956519167),(4.970321202410927,-7.9720759899290465,-2.218504956180418),(6.3533989471274905,-8.24887464713512,-3.301602137142713),(4.970321202410927,-7.9720759899290465,-2.218504956180418),(6.480964370183872,-7.794460975051501,-2.8762429882703535),(-6.477302204928664,-0.649576562142367,-1.4656751989852264),(-7.828336003662165,-0.4951552605477991,-2.163906254681364),(-6.431830319676508,1.051499198901349,-1.4142381149449157),(-6.477302204928664,-0.649576562142367,-1.4656751989852264),(-6.431830319676508,1.051499198901349,-1.4142381149449157),(-4.915693904020752,0.9584191653315011,-1.0144151070854759),(9.297779812314031,-5.4729533836881075,-4.234157686800269),(9.996948195620663,-4.755779354543375,-5.453690821174452),(9.996948195620663,-6.936903944457161,-6.315109978010301),(-1.6972610055695423,2.7034409094377043,-0.73120714318504),(-3.108110170138094,2.7309071488517587,-0.8663054892105374),(-1.6151674677653154,4.439002059967955,-1.080565872376089),(9.297779812314031,-5.4729533836881075,-4.234157686800269),(9.325246051728085,-5.092393377584498,-4.081792045423176),(9.996948195620663,-4.755779354543375,-5.453690821174452),(-1.6972610055695423,2.7034409094377043,-0.73120714318504),(-3.114518959334706,2.632639047837033,-0.8553614287764285),(-3.108110170138094,2.7309071488517587,-0.8663054892105374),(9.297779812314031,-5.4729533836881075,-4.234157686800269),(8.535133897917145,-5.7494468604562465,-3.1877839086279818),(8.58213168535897,-5.371023117418176,-3.0204613846576085),(9.297779812314031,-5.4729533836881075,-4.234157686800269),(8.58213168535897,-5.371023117418176,-3.0204613846576085),(9.325246051728085,-5.092393377584498,-4.081792045423176),(7.547264820325018,-7.6113527122911435,-3.576419654710333),(6.844129091325249,-6.154726482032504,-1.801901055655345),(7.867093919279775,-5.937438010223547,-2.5188586147609575),(-6.46692607003891,-1.4610513466086832,-1.5151666722816963),(-7.828336003662165,-0.4951552605477991,-2.163906254681364),(-6.477302204928664,-0.649576562142367,-1.4656751989852264),(7.547264820325018,-7.6113527122911435,-3.576419654710333),(6.480964370183872,-7.794460975051501,-2.8762429882703535),(6.844129091325249,-6.154726482032504,-1.801901055655345),(-6.46692607003891,-1.4610513466086832,-1.5151666722816963),(-7.818570229648279,-1.2898451209277502,-2.2425818891354576),(-7.828336003662165,-0.4951552605477991,-2.163906254681364),(7.547264820325018,-7.6113527122911435,-3.576419654710333),(6.3533989471274905,-8.24887464713512,-3.301602137142713),(6.480964370183872,-7.794460975051501,-2.8762429882703535),(6.116884107728696,-8.974288548104068,-4.152320434887432),(5.685358968490122,-9.996948195620663,-5.907990929861455),(4.615396353093767,-9.08628976882582,-3.5072288726324667),(6.116884107728696,-8.974288548104068,-4.152320434887432),(4.615396353093767,-9.08628976882582,-3.5072288726324667),(4.845807583733884,-8.40665293354696,-2.6421616956519167),(6.116884107728696,-8.974288548104068,-4.152320434887432),(4.845807583733884,-8.40665293354696,-2.6421616956519167),(6.3533989471274905,-8.24887464713512,-3.301602137142713),(-1.7009231708247499,2.6042572671091775,-0.7188038746930497),(-3.114518959334706,2.632639047837033,-0.8553614287764285),(-1.6972610055695423,2.7034409094377043,-0.73120714318504),(7.434958419165334,-8.085908293278404,-3.98621391763196),(6.3533989471274905,-8.24887464713512,-3.301602137142713),(7.547264820325018,-7.6113527122911435,-3.576419654710333),(8.182650492103457,-7.944609750514992,-4.58704283546453),(7.547264820325018,-7.6113527122911435,-3.576419654710333),(8.274204623483637,-7.4523537041275665,-4.199987898111551),(-7.717250324254215,-3.1749446860456265,-2.497700097921681),(-7.818570229648279,-1.2898451209277502,-2.2425818891354576),(-6.46692607003891,-1.4610513466086832,-1.5151666722816963),(8.182650492103457,-7.944609750514992,-4.58704283546453),(7.434958419165334,-8.085908293278404,-3.98621391763196),(7.547264820325018,-7.6113527122911435,-3.576419654710333),(7.226520180056461,-8.858625162127108,-4.794371980355145),(6.116884107728696,-8.974288548104068,-4.152320434887432),(6.3533989471274905,-8.24887464713512,-3.301602137142713),(-3.2002746623941403,0.8863965819790938,-0.7444616163774599),(-3.114518959334706,2.632639047837033,-0.8553614287764285),(-1.7009231708247499,2.6042572671091775,-0.7188038746930497),(7.226520180056461,-8.858625162127108,-4.794371980355145),(6.3533989471274905,-8.24887464713512,-3.301602137142713),(7.434958419165334,-8.085908293278404,-3.98621391763196),(-3.2002746623941403,0.8863965819790938,-0.7444616163774599),(-4.915693904020752,0.9584191653315011,-1.0144151070854759),(-3.114518959334706,2.632639047837033,-0.8553614287764285),(7.226520180056461,-8.858625162127108,-4.794371980355145),(7.434958419165334,-8.085908293278404,-3.98621391763196),(8.182650492103457,-7.944609750514992,-4.58704283546453),(8.01266498817426,-8.758220798046848,-5.343520612804425),(7.226520180056461,-8.858625162127108,-4.794371980355145),(8.182650492103457,-7.944609750514992,-4.58704283546453),(-4.955672541390097,-0.7704280155642027,-1.0277911809493863),(-6.477302204928664,-0.649576562142367,-1.4656751989852264),(-4.915693904020752,0.9584191653315011,-1.0144151070854759),(-4.955672541390097,-0.7704280155642027,-1.0277911809493863),(-4.915693904020752,0.9584191653315011,-1.0144151070854759),(-3.2002746623941403,0.8863965819790938,-0.7444616163774599),(8.01266498817426,-8.758220798046848,-5.343520612804425),(7.702906843671321,-9.996948195620663,-6.849909731223748),(7.226520180056461,-8.858625162127108,-4.794371980355145),(1.2770275425345243,4.42923628595407,-0.995810204347491),(-1.6151674677653154,4.439002059967955,-1.080565872376089),(-1.5013351644159612,6.2032501716639965,-1.8079810892298502),(9.091783016708632,-7.7370870527199225,-5.484212589718467),(8.182650492103457,-7.944609750514992,-4.58704283546453),(8.274204623483637,-7.4523537041275665,-4.199987898111551),(9.091783016708632,-7.7370870527199225,-5.484212589718467),(9.14518959334707,-7.21889066910811,-5.142028300145333),(9.996948195620663,-6.936903944457161,-6.315109978010301),(9.091783016708632,-7.7370870527199225,-5.484212589718467),(9.996948195620663,-6.936903944457161,-6.315109978010301),(9.996948195620663,-8.432288090333412,-7.114999195072159),(9.091783016708632,-7.7370870527199225,-5.484212589718467),(8.274204623483637,-7.4523537041275665,-4.199987898111551),(9.14518959334707,-7.21889066910811,-5.142028300145333),(1.2770275425345243,4.42923628595407,-0.995810204347491),(-1.5013351644159612,6.2032501716639965,-1.8079810892298502),(1.1860837720302133,6.1992828259708554,-1.828531602711676),(8.992599374380104,-8.610818646524761,-6.146328245982046),(9.091783016708632,-7.7370870527199225,-5.484212589718467),(9.996948195620663,-8.432288090333412,-7.114999195072159),(1.2968642710002296,4.42923628595407,-0.9959318050189814),(1.1860837720302133,6.1992828259708554,-1.828531602711676),(1.2043945983062494,6.1992828259708554,-1.829261206740617),(8.992599374380104,-8.610818646524761,-6.146328245982046),(9.996948195620663,-8.432288090333412,-7.114999195072159),(9.996948195620663,-9.996948195620663,-8.13),(1.2968642710002296,4.42923628595407,-0.9959318050189814),(1.2770275425345243,4.42923628595407,-0.995810204347491),(1.1860837720302133,6.1992828259708554,-1.828531602711676),(8.992599374380104,-8.610818646524761,-6.146328245982046),(8.01266498817426,-8.758220798046848,-5.343520612804425),(8.182650492103457,-7.944609750514992,-4.58704283546453),(8.992599374380104,-8.610818646524761,-6.146328245982046),(8.182650492103457,-7.944609750514992,-4.58704283546453),(9.091783016708632,-7.7370870527199225,-5.484212589718467),(-8.816510261692224,-5.156481269550623,-4.425557143725681),(-10.,-5.138780804150456,-6.6326093312709435),(-9.002059967956054,-2.884107728694591,-3.891243793198194),(-8.349584191653316,8.139925230792706,-3.697777124857449),(-9.168688487067978,8.16281376363775,-3.9097270952646888),(-8.198214694438086,9.05516136415656,-4.016006082147033),(4.677347981994355,8.066071564812695,-3.789828833175453),(3.474326695658809,8.0517280842298,-3.5679076077060254),(4.1948577096208135,10.,-5.936931889676098),(-7.719996948195621,7.222858014801251,-3.178785458937715),(-8.349584191653316,8.139925230792706,-3.697777124857449),(-6.7440299076829175,8.102388036926833,-3.3966938622479694),(-7.719996948195621,7.222858014801251,-3.178785458937715),(-8.608377203021286,6.383306630045014,-3.283605237762179),(-8.349584191653316,8.139925230792706,-3.697777124857449),(-4.946517128252079,-1.595330739299612,-1.055637734720619),(-6.46692607003891,-1.4610513466086832,-1.5151666722816963),(-6.477302204928664,-0.649576562142367,-1.4656751989852264),(-7.719996948195621,7.222858014801251,-3.178785458937715),(-7.1303883421072705,6.317998016327153,-2.6241647962713817),(-8.608377203021286,6.383306630045014,-3.283605237762179),(-4.946517128252079,-1.595330739299612,-1.055637734720619),(-6.477302204928664,-0.649576562142367,-1.4656751989852264),(-4.955672541390097,-0.7704280155642027,-1.0277911809493863),(-8.019989318684672,5.492179751277943,-2.731051786511177),(-7.1303883421072705,6.317998016327153,-2.6241647962713817),(-7.430991073472191,4.606851300831616,-2.2153433387216754),(-8.019989318684672,5.492179751277943,-2.731051786511177),(-7.430991073472191,4.606851300831616,-2.2153433387216754),(-8.810101472495614,4.699931334401464,-3.1031498412708745),(-8.774395361257342,-5.53612573434043,-4.529282516506734),(-10.,-5.138780804150456,-6.6326093312709435),(-8.816510261692224,-5.156481269550623,-4.425557143725681),(-8.019989318684672,5.492179751277943,-2.731051786511177),(-8.608377203021286,6.383306630045014,-3.283605237762179),(-7.1303883421072705,6.317998016327153,-2.6241647962713817),(-8.019989318684672,5.492179751277943,-2.731051786511177),(-8.810101472495614,4.699931334401464,-3.1031498412708745),(-8.608377203021286,6.383306630045014,-3.283605237762179),(-9.476310368505379,3.942778667887388,-3.7613742760467703),(-10.,3.2259098191805897,-4.743542899672285),(-10.,6.4672312504768446,-4.290458797700183),(-9.476310368505379,3.942778667887388,-3.7613742760467703),(-10.,6.4672312504768446,-4.290458797700183),(-8.810101472495614,4.699931334401464,-3.1031498412708745),(-1.7497520408941782,0.8461127641718158,-0.5847999347109626),(-3.2002746623941403,0.8863965819790938,-0.7444616163774599),(-1.7009231708247499,2.6042572671091775,-0.7188038746930497),(-9.304188601510644,3.6504158083466844,-3.530211399544096),(-9.476310368505379,3.942778667887388,-3.7613742760467703),(-8.810101472495614,4.699931334401464,-3.1031498412708745),(-9.304188601510644,3.6504158083466844,-3.530211399544096),(-8.954757000076295,3.064469367513542,-3.093786589566137),(-8.961470969710842,2.9716945143816274,-3.09731300903935),(-9.304188601510644,3.6504158083466844,-3.530211399544096),(-8.961470969710842,2.9716945143816274,-3.09731300903935),(-10.,3.2259098191805897,-4.743542899672285),(-9.304188601510644,3.6504158083466844,-3.530211399544096),(-10.,3.2259098191805897,-4.743542899672285),(-9.476310368505379,3.942778667887388,-3.7613742760467703),(-3.037308308537422,9.005416952773327,-4.026342139223693),(-4.233920805676355,8.692301823453118,-3.690359483896554),(-4.372472724498359,9.014267185473411,-3.9778234712991436),(-3.037308308537422,9.005416952773327,-4.026342139223693),(-2.1901274128328367,10.,-5.250617699785989),(-2.5056839856565185,8.044098573281453,-3.127226774225914),(-3.037308308537422,9.005416952773327,-4.026342139223693),(-3.941252765697718,8.05783169298848,-3.1520333112098933),(-4.233920805676355,8.692301823453118,-3.690359483896554),(-3.037308308537422,9.005416952773327,-4.026342139223693),(-2.5056839856565185,8.044098573281453,-3.127226774225914),(-3.941252765697718,8.05783169298848,-3.1520333112098933),(-8.245517662317845,3.819790951400015,-2.5377067188419224),(-9.304188601510644,3.6504158083466844,-3.530211399544096),(-8.810101472495614,4.699931334401464,-3.1031498412708745),(-6.359807736324101,-3.381551842526895,-1.6987836862317427),(-6.46692607003891,-1.4610513466086832,-1.5151666722816963),(-4.946517128252079,-1.595330739299612,-1.055637734720619),(-8.245517662317845,3.819790951400015,-2.5377067188419224),(-8.810101472495614,4.699931334401464,-3.1031498412708745),(-7.430991073472191,4.606851300831616,-2.2153433387216754),(-6.359807736324101,-3.381551842526895,-1.6987836862317427),(-7.717250324254215,-3.1749446860456265,-2.497700097921681),(-6.46692607003891,-1.4610513466086832,-1.5151666722816963),(-8.245517662317845,3.819790951400015,-2.5377067188419224),(-8.954757000076295,3.064469367513542,-3.093786589566137),(-9.304188601510644,3.6504158083466844,-3.530211399544096),(-8.245517662317845,3.819790951400015,-2.5377067188419224),(-7.430991073472191,4.606851300831616,-2.2153433387216754),(-7.647058823529412,2.9381246662088953,-2.053371244296866),(-8.245517662317845,3.819790951400015,-2.5377067188419224),(-7.647058823529412,2.9381246662088953,-2.053371244296866),(-8.954757000076295,3.064469367513542,-3.093786589566137),(-3.22896162355993,-0.8647287708857876,-0.7288967304267281),(-4.946517128252079,-1.595330739299612,-1.055637734720619),(-4.955672541390097,-0.7704280155642027,-1.0277911809493863),(-3.3879606317235056,7.126115815976196,-2.4435877991085873),(-2.7632562752727545,6.215457389181353,-1.8648902034872155),(-4.30258640421149,6.239566643778133,-2.006919787787649),(-3.3879606317235056,7.126115815976196,-2.4435877991085873),(-3.941252765697718,8.05783169298848,-3.1520333112098933),(-2.5056839856565185,8.044098573281453,-3.127226774225914),(-3.22896162355993,-0.8647287708857876,-0.7288967304267281),(-3.2002746623941403,0.8863965819790938,-0.7444616163774599),(-1.7497520408941782,0.8461127641718158,-0.5847999347109626),(-3.3879606317235056,7.126115815976196,-2.4435877991085873),(-4.30258640421149,6.239566643778133,-2.006919787787649),(-3.941252765697718,8.05783169298848,-3.1520333112098933),(-8.404821850919356,2.075684748607614,-2.5228714369201306),(-7.656824597543298,2.8435187304493774,-2.049601623480673),(-7.785305561913481,1.171435111009383,-2.0555600563836878),(-8.404821850919356,2.075684748607614,-2.5228714369201306),(-7.785305561913481,1.171435111009383,-2.0555600563836878),(-9.047837033646143,1.3420309758144504,-3.2176976738145457),(-8.404821850919356,2.075684748607614,-2.5228714369201306),(-8.961470969710842,2.9716945143816274,-3.09731300903935),(-7.656824597543298,2.8435187304493774,-2.049601623480673),(-3.22896162355993,-0.8647287708857876,-0.7288967304267281),(-4.955672541390097,-0.7704280155642027,-1.0277911809493863),(-3.2002746623941403,0.8863965819790938,-0.7444616163774599),(-8.404821850919356,2.075684748607614,-2.5228714369201306),(-9.047837033646143,1.3420309758144504,-3.2176976738145457),(-8.961470969710842,2.9716945143816274,-3.09731300903935),(-9.581597619592584,0.2696269169146253,-4.243642539176495),(-10.,-0.7402151522087442,-5.623810160589098),(-10.,3.2259098191805897,-4.743542899672285),(-9.581597619592584,0.2696269169146253,-4.243642539176495),(-9.076523994811932,-0.2766460669871067,-3.4246620166906916),(-9.069810025177388,-1.0478370336461449,-3.547235493552709),(-9.581597619592584,0.2696269169146253,-4.243642539176495),(-9.047837033646143,1.3420309758144504,-3.2176976738145457),(-9.076523994811932,-0.2766460669871067,-3.4246620166906916),(-9.581597619592584,0.2696269169146253,-4.243642539176495),(-10.,3.2259098191805897,-4.743542899672285),(-9.047837033646143,1.3420309758144504,-3.2176976738145457),(-9.581597619592584,0.2696269169146253,-4.243642539176495),(-9.069810025177388,-1.0478370336461449,-3.547235493552709),(-10.,-0.7402151522087442,-5.623810160589098),(-2.037232013427939,7.11238269626917,-2.390205104324435),(-1.5013351644159612,6.2032501716639965,-1.8079810892298502),(-2.7632562752727545,6.215457389181353,-1.8648902034872155),(1.3426413366903198,2.6845197222858004,-0.5569533809397308),(-1.6151674677653154,4.439002059967955,-1.080565872376089),(1.2770275425345243,4.42923628595407,-0.995810204347491),(-2.037232013427939,7.11238269626917,-2.390205104324435),(-1.3545433737697403,8.03768978408484,-3.1447372709204875),(-1.5013351644159612,6.2032501716639965,-1.8079810892298502),(-2.037232013427939,7.11238269626917,-2.390205104324435),(-3.3879606317235056,7.126115815976196,-2.4435877991085873),(-2.5056839856565185,8.044098573281453,-3.127226774225914),(1.3426413366903198,2.6845197222858004,-0.5569533809397308),(-1.6972610055695423,2.7034409094377043,-0.73120714318504),(-1.6151674677653154,4.439002059967955,-1.080565872376089),(-2.037232013427939,7.11238269626917,-2.390205104324435),(-2.7632562752727545,6.215457389181353,-1.8648902034872155),(-3.3879606317235056,7.126115815976196,-2.4435877991085873),(-2.037232013427939,7.11238269626917,-2.390205104324435),(-2.5056839856565185,8.044098573281453,-3.127226774225914),(-1.3545433737697403,8.03768978408484,-3.1447372709204875),(-0.1335164415960935,8.997177080949111,-4.219930408235927),(-2.1901274128328367,10.,-5.250617699785989),(0.9260700389105059,10.,-5.637794237810459),(-0.1335164415960935,8.997177080949111,-4.219930408235927),(-1.3545433737697403,8.03768978408484,-3.1447372709204875),(-2.1901274128328367,10.,-5.250617699785989),(-0.1335164415960935,8.997177080949111,-4.219930408235927),(0.9260700389105059,10.,-5.637794237810459),(1.0691996643015191,8.036469062333104,-3.2803220196319463),(-8.479896238651103,0.42923628595406993,-2.6306096318603567),(-9.047837033646143,1.3420309758144504,-3.2176976738145457),(-7.785305561913481,1.171435111009383,-2.0555600563836878),(1.3630884260318927,2.6845197222858004,-0.55634537758228),(1.3426413366903198,2.6845197222858004,-0.5569533809397308),(1.2770275425345243,4.42923628595407,-0.995810204347491),(-8.479896238651103,0.42923628595406993,-2.6306096318603567),(-9.076523994811932,-0.2766460669871067,-3.4246620166906916),(-9.047837033646143,1.3420309758144504,-3.2176976738145457),(-8.479896238651103,0.42923628595406993,-2.6306096318603567),(-7.785305561913481,1.171435111009383,-2.0555600563836878),(-7.828336003662165,-0.4951552605477991,-2.163906254681364),(-8.479896238651103,0.42923628595406993,-2.6306096318603567),(-7.828336003662165,-0.4951552605477991,-2.163906254681364),(-9.076523994811932,-0.2766460669871067,-3.4246620166906916),(1.3630884260318927,2.6845197222858004,-0.55634537758228),(1.2770275425345243,4.42923628595407,-0.995810204347491),(1.2968642710002296,4.42923628595407,-0.9959318050189814),(-0.15060654612039254,7.104448004882887,-2.4001763593866228),(-1.5013351644159612,6.2032501716639965,-1.8079810892298502),(-1.3545433737697403,8.03768978408484,-3.1447372709204875),(-0.15060654612039254,7.104448004882887,-2.4001763593866228),(1.0691996643015191,8.036469062333104,-3.2803220196319463),(1.1860837720302133,6.1992828259708554,-1.828531602711676),(-0.15060654612039254,7.104448004882887,-2.4001763593866228),(-0.1335164415960935,8.997177080949111,-4.219930408235927),(1.0691996643015191,8.036469062333104,-3.2803220196319463),(-0.15060654612039254,7.104448004882887,-2.4001763593866228),(-1.3545433737697403,8.03768978408484,-3.1447372709204875),(-0.1335164415960935,8.997177080949111,-4.219930408235927),(1.345387960631724,2.584725719081406,-0.540050887602607),(-1.6972610055695423,2.7034409094377043,-0.73120714318504),(1.3426413366903198,2.6845197222858004,-0.5569533809397308),(-0.15060654612039254,7.104448004882887,-2.4001763593866228),(1.1860837720302133,6.1992828259708554,-1.828531602711676),(-1.5013351644159612,6.2032501716639965,-1.8079810892298502),(-9.564812695506218,-1.8046845197222865,-4.660246439701568),(-10.,-5.138780804150456,-6.6326093312709435),(-10.,-0.7402151522087442,-5.623810160589098),(-9.564812695506218,-1.8046845197222865,-4.660246439701568),(-9.002059967956054,-2.884107728694591,-3.891243793198194),(-10.,-5.138780804150456,-6.6326093312709435),(1.345387960631724,2.584725719081406,-0.540050887602607),(-1.7009231708247499,2.6042572671091775,-0.7188038746930497),(-1.6972610055695423,2.7034409094377043,-0.73120714318504),(-9.564812695506218,-1.8046845197222865,-4.660246439701568),(-10.,-0.7402151522087442,-5.623810160589098),(-9.069810025177388,-1.0478370336461449,-3.547235493552709),(2.12970168612192,9.001144426642252,-4.448174868622838),(0.9260700389105059,10.,-5.637794237810459),(4.1948577096208135,10.,-5.936931889676098),(2.12970168612192,9.001144426642252,-4.448174868622838),(1.0856794079499505,8.036469062333104,-3.2817812276898275),(0.9260700389105059,10.,-5.637794237810459),(1.3661402304112307,2.584725719081406,-0.5393212835736667),(1.3426413366903198,2.6845197222858004,-0.5569533809397308),(1.3630884260318927,2.6845197222858004,-0.55634537758228),(2.12970168612192,9.001144426642252,-4.448174868622838),(4.1948577096208135,10.,-5.936931889676098),(3.474326695658809,8.0517280842298,-3.5679076077060254),(-8.448462653543908,-2.107423514152744,-2.9535810153380555),(-9.069810025177388,-1.0478370336461449,-3.547235493552709),(-7.818570229648279,-1.2898451209277502,-2.2425818891354576),(1.3661402304112307,2.584725719081406,-0.5393212835736667),(1.345387960631724,2.584725719081406,-0.540050887602607),(1.3426413366903198,2.6845197222858004,-0.5569533809397308),(-8.448462653543908,-2.107423514152744,-2.9535810153380555),(-7.717250324254215,-3.1749446860456265,-2.497700097921681),(-9.002059967956054,-2.884107728694591,-3.891243793198194),(-8.448462653543908,-2.107423514152744,-2.9535810153380555),(-9.002059967956054,-2.884107728694591,-3.891243793198194),(-9.564812695506218,-1.8046845197222865,-4.660246439701568),(-8.448462653543908,-2.107423514152744,-2.9535810153380555),(-9.564812695506218,-1.8046845197222865,-4.660246439701568),(-9.069810025177388,-1.0478370336461449,-3.547235493552709),(-8.448462653543908,-2.107423514152744,-2.9535810153380555),(-7.818570229648279,-1.2898451209277502,-2.2425818891354576),(-7.717250324254215,-3.1749446860456265,-2.497700097921681),(2.401312275883118,7.1136034180209045,-2.570417299472759),(1.2043945983062494,6.1992828259708554,-1.829261206740617),(1.0856794079499505,8.036469062333104,-3.2817812276898275),(2.401312275883118,7.1136034180209045,-2.570417299472759),(1.0856794079499505,8.036469062333104,-3.2817812276898275),(2.12970168612192,9.001144426642252,-4.448174868622838),(2.401312275883118,7.1136034180209045,-2.570417299472759),(2.12970168612192,9.001144426642252,-4.448174868622838),(3.474326695658809,8.0517280842298,-3.5679076077060254),(2.401312275883118,7.1136034180209045,-2.570417299472759),(3.474326695658809,8.0517280842298,-3.5679076077060254),(3.807583733882659,6.224307621881437,-2.081217798068098),(-8.28946364538033,-4.183566033417259,-3.3496344023813016),(-7.717250324254215,-3.1749446860456265,-2.497700097921681),(-7.440451667048142,-5.472037842374306,-2.994317240287238),(-8.28946364538033,-4.183566033417259,-3.3496344023813016),(-9.002059967956054,-2.884107728694591,-3.891243793198194),(-7.717250324254215,-3.1749446860456265,-2.497700097921681),(-8.28946364538033,-4.183566033417259,-3.3496344023813016),(-8.816510261692224,-5.156481269550623,-4.425557143725681),(-9.002059967956054,-2.884107728694591,-3.891243793198194),(-8.28946364538033,-4.183566033417259,-3.3496344023813016),(-7.440451667048142,-5.472037842374306,-2.994317240287238),(-8.816510261692224,-5.156481269550623,-4.425557143725681),(5.186388952468147,9.02098115510796,-4.883140470542916),(4.1948577096208135,10.,-5.936931889676098),(6.846265354390784,10.,-6.076407859875239),(5.186388952468147,9.02098115510796,-4.883140470542916),(6.846265354390784,10.,-6.076407859875239),(6.180666819256887,8.09048599984741,-4.165210106065382),(5.186388952468147,9.02098115510796,-4.883140470542916),(6.180666819256887,8.09048599984741,-4.165210106065382),(4.677347981994355,8.066071564812695,-3.789828833175453),(5.186388952468147,9.02098115510796,-4.883140470542916),(4.677347981994355,8.066071564812695,-3.789828833175453),(4.1948577096208135,10.,-5.936931889676098),(2.6124971389333953,5.3188372625314715,-1.4161837256887566),(3.807583733882659,6.224307621881437,-2.081217798068098),(4.066987106126499,4.461890592813,-1.1562014900429294),(2.6124971389333953,5.3188372625314715,-1.4161837256887566),(1.2043945983062494,6.1992828259708554,-1.829261206740617),(2.401312275883118,7.1136034180209045,-2.570417299472759),(2.6124971389333953,5.3188372625314715,-1.4161837256887566),(2.401312275883118,7.1136034180209045,-2.570417299472759),(3.807583733882659,6.224307621881437,-2.081217798068098),(2.6124971389333953,5.3188372625314715,-1.4161837256887566),(1.2968642710002296,4.42923628595407,-0.9959318050189814),(1.2043945983062494,6.1992828259708554,-1.829261206740617),(-3.222247653925383,-1.700617990386818,-0.7406919955612675),(-4.946517128252079,-1.595330739299612,-1.055637734720619),(-3.22896162355993,-0.8647287708857876,-0.7288967304267281),(-9.34905012588693,-6.2273594262607785,-5.698351372212528),(-10.,-7.485923552300301,-6.989142500079908),(-10.,-5.138780804150456,-6.6326093312709435),(-9.34905012588693,-6.2273594262607785,-5.698351372212528),(-8.54184786755169,-7.2713817044327484,-5.07599913552621),(-10.,-7.485923552300301,-6.989142500079908),(-9.34905012588693,-6.2273594262607785,-5.698351372212528),(-10.,-5.138780804150456,-6.6326093312709435),(-8.774395361257342,-5.53612573434043,-4.529282516506734),(5.64171816586557,7.161821927214465,-3.1959311536178183),(5.071641107804991,6.248722056916151,-2.3410784330424357),(4.677347981994355,8.066071564812695,-3.789828833175453),(5.64171816586557,7.161821927214465,-3.1959311536178183),(4.677347981994355,8.066071564812695,-3.789828833175453),(6.180666819256887,8.09048599984741,-4.165210106065382),(5.64171816586557,7.161821927214465,-3.1959311536178183),(6.584725719081409,6.2914473182269015,-2.848031632484651),(5.071641107804991,6.248722056916151,-2.3410784330424357),(5.071641107804991,6.248722056916151,-2.3410784330424357),(3.807583733882659,6.224307621881437,-2.081217798068098),(3.474326695658809,8.0517280842298,-3.5679076077060254),(5.64171816586557,7.161821927214465,-3.1959311536178183),(6.180666819256887,8.09048599984741,-4.165210106065382),(6.584725719081409,6.2914473182269015,-2.848031632484651),(2.7711909666590384,3.567101548790722,-0.749812045923025),(1.3661402304112307,2.584725719081406,-0.5393212835736667),(1.3630884260318927,2.6845197222858004,-0.55634537758228),(5.071641107804991,6.248722056916151,-2.3410784330424357),(3.474326695658809,8.0517280842298,-3.5679076077060254),(4.677347981994355,8.066071564812695,-3.789828833175453),(2.7711909666590384,3.567101548790722,-0.749812045923025),(1.3630884260318927,2.6845197222858004,-0.55634537758228),(1.2968642710002296,4.42923628595407,-0.9959318050189814),(-7.377889677271687,-5.848935683222708,-3.106068257386637),(-8.774395361257342,-5.53612573434043,-4.529282516506734),(-8.816510261692224,-5.156481269550623,-4.425557143725681),(2.7711909666590384,3.567101548790722,-0.749812045923025),(1.2968642710002296,4.42923628595407,-0.9959318050189814),(2.6124971389333953,5.3188372625314715,-1.4161837256887566),(2.7711909666590384,3.567101548790722,-0.749812045923025),(4.066987106126499,4.461890592813,-1.1562014900429294),(4.253452353704129,2.724193179217212,-0.6105792770668631),(2.7711909666590384,3.567101548790722,-0.749812045923025),(2.6124971389333953,5.3188372625314715,-1.4161837256887566),(4.066987106126499,4.461890592813,-1.1562014900429294),(2.7711909666590384,3.567101548790722,-0.749812045923025),(4.2616922255283445,2.624704356450751,-0.5878399514982148),(1.3661402304112307,2.584725719081406,-0.5393212835736667),(2.7711909666590384,3.567101548790722,-0.749812045923025),(4.253452353704129,2.724193179217212,-0.6105792770668631),(4.2616922255283445,2.624704356450751,-0.5878399514982148),(-7.377889677271687,-5.848935683222708,-3.106068257386637),(-8.816510261692224,-5.156481269550623,-4.425557143725681),(-7.440451667048142,-5.472037842374306,-2.994317240287238),(-7.954985885404746,-6.561837186236364,-4.029382156010945),(-8.774395361257342,-5.53612573434043,-4.529282516506734),(-7.377889677271687,-5.848935683222708,-3.106068257386637),(-7.954985885404746,-6.561837186236364,-4.029382156010945),(-7.377889677271687,-5.848935683222708,-3.106068257386637),(-7.03089951934081,-7.5347524223697295,-3.7757231552826016),(-7.954985885404746,-6.561837186236364,-4.029382156010945),(-7.03089951934081,-7.5347524223697295,-3.7757231552826016),(-8.54184786755169,-7.2713817044327484,-5.07599913552621),(-7.954985885404746,-6.561837186236364,-4.029382156010945),(-8.54184786755169,-7.2713817044327484,-5.07599913552621),(-9.34905012588693,-6.2273594262607785,-5.698351372212528),(-7.954985885404746,-6.561837186236364,-4.029382156010945),(-9.34905012588693,-6.2273594262607785,-5.698351372212528),(-8.774395361257342,-5.53612573434043,-4.529282516506734),(-9.18974593728542,-8.092622262912949,-6.173566796395828),(-10.,-7.485923552300301,-6.989142500079908),(-8.54184786755169,-7.2713817044327484,-5.07599913552621),(-4.851911192492561,-3.5442130159456795,-1.1813728290413792),(-4.946517128252079,-1.595330739299612,-1.055637734720619),(-3.222247653925383,-1.700617990386818,-0.7406919955612675),(-9.18974593728542,-8.092622262912949,-6.173566796395828),(-8.54184786755169,-7.2713817044327484,-5.07599913552621),(-8.460059510185397,-7.783169298847945,-5.265331381036292),(-4.851911192492561,-3.5442130159456795,-1.1813728290413792),(-6.359807736324101,-3.381551842526895,-1.6987836862317427),(-4.946517128252079,-1.595330739299612,-1.055637734720619),(-9.18974593728542,-8.092622262912949,-6.173566796395828),(-8.460059510185397,-7.783169298847945,-5.265331381036292),(-8.308690012970168,-8.643472953383691,-5.620526942458866),(-9.069810025177388,-9.267566948958574,-6.486810126154318),(-9.18974593728542,-8.092622262912949,-6.173566796395828),(-8.308690012970168,-8.643472953383691,-5.620526942458866),(-1.7662317845426097,-0.9184405279621588,-0.5490493372928741),(-3.22896162355993,-0.8647287708857876,-0.7288967304267281),(-1.7497520408941782,0.8461127641718158,-0.5847999347109626),(-9.069810025177388,-9.267566948958574,-6.486810126154318),(-10.,-9.996948195620663,-7.130199279008422),(-10.,-7.485923552300301,-6.989142500079908),(-9.069810025177388,-9.267566948958574,-6.486810126154318),(-10.,-7.485923552300301,-6.989142500079908),(-9.18974593728542,-8.092622262912949,-6.173566796395828),(-1.7662317845426097,-0.9184405279621588,-0.5490493372928741),(-3.222247653925383,-1.700617990386818,-0.7406919955612675),(-3.22896162355993,-0.8647287708857876,-0.7288967304267281),(8.69718471046006,8.14877546349279,-5.115276152417511),(8.05844205386435,8.13168535896849,-4.829879376430254),(8.919966430151828,9.065232318608379,-5.675368845300899),(9.019150072480356,8.157930876630807,-5.272019417968248),(8.69718471046006,8.14877546349279,-5.115276152417511),(8.919966430151828,9.065232318608379,-5.675368845300899),(-7.315632867933165,-9.372549019607847,-5.467431697052833),(-10.,-9.996948195620663,-7.130199279008422),(-9.069810025177388,-9.267566948958574,-6.486810126154318),(-7.315632867933165,-9.372549019607847,-5.467431697052833),(-6.271000228885328,-9.996948195620663,-5.653480724432682),(-10.,-9.996948195620663,-7.130199279008422),(-7.315632867933165,-9.372549019607847,-5.467431697052833),(-6.683299000534065,-8.80979629205768,-4.559074681021808),(-6.271000228885328,-9.996948195620663,-5.653480724432682),(-7.315632867933165,-9.372549019607847,-5.467431697052833),(-9.069810025177388,-9.267566948958574,-6.486810126154318),(-8.308690012970168,-8.643472953383691,-5.620526942458866),(-7.315632867933165,-9.372549019607847,-5.467431697052833),(-8.308690012970168,-8.643472953383691,-5.620526942458866),(-6.683299000534065,-8.80979629205768,-4.559074681021808),(9.13664454108492,6.985122453650721,-4.79814160117134),(8.05844205386435,8.13168535896849,-4.829879376430254),(8.69718471046006,8.14877546349279,-5.115276152417511),(9.13664454108492,6.985122453650721,-4.79814160117134),(8.69718471046006,8.14877546349279,-5.115276152417511),(9.019150072480356,8.157930876630807,-5.272019417968248),(9.13664454108492,6.985122453650721,-4.79814160117134),(8.34897383077745,6.364995803768978,-3.8625460347265306),(8.05844205386435,8.13168535896849,-4.829879376430254),(7.282673380636305,8.11306935225452,-4.525512895690541),(6.180666819256887,8.09048599984741,-4.165210106065382),(6.846265354390784,10.,-6.076407859875239),(9.554131380178532,7.295490959029527,-5.259251347461786),(9.13664454108492,6.985122453650721,-4.79814160117134),(9.019150072480356,8.157930876630807,-5.272019417968248),(-4.370336461432822,-9.510185397116045,-4.250695378122922),(-5.266346227206836,-8.928206301976047,-3.868747668972526),(-3.884184023804074,-9.021591515983825,-3.377967358838494),(-1.7622644388494682,-1.7610437170977349,-0.5516029513941667),(-3.222247653925383,-1.700617990386818,-0.7406919955612675),(-1.7662317845426097,-0.9184405279621588,-0.5490493372928741),(-4.370336461432822,-9.510185397116045,-4.250695378122922),(-3.498435950255588,-9.996948195620663,-4.895178937020436),(-6.271000228885328,-9.996948195620663,-5.653480724432682),(-4.370336461432822,-9.510185397116045,-4.250695378122922),(-6.271000228885328,-9.996948195620663,-5.653480724432682),(-5.266346227206836,-8.928206301976047,-3.868747668972526),(-4.370336461432822,-9.510185397116045,-4.250695378122922),(-3.884184023804074,-9.021591515983825,-3.377967358838494),(-3.498435950255588,-9.996948195620663,-4.895178937020436),(-6.067139696345465,-5.696650644693676,-2.1348436941952316),(-7.717250324254215,-3.1749446860456265,-2.497700097921681),(-6.359807736324101,-3.381551842526895,-1.6987836862317427),(-6.067139696345465,-5.696650644693676,-2.1348436941952316),(-7.440451667048142,-5.472037842374306,-2.994317240287238),(-7.717250324254215,-3.1749446860456265,-2.497700097921681),(9.69756618600748,3.918364232852674,-4.41254587187624),(9.996948195620663,3.135881589990081,-4.970084950658336),(9.416189822232399,3.1059739070725563,-3.6503528629763116),(-0.6105134660868226,-7.588464179446099,-1.374109893353183),(-1.4634927901121537,-8.056610971236747,-1.786944173062063),(-1.5953307392996103,-6.467841611352713,-1.0337496138524012),(1.3844510566872668,0.8140688181887527,-0.3375857695715949),(-1.7497520408941782,0.8461127641718158,-0.5847999347109626),(-1.7009231708247499,2.6042572671091775,-0.7188038746930497),(1.3844510566872668,0.8140688181887527,-0.3375857695715949),(1.345387960631724,2.584725719081406,-0.540050887602607),(1.3661402304112307,2.584725719081406,-0.5393212835736667),(-0.16159304188601345,-7.341268024719619,-1.2018017418517157),(1.1561760891126887,-8.122224765392541,-1.6371321457862633),(-0.6105134660868226,-7.588464179446099,-1.374109893353183),(-0.16159304188601345,-7.341268024719619,-1.2018017418517157),(-0.6105134660868226,-7.588464179446099,-1.374109893353183),(-1.5953307392996103,-6.467841611352713,-1.0337496138524012),(1.3844510566872668,0.8140688181887527,-0.3375857695715949),(-1.7009231708247499,2.6042572671091775,-0.7188038746930497),(1.345387960631724,2.584725719081406,-0.540050887602607),(1.405813687342643,0.8140688181887527,-0.33636976285669423),(1.3844510566872668,0.8140688181887527,-0.3375857695715949),(1.3661402304112307,2.584725719081406,-0.5393212835736667),(0.3010605020218209,-7.084916456855117,-1.0498009024890944),(-1.618829633020523,-6.095826657511256,-0.9329426571871109),(1.2800793469138645,-6.1730373083085395,-0.684026082646882),(0.3010605020218209,-7.084916456855117,-1.0498009024890944),(-0.16159304188601345,-7.341268024719619,-1.2018017418517157),(-1.5953307392996103,-6.467841611352713,-1.0337496138524012),(0.3010605020218209,-7.084916456855117,-1.0498009024890944),(1.2800793469138645,-6.1730373083085395,-0.684026082646882),(1.2611581597619606,-6.544747081712063,-0.7991819185480045),(0.3010605020218209,-7.084916456855117,-1.0498009024890944),(1.1561760891126887,-8.122224765392541,-1.6371321457862633),(-0.16159304188601345,-7.341268024719619,-1.2018017418517157),(0.3010605020218209,-7.084916456855117,-1.0498009024890944),(1.2611581597619606,-6.544747081712063,-0.7991819185480045),(1.1561760891126887,-8.122224765392541,-1.6371321457862633),(0.3010605020218209,-7.084916456855117,-1.0498009024890944),(-1.5953307392996103,-6.467841611352713,-1.0337496138524012),(-1.618829633020523,-6.095826657511256,-0.9329426571871109),(-1.7924773022049285,-9.589227130540934,-3.6936427020267866),(-1.1750972762645906,-9.996948195620663,-4.584246020020258),(-3.498435950255588,-9.996948195620663,-4.895178937020436),(-1.7924773022049285,-9.589227130540934,-3.6936427020267866),(-3.498435950255588,-9.996948195620663,-4.895178937020436),(-2.4650949874113066,-9.096055542839705,-3.0377286800092027),(-1.7924773022049285,-9.589227130540934,-3.6936427020267866),(-1.3316548409246953,-9.139391165026321,-2.87235176678267),(-1.1750972762645906,-9.996948195620663,-4.584246020020258),(-1.7924773022049285,-9.589227130540934,-3.6936427020267866),(-2.4650949874113066,-9.096055542839705,-3.0377286800092027),(-1.3316548409246953,-9.139391165026321,-2.87235176678267),(2.152285038529031,-7.089494163424126,-1.0232919561042526),(4.075226977950715,-6.098878461890594,-0.776442592979356),(4.02121004043641,-6.471503776607922,-0.9200529860091602),(5.378347447928589,4.495765621423666,-1.3986732289941828),(4.066987106126499,4.461890592813,-1.1562014900429294),(3.807583733882659,6.224307621881437,-2.081217798068098),(2.152285038529031,-7.089494163424126,-1.0232919561042526),(1.2996108949416358,-6.173342488746473,-0.6834180792894313),(4.075226977950715,-6.098878461890594,-0.776442592979356),(2.152285038529031,-7.089494163424126,-1.0232919561042526),(1.2803845273517982,-6.544747081712063,-0.7985739151905537),(1.2996108949416358,-6.173342488746473,-0.6834180792894313),(5.378347447928589,4.495765621423666,-1.3986732289941828),(3.807583733882659,6.224307621881437,-2.081217798068098),(5.071641107804991,6.248722056916151,-2.3410784330424357),(2.152285038529031,-7.089494163424126,-1.0232919561042526),(1.173876554512857,-8.122224765392541,-1.6373753471292438),(1.2803845273517982,-6.544747081712063,-0.7985739151905537),(-0.14480811779964825,-8.85709925993744,-2.3796258459047968),(1.1192492561226828,-8.540321965362022,-2.0110542106183122),(1.050888838025483,-9.180895704585339,-2.8113082296946414),(-0.14480811779964825,-8.85709925993744,-2.3796258459047968),(-0.6105134660868226,-7.588464179446099,-1.374109893353183),(1.1561760891126887,-8.122224765392541,-1.6371321457862633),(-0.14480811779964825,-8.85709925993744,-2.3796258459047968),(-1.4634927901121537,-8.056610971236747,-1.786944173062063),(-0.6105134660868226,-7.588464179446099,-1.374109893353183),(-0.14480811779964825,-8.85709925993744,-2.3796258459047968),(-1.4174105439841296,-8.482032501716644,-2.1298580666641374),(-1.4634927901121537,-8.056610971236747,-1.786944173062063),(-6.000915541313802,-6.071717402914476,-2.2442842985363187),(-7.377889677271687,-5.848935683222708,-3.106068257386637),(-7.440451667048142,-5.472037842374306,-2.994317240287238),(-0.14480811779964825,-8.85709925993744,-2.3796258459047968),(-1.3316548409246953,-9.139391165026321,-2.87235176678267),(-1.4174105439841296,-8.482032501716644,-2.1298580666641374),(-0.14480811779964825,-8.85709925993744,-2.3796258459047968),(1.1561760891126887,-8.122224765392541,-1.6371321457862633),(1.1192492561226828,-8.540321965362022,-2.0110542106183122),(-6.000915541313802,-6.071717402914476,-2.2442842985363187),(-7.440451667048142,-5.472037842374306,-2.994317240287238),(-6.067139696345465,-5.696650644693676,-2.1348436941952316),(4.8909742885481045,-4.896772716868851,-0.5382268775302554),(5.387808041504541,-5.992065308613719,-1.0262103722200155),(4.075226977950715,-6.098878461890594,-0.776442592979356),(4.8909742885481045,-4.896772716868851,-0.5382268775302554),(4.313878080415047,-3.7450217441062033,-0.269489393537141),(5.670405127031359,-3.6458381017776773,-0.4427703504105293),(4.8909742885481045,-4.896772716868851,-0.5382268775302554),(4.075226977950715,-6.098878461890594,-0.776442592979356),(4.313878080415047,-3.7450217441062033,-0.269489393537141),(2.5667200732433066,-7.347371633478295,-1.1840480438141612),(1.173876554512857,-8.122224765392541,-1.6373753471292438),(2.152285038529031,-7.089494163424126,-1.0232919561042526),(-3.1548027771419846,-3.6723887998779285,-0.8237452541890035),(-4.851911192492561,-3.5442130159456795,-1.1813728290413792),(-3.222247653925383,-1.700617990386818,-0.7406919955612675),(2.5667200732433066,-7.347371633478295,-1.1840480438141612),(2.152285038529031,-7.089494163424126,-1.0232919561042526),(4.02121004043641,-6.471503776607922,-0.9200529860091602),(-3.1548027771419846,-3.6723887998779285,-0.8237452541890035),(-3.222247653925383,-1.700617990386818,-0.7406919955612675),(-1.7622644388494682,-1.7610437170977349,-0.5516029513941667),(-0.1319905394064226,-9.616998550392921,-3.5859045070865605),(0.9404135194934006,-9.996948195620663,-4.630089473172024),(-1.1750972762645906,-9.996948195620663,-4.584246020020258),(-0.1319905394064226,-9.616998550392921,-3.5859045070865605),(-1.3316548409246953,-9.139391165026321,-2.87235176678267),(-0.14480811779964825,-8.85709925993744,-2.3796258459047968),(-0.1319905394064226,-9.616998550392921,-3.5859045070865605),(1.050888838025483,-9.180895704585339,-2.8113082296946414),(0.9404135194934006,-9.996948195620663,-4.630089473172024),(-0.1319905394064226,-9.616998550392921,-3.5859045070865605),(-1.1750972762645906,-9.996948195620663,-4.584246020020258),(-1.3316548409246953,-9.139391165026321,-2.87235176678267),(-0.1319905394064226,-9.616998550392921,-3.5859045070865605),(-0.14480811779964825,-8.85709925993744,-2.3796258459047968),(1.050888838025483,-9.180895704585339,-2.8113082296946414),(6.631418326085299,-4.31723506523232,-0.8981648651409433),(5.670405127031359,-3.6458381017776773,-0.4427703504105293),(7.199359121080339,-3.450522621499964,-0.9729492781073532),(-7.03089951934081,-7.5347524223697295,-3.7757231552826016),(-7.377889677271687,-5.848935683222708,-3.106068257386637),(-6.000915541313802,-6.071717402914476,-2.2442842985363187),(2.966201266498818,-7.595178149080646,-1.3809195309566284),(1.173876554512857,-8.122224765392541,-1.6373753471292438),(2.5667200732433066,-7.347371633478295,-1.1840480438141612),(2.966201266498818,-7.595178149080646,-1.3809195309566284),(3.721828030823226,-8.061188677805752,-1.8922503545724876),(3.616845960173954,-8.485999847409781,-2.3026526208515654),(2.966201266498818,-7.595178149080646,-1.3809195309566284),(2.5667200732433066,-7.347371633478295,-1.1840480438141612),(4.02121004043641,-6.471503776607922,-0.9200529860091602),(6.332341496910049,-4.745098039215687,-0.8960976537256111),(4.8909742885481045,-4.896772716868851,-0.5382268775302554),(5.670405127031359,-3.6458381017776773,-0.4427703504105293),(6.332341496910049,-4.745098039215687,-0.8960976537256111),(5.670405127031359,-3.6458381017776773,-0.4427703504105293),(6.631418326085299,-4.31723506523232,-0.8981648651409433),(6.02471961547265,-5.167467765316245,-0.9167697678789282),(5.387808041504541,-5.992065308613719,-1.0262103722200155),(4.8909742885481045,-4.896772716868851,-0.5382268775302554),(6.02471961547265,-5.167467765316245,-0.9167697678789282),(4.8909742885481045,-4.896772716868851,-0.5382268775302554),(6.332341496910049,-4.745098039215687,-0.8960976537256111),(6.02471961547265,-5.167467765316245,-0.9167697678789282),(6.332341496910049,-4.745098039215687,-0.8960976537256111),(6.909437705043107,-5.7796597238117045,-1.6308089108687782),(6.02471961547265,-5.167467765316245,-0.9167697678789282),(6.909437705043107,-5.7796597238117045,-1.6308089108687782),(5.387808041504541,-5.992065308613719,-1.0262103722200155),(4.5253681239032595,-7.248798352025635,-1.4623919808549937),(4.02121004043641,-6.471503776607922,-0.9200529860091602),(5.32402532997635,-6.365300984206914,-1.1845344465001217),(4.2616922255283445,2.624704356450751,-0.5878399514982148),(1.405813687342643,0.8140688181887527,-0.33636976285669423),(1.3661402304112307,2.584725719081406,-0.5393212835736667),(4.5253681239032595,-7.248798352025635,-1.4623919808549937),(4.970321202410927,-7.9720759899290465,-2.218504956180418),(3.721828030823226,-8.061188677805752,-1.8922503545724876),(4.5253681239032595,-7.248798352025635,-1.4623919808549937),(2.966201266498818,-7.595178149080646,-1.3809195309566284),(4.02121004043641,-6.471503776607922,-0.9200529860091602),(4.5253681239032595,-7.248798352025635,-1.4623919808549937),(3.721828030823226,-8.061188677805752,-1.8922503545724876),(2.966201266498818,-7.595178149080646,-1.3809195309566284),(-6.909132524605173,-8.0175478751812,-4.03643499495737),(-8.460059510185397,-7.783169298847945,-5.265331381036292),(-8.54184786755169,-7.2713817044327484,-5.07599913552621),(7.586327916380561,-4.528725108720532,-1.5460532428401803),(6.631418326085299,-4.31723506523232,-0.8981648651409433),(7.199359121080339,-3.450522621499964,-0.9729492781073532),(-6.909132524605173,-8.0175478751812,-4.03643499495737),(-8.308690012970168,-8.643472953383691,-5.620526942458866),(-8.460059510185397,-7.783169298847945,-5.265331381036292),(7.586327916380561,-4.528725108720532,-1.5460532428401803),(7.199359121080339,-3.450522621499964,-0.9729492781073532),(8.179903868162052,-3.2497138933394383,-1.666924310301337),(-6.909132524605173,-8.0175478751812,-4.03643499495737),(-8.54184786755169,-7.2713817044327484,-5.07599913552621),(-7.03089951934081,-7.5347524223697295,-3.7757231552826016),(7.586327916380561,-4.528725108720532,-1.5460532428401803),(7.924773022049289,-5.560540169375145,-2.346428862588),(6.909437705043107,-5.7796597238117045,-1.6308089108687782),(7.586327916380561,-4.528725108720532,-1.5460532428401803),(6.332341496910049,-4.745098039215687,-0.8960976537256111),(6.631418326085299,-4.31723506523232,-0.8981648651409433),(7.638818951705198,6.33173113603418,-3.384290593755979),(6.180666819256887,8.09048599984741,-4.165210106065382),(7.282673380636305,8.11306935225452,-4.525512895690541),(7.638818951705198,6.33173113603418,-3.384290593755979),(6.584725719081409,6.2914473182269015,-2.848031632484651),(6.180666819256887,8.09048599984741,-4.165210106065382),(7.586327916380561,-4.528725108720532,-1.5460532428401803),(6.909437705043107,-5.7796597238117045,-1.6308089108687782),(6.332341496910049,-4.745098039215687,-0.8960976537256111),(2.11718928816663,-9.619134813458459,-3.763319886790612),(3.066300450141147,-9.996948195620663,-5.015077199109672),(0.9404135194934006,-9.996948195620663,-4.630089473172024),(-4.592813000686656,-5.873655298695356,-1.5567541019313094),(-6.067139696345465,-5.696650644693676,-2.1348436941952316),(-6.359807736324101,-3.381551842526895,-1.6987836862317427),(-4.592813000686656,-5.873655298695356,-1.5567541019313094),(-4.851911192492561,-3.5442130159456795,-1.1813728290413792),(-3.1548027771419846,-3.6723887998779285,-0.8237452541890035),(5.926451514457925,-7.103837644007021,-1.9095176499240807),(4.5253681239032595,-7.248798352025635,-1.4623919808549937),(5.32402532997635,-6.365300984206914,-1.1845344465001217),(-4.592813000686656,-5.873655298695356,-1.5567541019313094),(-6.359807736324101,-3.381551842526895,-1.6987836862317427),(-4.851911192492561,-3.5442130159456795,-1.1813728290413792),(5.926451514457925,-7.103837644007021,-1.9095176499240807),(5.32402532997635,-6.365300984206914,-1.1845344465001217),(6.844129091325249,-6.154726482032504,-1.801901055655345),(5.926451514457925,-7.103837644007021,-1.9095176499240807),(4.970321202410927,-7.9720759899290465,-2.218504956180418),(4.5253681239032595,-7.248798352025635,-1.4623919808549937),(5.926451514457925,-7.103837644007021,-1.9095176499240807),(6.480964370183872,-7.794460975051501,-2.8762429882703535),(4.970321202410927,-7.9720759899290465,-2.218504956180418),(5.926451514457925,-7.103837644007021,-1.9095176499240807),(6.844129091325249,-6.154726482032504,-1.801901055655345),(6.480964370183872,-7.794460975051501,-2.8762429882703535),(9.708247501335165,-3.7972075989929053,-4.383726512733087),(9.996948195620663,-2.5145342183566046,-4.937495970698991),(9.996948195620663,-4.755779354543375,-5.453690821174452),(9.708247501335165,-3.7972075989929053,-4.383726512733087),(9.447013046463722,-2.8215457389181355,-3.4626014261956017),(9.996948195620663,-2.5145342183566046,-4.937495970698991),(1.3972686350804926,-0.9651331349660505,-0.2584237324315418),(-1.7662317845426097,-0.9184405279621588,-0.5490493372928741),(-1.7497520408941782,0.8461127641718158,-0.5847999347109626),(1.3972686350804926,-0.9651331349660505,-0.2584237324315418),(1.3844510566872668,0.8140688181887527,-0.3375857695715949),(1.405813687342643,0.8140688181887527,-0.33636976285669423),(9.708247501335165,-3.7972075989929053,-4.383726512733087),(9.996948195620663,-4.755779354543375,-5.453690821174452),(9.325246051728085,-5.092393377584498,-4.081792045423176),(1.3972686350804926,-0.9651331349660505,-0.2584237324315418),(-1.7497520408941782,0.8461127641718158,-0.5847999347109626),(1.3844510566872668,0.8140688181887527,-0.3375857695715949),(3.82711528191043,-9.58831158922713,-4.159616475176838),(5.685358968490122,-9.996948195620663,-5.907990929861455),(3.066300450141147,-9.996948195620663,-5.015077199109672),(3.82711528191043,-9.58831158922713,-4.159616475176838),(4.615396353093767,-9.08628976882582,-3.5072288726324667),(5.685358968490122,-9.996948195620663,-5.907990929861455),(3.82711528191043,-9.58831158922713,-4.159616475176838),(3.066300450141147,-9.996948195620663,-5.015077199109672),(3.4218356603341746,-9.142442969405664,-3.1553165293401264),(3.82711528191043,-9.58831158922713,-4.159616475176838),(3.4218356603341746,-9.142442969405664,-3.1553165293401264),(4.615396353093767,-9.08628976882582,-3.5072288726324667),(8.825665674830246,-6.4831006332494105,-4.111097807252291),(9.996948195620663,-6.936903944457161,-6.315109978010301),(9.14518959334707,-7.21889066910811,-5.142028300145333),(8.825665674830246,-6.4831006332494105,-4.111097807252291),(7.547264820325018,-7.6113527122911435,-3.576419654710333),(7.867093919279775,-5.937438010223547,-2.5188586147609575),(8.825665674830246,-6.4831006332494105,-4.111097807252291),(9.297779812314031,-5.4729533836881075,-4.234157686800269),(9.996948195620663,-6.936903944457161,-6.315109978010301),(8.825665674830246,-6.4831006332494105,-4.111097807252291),(7.867093919279775,-5.937438010223547,-2.5188586147609575),(8.535133897917145,-5.7494468604562465,-3.1877839086279818),(8.825665674830246,-6.4831006332494105,-4.111097807252291),(8.535133897917145,-5.7494468604562465,-3.1877839086279818),(9.297779812314031,-5.4729533836881075,-4.234157686800269),(8.825665674830246,-6.4831006332494105,-4.111097807252291),(8.274204623483637,-7.4523537041275665,-4.199987898111551),(7.547264820325018,-7.6113527122911435,-3.576419654710333),(8.825665674830246,-6.4831006332494105,-4.111097807252291),(9.14518959334707,-7.21889066910811,-5.142028300145333),(8.274204623483637,-7.4523537041275665,-4.199987898111551),(1.4189364461738005,-0.9651331349660505,-0.2569645243736604),(1.3972686350804926,-0.9651331349660505,-0.2584237324315418),(1.405813687342643,0.8140688181887527,-0.33636976285669423),(6.470283054856187,-9.47783627069505,-5.241497649424233),(7.702906843671321,-9.996948195620663,-6.849909731223748),(5.685358968490122,-9.996948195620663,-5.907990929861455),(6.470283054856187,-9.47783627069505,-5.241497649424233),(5.685358968490122,-9.996948195620663,-5.907990929861455),(6.116884107728696,-8.974288548104068,-4.152320434887432),(6.470283054856187,-9.47783627069505,-5.241497649424233),(6.116884107728696,-8.974288548104068,-4.152320434887432),(7.226520180056461,-8.858625162127108,-4.794371980355145),(6.470283054856187,-9.47783627069505,-5.241497649424233),(7.226520180056461,-8.858625162127108,-4.794371980355145),(7.702906843671321,-9.996948195620663,-6.849909731223748),(8.378881513694974,-9.348134584573131,-6.386246370832007),(8.01266498817426,-8.758220798046848,-5.343520612804425),(8.992599374380104,-8.610818646524761,-6.146328245982046),(8.378881513694974,-9.348134584573131,-6.386246370832007),(7.702906843671321,-9.996948195620663,-6.849909731223748),(8.01266498817426,-8.758220798046848,-5.343520612804425),(8.378881513694974,-9.348134584573131,-6.386246370832007),(8.992599374380104,-8.610818646524761,-6.146328245982046),(9.996948195620663,-9.996948195620663,-8.13),(8.378881513694974,-9.348134584573131,-6.386246370832007),(9.996948195620663,-9.996948195620663,-8.13),(7.702906843671321,-9.996948195620663,-6.849909731223748),(-9.036545357442588,9.530327306019684,-4.167520518823694),(-9.168688487067978,8.16281376363775,-3.9097270952646888),(-10.,10.,-4.130675515362196),(-9.036545357442588,9.530327306019684,-4.167520518823694),(-8.198214694438086,9.05516136415656,-4.016006082147033),(-9.168688487067978,8.16281376363775,-3.9097270952646888),(-1.723811703669795,-3.746852826733808,-0.6149569012405073),(-3.1548027771419846,-3.6723887998779285,-0.8237452541890035),(-1.7622644388494682,-1.7610437170977349,-0.5516029513941667),(-7.348287174792096,9.359426260776685,-4.156941260404056),(-8.349584191653316,8.139925230792706,-3.697777124857449),(-8.198214694438086,9.05516136415656,-4.016006082147033),(-7.348287174792096,9.359426260776685,-4.156941260404056),(-6.7440299076829175,8.102388036926833,-3.3966938622479694),(-8.349584191653316,8.139925230792706,-3.697777124857449),(-4.534218356603341,-6.247196154726484,-1.6610874780698124),(-6.000915541313802,-6.071717402914476,-2.2442842985363187),(-6.067139696345465,-5.696650644693676,-2.1348436941952316),(-4.534218356603341,-6.247196154726484,-1.6610874780698124),(-6.067139696345465,-5.696650644693676,-2.1348436941952316),(-4.592813000686656,-5.873655298695356,-1.5567541019313094),(-7.348287174792096,9.359426260776685,-4.156941260404056),(-8.198214694438086,9.05516136415656,-4.016006082147033),(-9.036545357442588,9.530327306019684,-4.167520518823694),(-9.624322880903334,7.299458304722667,-4.0008059982107715),(-10.,6.4672312504768446,-4.290458797700183),(-10.,10.,-4.130675515362196),(-9.624322880903334,7.299458304722667,-4.0008059982107715),(-10.,10.,-4.130675515362196),(-9.168688487067978,8.16281376363775,-3.9097270952646888),(-9.624322880903334,7.299458304722667,-4.0008059982107715),(-9.168688487067978,8.16281376363775,-3.9097270952646888),(-8.349584191653316,8.139925230792706,-3.697777124857449),(6.899671931029221,4.556801709010452,-1.9417418278689567),(5.071641107804991,6.248722056916151,-2.3410784330424357),(6.584725719081409,6.2914473182269015,-2.848031632484651),(-9.624322880903334,7.299458304722667,-4.0008059982107715),(-8.349584191653316,8.139925230792706,-3.697777124857449),(-8.608377203021286,6.383306630045014,-3.283605237762179),(-9.624322880903334,7.299458304722667,-4.0008059982107715),(-8.608377203021286,6.383306630045014,-3.283605237762179),(-10.,6.4672312504768446,-4.290458797700183),(6.899671931029221,4.556801709010452,-1.9417418278689567),(5.378347447928589,4.495765621423666,-1.3986732289941828),(5.071641107804991,6.248722056916151,-2.3410784330424357),(-6.922560463874265,9.515678644998856,-4.270151485561337),(-6.7440299076829175,8.102388036926833,-3.3966938622479694),(-7.348287174792096,9.359426260776685,-4.156941260404056),(-6.922560463874265,9.515678644998856,-4.270151485561337),(-7.348287174792096,9.359426260776685,-4.156941260404056),(-9.036545357442588,9.530327306019684,-4.167520518823694),(-6.922560463874265,9.515678644998856,-4.270151485561337),(-9.036545357442588,9.530327306019684,-4.167520518823694),(-10.,10.,-4.130675515362196),(5.598687724116886,2.7690547035934987,-0.8128011937548945),(4.066987106126499,4.461890592813,-1.1562014900429294),(5.378347447928589,4.495765621423666,-1.3986732289941828),(7.892118715190358,9.522087434195468,-5.7641373354886705),(6.846265354390784,10.,-6.076407859875239),(9.996948195620663,10.,-6.130398558016843),(7.892118715190358,9.522087434195468,-5.7641373354886705),(8.919966430151828,9.065232318608379,-5.675368845300899),(8.05844205386435,8.13168535896849,-4.829879376430254),(7.892118715190358,9.522087434195468,-5.7641373354886705),(9.996948195620663,10.,-6.130398558016843),(8.919966430151828,9.065232318608379,-5.675368845300899),(5.598687724116886,2.7690547035934987,-0.8128011937548945),(4.253452353704129,2.724193179217212,-0.6105792770668631),(4.066987106126499,4.461890592813,-1.1562014900429294),(7.892118715190358,9.522087434195468,-5.7641373354886705),(8.05844205386435,8.13168535896849,-4.829879376430254),(7.282673380636305,8.11306935225452,-4.525512895690541),(7.892118715190358,9.522087434195468,-5.7641373354886705),(7.282673380636305,8.11306935225452,-4.525512895690541),(6.846265354390784,10.,-6.076407859875239),(9.452506294346534,9.073167009994659,-5.815574419528981),(9.019150072480356,8.157930876630807,-5.272019417968248),(8.919966430151828,9.065232318608379,-5.675368845300899),(9.452506294346534,9.073167009994659,-5.815574419528981),(9.554131380178532,7.295490959029527,-5.259251347461786),(9.019150072480356,8.157930876630807,-5.272019417968248),(9.452506294346534,9.073167009994659,-5.815574419528981),(9.996948195620663,10.,-6.130398558016843),(9.554131380178532,7.295490959029527,-5.259251347461786),(5.608758678568705,2.6704814221408406,-0.7876298547564448),(4.253452353704129,2.724193179217212,-0.6105792770668631),(5.598687724116886,2.7690547035934987,-0.8128011937548945),(9.452506294346534,9.073167009994659,-5.815574419528981),(8.919966430151828,9.065232318608379,-5.675368845300899),(9.996948195620663,10.,-6.130398558016843),(9.175402456702527,4.280613412680246,-3.671876181830059),(9.416189822232399,3.1059739070725563,-3.6503528629763116),(8.737468528267339,3.004959182116426,-2.6352304573769807),(9.175402456702527,4.280613412680246,-3.671876181830059),(8.737468528267339,3.004959182116426,-2.6352304573769807),(8.574807354848556,4.665140764476997,-3.1443724689060173),(5.608758678568705,2.6704814221408406,-0.7876298547564448),(4.2616922255283445,2.624704356450751,-0.5878399514982148),(4.253452353704129,2.724193179217212,-0.6105792770668631),(9.175402456702527,4.280613412680246,-3.671876181830059),(9.320973525597012,4.7359426260776685,-4.0495678674783),(9.69756618600748,3.918364232852674,-4.41254587187624),(8.34897383077745,6.364995803768978,-3.8625460347265306),(7.638818951705198,6.33173113603418,-3.384290593755979),(7.282673380636305,8.11306935225452,-4.525512895690541),(9.175402456702527,4.280613412680246,-3.671876181830059),(9.69756618600748,3.918364232852674,-4.41254587187624),(9.416189822232399,3.1059739070725563,-3.6503528629763116),(9.175402456702527,4.280613412680246,-3.671876181830059),(8.574807354848556,4.665140764476997,-3.1443724689060173),(9.320973525597012,4.7359426260776685,-4.0495678674783),(9.827573052567331,5.158312352178226,-4.966923333199593),(9.996948195620663,10.,-6.130398558016843),(9.996948195620663,3.135881589990081,-4.970084950658336),(8.34897383077745,6.364995803768978,-3.8625460347265306),(7.282673380636305,8.11306935225452,-4.525512895690541),(8.05844205386435,8.13168535896849,-4.829879376430254),(9.827573052567331,5.158312352178226,-4.966923333199593),(9.554131380178532,7.295490959029527,-5.259251347461786),(9.996948195620663,10.,-6.130398558016843),(-6.683299000534065,-8.80979629205768,-4.559074681021808),(-8.308690012970168,-8.643472953383691,-5.620526942458866),(-6.909132524605173,-8.0175478751812,-4.03643499495737),(9.827573052567331,5.158312352178226,-4.966923333199593),(9.69756618600748,3.918364232852674,-4.41254587187624),(9.320973525597012,4.7359426260776685,-4.0495678674783),(9.827573052567331,5.158312352178226,-4.966923333199593),(9.996948195620663,3.135881589990081,-4.970084950658336),(9.69756618600748,3.918364232852674,-4.41254587187624),(1.6630807965209442,-9.118333714808884,-2.7642487698279736),(0.9404135194934006,-9.996948195620663,-4.630089473172024),(1.0670634012359823,-9.181200885023271,-2.812281035066562),(-5.634088654917219,-7.722438391699092,-2.9574722368257382),(-6.000915541313802,-6.071717402914476,-2.2442842985363187),(-4.534218356603341,-6.247196154726484,-1.6610874780698124),(1.6630807965209442,-9.118333714808884,-2.7642487698279736),(1.0670634012359823,-9.181200885023271,-2.812281035066562),(1.1363393606469836,-8.540321965362022,-2.0115406133042724),(1.6630807965209442,-9.118333714808884,-2.7642487698279736),(2.11718928816663,-9.619134813458459,-3.763319886790612),(0.9404135194934006,-9.996948195620663,-4.630089473172024),(-5.634088654917219,-7.722438391699092,-2.9574722368257382),(-7.03089951934081,-7.5347524223697295,-3.7757231552826016),(-6.000915541313802,-6.071717402914476,-2.2442842985363187),(2.2963302052338457,-8.924849317158772,-2.569444494100838),(1.6630807965209442,-9.118333714808884,-2.7642487698279736),(1.1363393606469836,-8.540321965362022,-2.0115406133042724),(2.2963302052338457,-8.924849317158772,-2.569444494100838),(1.1363393606469836,-8.540321965362022,-2.0115406133042724),(1.173876554512857,-8.122224765392541,-1.6373753471292438),(2.2963302052338457,-8.924849317158772,-2.569444494100838),(2.11718928816663,-9.619134813458459,-3.763319886790612),(1.6630807965209442,-9.118333714808884,-2.7642487698279736),(1.3945220111390864,-1.814755474174106,-0.2500332860987255),(-1.7662317845426097,-0.9184405279621588,-0.5490493372928741),(1.3972686350804926,-0.9651331349660505,-0.2584237324315418),(2.2963302052338457,-8.924849317158772,-2.569444494100838),(1.173876554512857,-8.122224765392541,-1.6373753471292438),(2.966201266498818,-7.595178149080646,-1.3809195309566284),(2.2963302052338457,-8.924849317158772,-2.569444494100838),(2.966201266498818,-7.595178149080646,-1.3809195309566284),(3.616845960173954,-8.485999847409781,-2.3026526208515654),(1.3945220111390864,-1.814755474174106,-0.2500332860987255),(-1.7622644388494682,-1.7610437170977349,-0.5516029513941667),(-1.7662317845426097,-0.9184405279621588,-0.5490493372928741),(2.8465705348287194,-9.098496986343177,-2.9315712937983474),(3.066300450141147,-9.996948195620663,-5.015077199109672),(2.11718928816663,-9.619134813458459,-3.763319886790612),(2.8465705348287194,-9.098496986343177,-2.9315712937983474),(2.11718928816663,-9.619134813458459,-3.763319886790612),(2.2963302052338457,-8.924849317158772,-2.569444494100838),(2.8465705348287194,-9.098496986343177,-2.9315712937983474),(3.616845960173954,-8.485999847409781,-2.3026526208515654),(3.4218356603341746,-9.142442969405664,-3.1553165293401264),(2.8465705348287194,-9.098496986343177,-2.9315712937983474),(3.4218356603341746,-9.142442969405664,-3.1553165293401264),(3.066300450141147,-9.996948195620663,-5.015077199109672),(2.8465705348287194,-9.098496986343177,-2.9315712937983474),(2.2963302052338457,-8.924849317158772,-2.569444494100838),(3.616845960173954,-8.485999847409781,-2.3026526208515654),(1.4158846417944624,-1.814755474174106,-0.2484524773693538),(1.3945220111390864,-1.814755474174106,-0.2500332860987255),(1.3972686350804926,-0.9651331349660505,-0.2584237324315418),(1.4158846417944624,-1.814755474174106,-0.2484524773693538),(1.3972686350804926,-0.9651331349660505,-0.2584237324315418),(1.4189364461738005,-0.9651331349660505,-0.2569645243736604),(9.190966659037157,-4.5976958876936,-3.5829860909707976),(9.325246051728085,-5.092393377584498,-4.081792045423176),(8.58213168535897,-5.371023117418176,-3.0204613846576085),(9.190966659037157,-4.5976958876936,-3.5829860909707976),(9.708247501335165,-3.7972075989929053,-4.383726512733087),(9.325246051728085,-5.092393377584498,-4.081792045423176),(4.372777904936294,0.8622873273823134,-0.29757914865135354),(1.4189364461738005,-0.9651331349660505,-0.2569645243736604),(1.405813687342643,0.8140688181887527,-0.33636976285669423),(-4.4216067750057215,9.750057221332112,-4.685904181385979),(-10.,10.,-4.130675515362196),(-2.1901274128328367,10.,-5.250617699785989),(-4.4216067750057215,9.750057221332112,-4.685904181385979),(-6.922560463874265,9.515678644998856,-4.270151485561337),(-10.,10.,-4.130675515362196),(-4.4216067750057215,9.750057221332112,-4.685904181385979),(-3.037308308537422,9.005416952773327,-4.026342139223693),(-4.372472724498359,9.014267185473411,-3.9778234712991436),(-4.4216067750057215,9.750057221332112,-4.685904181385979),(-2.1901274128328367,10.,-5.250617699785989),(-3.037308308537422,9.005416952773327,-4.026342139223693),(4.372777904936294,0.8622873273823134,-0.29757914865135354),(1.405813687342643,0.8140688181887527,-0.33636976285669423),(4.2616922255283445,2.624704356450751,-0.5878399514982148),(9.143663691157398,6.155031662470436,-4.428110757826973),(9.554131380178532,7.295490959029527,-5.259251347461786),(9.827573052567331,5.158312352178226,-4.966923333199593),(9.143663691157398,6.155031662470436,-4.428110757826973),(8.34897383077745,6.364995803768978,-3.8625460347265306),(9.13664454108492,6.985122453650721,-4.79814160117134),(9.143663691157398,6.155031662470436,-4.428110757826973),(9.13664454108492,6.985122453650721,-4.79814160117134),(9.554131380178532,7.295490959029527,-5.259251347461786),(-5.505302510109102,-8.18448157473106,-3.2538130732471044),(-7.03089951934081,-7.5347524223697295,-3.7757231552826016),(-5.634088654917219,-7.722438391699092,-2.9574722368257382),(-5.505302510109102,-8.18448157473106,-3.2538130732471044),(-6.909132524605173,-8.0175478751812,-4.03643499495737),(-7.03089951934081,-7.5347524223697295,-3.7757231552826016),(9.147325856412605,5.745174334325169,-4.24935777073653),(9.827573052567331,5.158312352178226,-4.966923333199593),(9.320973525597012,4.7359426260776685,-4.0495678674783),(9.147325856412605,5.745174334325169,-4.24935777073653),(9.143663691157398,6.155031662470436,-4.428110757826973),(9.827573052567331,5.158312352178226,-4.966923333199593),(-2.9701686121919586,-6.014038300144962,-1.1546206813135578),(-4.534218356603341,-6.247196154726484,-1.6610874780698124),(-4.592813000686656,-5.873655298695356,-1.5567541019313094),(9.147325856412605,5.745174334325169,-4.24935777073653),(8.34897383077745,6.364995803768978,-3.8625460347265306),(9.143663691157398,6.155031662470436,-4.428110757826973),(9.147325856412605,5.745174334325169,-4.24935777073653),(8.574807354848556,4.665140764476997,-3.1443724689060173),(8.34897383077745,6.364995803768978,-3.8625460347265306),(-2.9701686121919586,-6.014038300144962,-1.1546206813135578),(-3.1548027771419846,-3.6723887998779285,-0.8237452541890035),(-1.723811703669795,-3.746852826733808,-0.6149569012405073),(9.147325856412605,5.745174334325169,-4.24935777073653),(9.320973525597012,4.7359426260776685,-4.0495678674783),(8.574807354848556,4.665140764476997,-3.1443724689060173),(8.556191348134588,-4.0889600976577425,-2.3641825606255544),(8.179903868162052,-3.2497138933394383,-1.666924310301337),(8.790264744029908,-3.0760662241550327,-2.3510496881046237),(-2.9701686121919586,-6.014038300144962,-1.1546206813135578),(-4.592813000686656,-5.873655298695356,-1.5567541019313094),(-3.1548027771419846,-3.6723887998779285,-0.8237452541890035),(8.556191348134588,-4.0889600976577425,-2.3641825606255544),(9.447013046463722,-2.8215457389181355,-3.4626014261956017),(9.708247501335165,-3.7972075989929053,-4.383726512733087),(7.915922789349203,4.6157015335317,-2.564945269255704),(6.584725719081409,6.2914473182269015,-2.848031632484651),(7.638818951705198,6.33173113603418,-3.384290593755979),(8.556191348134588,-4.0889600976577425,-2.3641825606255544),(8.790264744029908,-3.0760662241550327,-2.3510496881046237),(9.447013046463722,-2.8215457389181355,-3.4626014261956017),(8.556191348134588,-4.0889600976577425,-2.3641825606255544),(7.586327916380561,-4.528725108720532,-1.5460532428401803),(8.179903868162052,-3.2497138933394383,-1.666924310301337),(7.915922789349203,4.6157015335317,-2.564945269255704),(6.899671931029221,4.556801709010452,-1.9417418278689567),(6.584725719081409,6.2914473182269015,-2.848031632484651),(8.556191348134588,-4.0889600976577425,-2.3641825606255544),(9.708247501335165,-3.7972075989929053,-4.383726512733087),(9.190966659037157,-4.5976958876936,-3.5829860909707976),(8.424963759822997,-4.594033722438393,-2.4107556178062612),(9.190966659037157,-4.5976958876936,-3.5829860909707976),(8.58213168535897,-5.371023117418176,-3.0204613846576085),(-2.9283588921950097,-6.386358434424354,-1.2551844366358682),(-4.534218356603341,-6.247196154726484,-1.6610874780698124),(-2.9701686121919586,-6.014038300144962,-1.1546206813135578),(8.424963759822997,-4.594033722438393,-2.4107556178062612),(7.586327916380561,-4.528725108720532,-1.5460532428401803),(8.556191348134588,-4.0889600976577425,-2.3641825606255544),(8.424963759822997,-4.594033722438393,-2.4107556178062612),(8.58213168535897,-5.371023117418176,-3.0204613846576085),(7.924773022049289,-5.560540169375145,-2.346428862588),(8.424963759822997,-4.594033722438393,-2.4107556178062612),(7.924773022049289,-5.560540169375145,-2.346428862588),(7.586327916380561,-4.528725108720532,-1.5460532428401803),(8.424963759822997,-4.594033722438393,-2.4107556178062612),(8.556191348134588,-4.0889600976577425,-2.3641825606255544),(9.190966659037157,-4.5976958876936,-3.5829860909707976),(-5.580071717402914,8.905012588693065,-3.865221249499313),(-6.7440299076829175,8.102388036926833,-3.3966938622479694),(-6.922560463874265,9.515678644998856,-4.270151485561337),(-5.580071717402914,8.905012588693065,-3.865221249499313),(-6.922560463874265,9.515678644998856,-4.270151485561337),(-4.4216067750057215,9.750057221332112,-4.685904181385979),(-5.580071717402914,8.905012588693065,-3.865221249499313),(-4.372472724498359,9.014267185473411,-3.9778234712991436),(-4.233920805676355,8.692301823453118,-3.690359483896554),(-5.580071717402914,8.905012588693065,-3.865221249499313),(-4.4216067750057215,9.750057221332112,-4.685904181385979),(-4.372472724498359,9.014267185473411,-3.9778234712991436),(7.125810635538262,2.8526741435873957,-1.3435881248091692),(5.378347447928589,4.495765621423666,-1.3986732289941828),(6.899671931029221,4.556801709010452,-1.9417418278689567),(-6.505378805218585,7.753261615930419,-3.1607885595571807),(-6.7440299076829175,8.102388036926833,-3.3966938622479694),(-5.580071717402914,8.905012588693065,-3.865221249499313),(7.125810635538262,2.8526741435873957,-1.3435881248091692),(5.598687724116886,2.7690547035934987,-0.8128011937548945),(5.378347447928589,4.495765621423666,-1.3986732289941828),(-6.505378805218585,7.753261615930419,-3.1607885595571807),(-7.719996948195621,7.222858014801251,-3.178785458937715),(-6.7440299076829175,8.102388036926833,-3.3966938622479694),(-5.266346227206836,-8.928206301976047,-3.868747668972526),(-6.683299000534065,-8.80979629205768,-4.559074681021808),(-6.909132524605173,-8.0175478751812,-4.03643499495737),(-5.266346227206836,-8.928206301976047,-3.868747668972526),(-6.271000228885328,-9.996948195620663,-5.653480724432682),(-6.683299000534065,-8.80979629205768,-4.559074681021808),(-5.266346227206836,-8.928206301976047,-3.868747668972526),(-6.909132524605173,-8.0175478751812,-4.03643499495737),(-5.505302510109102,-8.18448157473106,-3.2538130732471044),(-6.386968795300222,7.579308766308079,-3.042592706868806),(-7.1303883421072705,6.317998016327153,-2.6241647962713817),(-7.719996948195621,7.222858014801251,-3.178785458937715),(-4.209506370641641,-7.870450904097048,-2.388016292237613),(-5.634088654917219,-7.722438391699092,-2.9574722368257382),(-4.534218356603341,-6.247196154726484,-1.6610874780698124),(-6.386968795300222,7.579308766308079,-3.042592706868806),(-7.719996948195621,7.222858014801251,-3.178785458937715),(-6.505378805218585,7.753261615930419,-3.1607885595571807),(-4.209506370641641,-7.870450904097048,-2.388016292237613),(-4.534218356603341,-6.247196154726484,-1.6610874780698124),(-2.9283588921950097,-6.386358434424354,-1.2551844366358682),(-6.386968795300222,7.579308766308079,-3.042592706868806),(-6.505378805218585,7.753261615930419,-3.1607885595571807),(-5.580071717402914,8.905012588693065,-3.865221249499313),(-5.707637140459297,7.129167620355535,-2.6762098836691433),(-6.057068741893644,4.542458228427558,-1.709849347337342),(-7.1303883421072705,6.317998016327153,-2.6241647962713817),(-5.707637140459297,7.129167620355535,-2.6762098836691433),(-4.233920805676355,8.692301823453118,-3.690359483896554),(-3.941252765697718,8.05783169298848,-3.1520333112098933),(7.136186770428016,2.7556267643244063,-1.3170791784243274),(5.608758678568705,2.6704814221408406,-0.7876298547564448),(5.598687724116886,2.7690547035934987,-0.8128011937548945),(-5.707637140459297,7.129167620355535,-2.6762098836691433),(-5.580071717402914,8.905012588693065,-3.865221249499313),(-4.233920805676355,8.692301823453118,-3.690359483896554),(-5.707637140459297,7.129167620355535,-2.6762098836691433),(-7.1303883421072705,6.317998016327153,-2.6241647962713817),(-6.386968795300222,7.579308766308079,-3.042592706868806),(-5.707637140459297,7.129167620355535,-2.6762098836691433),(-6.386968795300222,7.579308766308079,-3.042592706868806),(-5.580071717402914,8.905012588693065,-3.865221249499313),(7.136186770428016,2.7556267643244063,-1.3170791784243274),(5.598687724116886,2.7690547035934987,-0.8128011937548945),(7.125810635538262,2.8526741435873957,-1.3435881248091692),(-5.707637140459297,7.129167620355535,-2.6762098836691433),(-4.30258640421149,6.239566643778133,-2.006919787787649),(-6.057068741893644,4.542458228427558,-1.709849347337342),(-5.707637140459297,7.129167620355535,-2.6762098836691433),(-3.941252765697718,8.05783169298848,-3.1520333112098933),(-4.30258640421149,6.239566643778133,-2.006919787787649),(8.574807354848556,4.665140764476997,-3.1443724689060173),(7.638818951705198,6.33173113603418,-3.384290593755979),(8.34897383077745,6.364995803768978,-3.8625460347265306),(8.574807354848556,4.665140764476997,-3.1443724689060173),(7.915922789349203,4.6157015335317,-2.564945269255704),(7.638818951705198,6.33173113603418,-3.384290593755979),(5.739986266880295,0.9217975127794307,-0.45906484039020234),(4.372777904936294,0.8622873273823134,-0.29757914865135354),(4.2616922255283445,2.624704356450751,-0.5878399514982148),(5.739986266880295,0.9217975127794307,-0.45906484039020234),(4.2616922255283445,2.624704356450751,-0.5878399514982148),(5.608758678568705,2.6704814221408406,-0.7876298547564448),(-4.095674067292286,-8.316014343480584,-2.7049076421408063),(-5.505302510109102,-8.18448157473106,-3.2538130732471044),(-5.634088654917219,-7.722438391699092,-2.9574722368257382),(-4.095674067292286,-8.316014343480584,-2.7049076421408063),(-5.634088654917219,-7.722438391699092,-2.9574722368257382),(-4.209506370641641,-7.870450904097048,-2.388016292237613),(-1.618829633020523,-6.095826657511256,-0.9329426571871109),(-2.9283588921950097,-6.386358434424354,-1.2551844366358682),(-2.9701686121919586,-6.014038300144962,-1.1546206813135578),(-1.618829633020523,-6.095826657511256,-0.9329426571871109),(-2.9701686121919586,-6.014038300144962,-1.1546206813135578),(-1.723811703669795,-3.746852826733808,-0.6149569012405073),(4.4097047379263,-0.9080643930724055,-0.17342486305996407),(1.4158846417944624,-1.814755474174106,-0.2484524773693538),(1.4189364461738005,-0.9651331349660505,-0.2569645243736604),(4.4097047379263,-0.9080643930724055,-0.17342486305996407),(1.4189364461738005,-0.9651331349660505,-0.2569645243736604),(4.372777904936294,0.8622873273823134,-0.29757914865135354),(1.3636987869077601,-3.8155184252689414,-0.31363043728804585),(-1.723811703669795,-3.746852826733808,-0.6149569012405073),(-1.7622644388494682,-1.7610437170977349,-0.5516029513941667),(1.3636987869077601,-3.8155184252689414,-0.31363043728804585),(1.3945220111390864,-1.814755474174106,-0.2500332860987255),(1.4158846417944624,-1.814755474174106,-0.2484524773693538),(1.3636987869077601,-3.8155184252689414,-0.31363043728804585),(-1.7622644388494682,-1.7610437170977349,-0.5516029513941667),(1.3945220111390864,-1.814755474174106,-0.2500332860987255),(1.3847562371252007,-3.8155184252689414,-0.31217122923016544),(1.3636987869077601,-3.8155184252689414,-0.31363043728804585),(1.4158846417944624,-1.814755474174106,-0.2484524773693538),(-1.5953307392996103,-6.467841611352713,-1.0337496138524012),(-2.9283588921950097,-6.386358434424354,-1.2551844366358682),(-1.618829633020523,-6.095826657511256,-0.9329426571871109),(8.115205615320061,2.935072861829556,-2.001326156899105),(6.899671931029221,4.556801709010452,-1.9417418278689567),(7.915922789349203,4.6157015335317,-2.564945269255704),(8.115205615320061,2.935072861829556,-2.001326156899105),(7.125810635538262,2.8526741435873957,-1.3435881248091692),(6.899671931029221,4.556801709010452,-1.9417418278689567),(8.124361028458079,2.839551384756236,-1.975790015886184),(7.136186770428016,2.7556267643244063,-1.3170791784243274),(7.125810635538262,2.8526741435873957,-1.3435881248091692),(8.124361028458079,2.839551384756236,-1.975790015886184),(7.125810635538262,2.8526741435873957,-1.3435881248091692),(8.115205615320061,2.935072861829556,-2.001326156899105)));
#21=IFCTRIANGULATEDFACESET(#20,$,$,((1.,2.,3.),(4.,5.,6.),(7.,8.,9.),(10.,11.,12.),(13.,14.,15.),(16.,17.,18.),(19.,20.,21.),(22.,23.,24.),(25.,26.,27.),(28.,29.,30.),(31.,32.,33.),(34.,35.,36.),(37.,38.,39.),(40.,41.,42.),(43.,44.,45.),(46.,47.,48.),(49.,50.,51.),(52.,53.,54.),(55.,56.,57.),(58.,59.,60.),(61.,62.,63.),(64.,65.,66.),(67.,68.,69.),(70.,71.,72.),(73.,74.,75.),(76.,77.,78.),(79.,80.,81.),(82.,83.,84.),(85.,86.,87.),(88.,89.,90.),(91.,92.,93.),(94.,95.,96.),(97.,98.,99.),(100.,101.,102.),(103.,104.,105.),(106.,107.,108.),(109.,110.,111.),(112.,113.,114.),(115.,116.,117.),(118.,119.,120.),(121.,122.,123.),(124.,125.,126.),(127.,128.,129.),(130.,131.,132.),(133.,134.,135.),(136.,137.,138.),(139.,140.,141.),(142.,143.,144.),(145.,146.,147.),(148.,149.,150.),(151.,152.,153.),(154.,155.,156.),(157.,158.,159.),(160.,161.,162.),(163.,164.,165.),(166.,167.,168.),(169.,170.,171.),(172.,173.,174.),(175.,176.,177.),(178.,179.,180.),(181.,182.,183.),(184.,185.,186.),(187.,188.,189.),(190.,191.,192.),(193.,194.,195.),(196.,197.,198.),(199.,200.,201.),(202.,203.,204.),(205.,206.,207.),(208.,209.,210.),(211.,212.,213.),(214.,215.,216.),(217.,218.,219.),(220.,221.,222.),(223.,224.,225.),(226.,227.,228.),(229.,230.,231.),(232.,233.,234.),(235.,236.,237.),(238.,239.,240.),(241.,242.,243.),(244.,245.,246.),(247.,248.,249.),(250.,251.,252.),(253.,254.,255.),(256.,257.,258.),(259.,260.,261.),(262.,263.,264.),(265.,266.,267.),(268.,269.,270.),(271.,272.,273.),(274.,275.,276.),(277.,278.,279.),(280.,281.,282.),(283.,284.,285.),(286.,287.,288.),(289.,290.,291.),(292.,293.,294.),(295.,296.,297.),(298.,299.,300.),(301.,302.,303.),(304.,305.,306.),(307.,308.,309.),(310.,311.,312.),(313.,314.,315.),(316.,317.,318.),(319.,320.,321.),(322.,323.,324.),(325.,326.,327.),(328.,329.,330.),(331.,332.,333.),(334.,335.,336.),(337.,338.,339.),(340.,341.,342.),(343.,344.,345.),(346.,347.,348.),(349.,350.,351.),(352.,353.,354.),(355.,356.,357.),(358.,359.,360.),(361.,362.,363.),(364.,365.,366.),(367.,368.,369.),(370.,371.,372.),(373.,374.,375.),(376.,377.,378.),(379.,380.,381.),(382.,383.,384.),(385.,386.,387.),(388.,389.,390.),(391.,392.,393.),(394.,395.,396.),(397.,398.,399.),(400.,401.,402.),(403.,404.,405.),(406.,407.,408.),(409.,410.,411.),(412.,413.,414.),(415.,416.,417.),(418.,419.,420.),(421.,422.,423.),(424.,425.,426.),(427.,428.,429.),(430.,431.,432.),(433.,434.,435.),(436.,437.,438.),(439.,440.,441.),(442.,443.,444.),(445.,446.,447.),(448.,449.,450.),(451.,452.,453.),(454.,455.,456.),(457.,458.,459.),(460.,461.,462.),(463.,464.,465.),(466.,467.,468.),(469.,470.,471.),(472.,473.,474.),(475.,476.,477.),(478.,479.,480.),(481.,482.,483.),(484.,485.,486.),(487.,488.,489.),(490.,491.,492.),(493.,494.,495.),(496.,497.,498.),(499.,500.,501.),(502.,503.,504.),(505.,506.,507.),(508.,509.,510.),(511.,512.,513.),(514.,515.,516.),(517.,518.,519.),(520.,521.,522.),(523.,524.,525.),(526.,527.,528.),(529.,530.,531.),(532.,533.,534.),(535.,536.,537.),(538.,539.,540.),(541.,542.,543.),(544.,545.,546.),(547.,548.,549.),(550.,551.,552.),(553.,554.,555.),(556.,557.,558.),(559.,560.,561.),(562.,563.,564.),(565.,566.,567.),(568.,569.,570.),(571.,572.,573.),(574.,575.,576.),(577.,578.,579.),(580.,581.,582.),(583.,584.,585.),(586.,587.,588.),(589.,590.,591.),(592.,593.,594.),(595.,596.,597.),(598.,599.,600.),(601.,602.,603.),(604.,605.,606.),(607.,608.,609.),(610.,611.,612.),(613.,614.,615.),(616.,617.,618.),(619.,620.,621.),(622.,623.,624.),(625.,626.,627.),(628.,629.,630.),(631.,632.,633.),(634.,635.,636.),(637.,638.,639.),(640.,641.,642.),(643.,644.,645.),(646.,647.,648.),(649.,650.,651.),(652.,653.,654.),(655.,656.,657.),(658.,659.,660.),(661.,662.,663.),(664.,665.,666.),(667.,668.,669.),(670.,671.,672.),(673.,674.,675.),(676.,677.,678.),(679.,680.,681.),(682.,683.,684.),(685.,686.,687.),(688.,689.,690.),(691.,692.,693.),(694.,695.,696.),(697.,698.,699.),(700.,701.,702.),(703.,704.,705.),(706.,707.,708.),(709.,710.,711.),(712.,713.,714.),(715.,716.,717.),(718.,719.,720.),(721.,722.,723.),(724.,725.,726.),(727.,728.,729.),(730.,731.,732.),(733.,734.,735.),(736.,737.,738.),(739.,740.,741.),(742.,743.,744.),(745.,746.,747.),(748.,749.,750.),(751.,752.,753.),(754.,755.,756.),(757.,758.,759.),(760.,761.,762.),(763.,764.,765.),(766.,767.,768.),(769.,770.,771.),(772.,773.,774.),(775.,776.,777.),(778.,779.,780.),(781.,782.,783.),(784.,785.,786.),(787.,788.,789.),(790.,791.,792.),(793.,794.,795.),(796.,797.,798.),(799.,800.,801.),(802.,803.,804.),(805.,806.,807.),(808.,809.,810.),(811.,812.,813.),(814.,815.,816.),(817.,818.,819.),(820.,821.,822.),(823.,824.,825.),(826.,827.,828.),(829.,830.,831.),(832.,833.,834.),(835.,836.,837.),(838.,839.,840.),(841.,842.,843.),(844.,845.,846.),(847.,848.,849.),(850.,851.,852.),(853.,854.,855.),(856.,857.,858.),(859.,860.,861.),(862.,863.,864.),(865.,866.,867.),(868.,869.,870.),(871.,872.,873.),(874.,875.,876.),(877.,878.,879.),(880.,881.,882.),(883.,884.,885.),(886.,887.,888.),(889.,890.,891.),(892.,893.,894.),(895.,896.,897.),(898.,899.,900.),(901.,902.,903.),(904.,905.,906.),(907.,908.,909.),(910.,911.,912.),(913.,914.,915.),(916.,917.,918.),(919.,920.,921.),(922.,923.,924.),(925.,926.,927.),(928.,929.,930.),(931.,932.,933.),(934.,935.,936.),(937.,938.,939.),(940.,941.,942.),(943.,944.,945.),(946.,947.,948.),(949.,950.,951.),(952.,953.,954.),(955.,956.,957.),(958.,959.,960.),(961.,962.,963.),(964.,965.,966.),(967.,968.,969.),(970.,971.,972.),(973.,974.,975.),(976.,977.,978.),(979.,980.,981.),(982.,983.,984.),(985.,986.,987.),(988.,989.,990.),(991.,992.,993.),(994.,995.,996.),(997.,998.,999.),(1000.,1001.,1002.),(1003.,1004.,1005.),(1006.,1007.,1008.),(1009.,1010.,1011.),(1012.,1013.,1014.),(1015.,1016.,1017.),(1018.,1019.,1020.),(1021.,1022.,1023.),(1024.,1025.,1026.),(1027.,1028.,1029.),(1030.,1031.,1032.),(1033.,1034.,1035.),(1036.,1037.,1038.),(1039.,1040.,1041.),(1042.,1043.,1044.),(1045.,1046.,1047.),(1048.,1049.,1050.),(1051.,1052.,1053.),(1054.,1055.,1056.),(1057.,1058.,1059.),(1060.,1061.,1062.),(1063.,1064.,1065.),(1066.,1067.,1068.),(1069.,1070.,1071.),(1072.,1073.,1074.),(1075.,1076.,1077.),(1078.,1079.,1080.),(1081.,1082.,1083.),(1084.,1085.,1086.),(1087.,1088.,1089.),(1090.,1091.,1092.),(1093.,1094.,1095.),(1096.,1097.,1098.),(1099.,1100.,1101.),(1102.,1103.,1104.),(1105.,1106.,1107.),(1108.,1109.,1110.),(1111.,1112.,1113.),(1114.,1115.,1116.),(1117.,1118.,1119.),(1120.,1121.,1122.),(1123.,1124.,1125.),(1126.,1127.,1128.),(1129.,1130.,1131.),(1132.,1133.,1134.),(1135.,1136.,1137.),(1138.,1139.,1140.),(1141.,1142.,1143.),(1144.,1145.,1146.),(1147.,1148.,1149.),(1150.,1151.,1152.),(1153.,1154.,1155.),(1156.,1157.,1158.),(1159.,1160.,1161.),(1162.,1163.,1164.),(1165.,1166.,1167.),(1168.,1169.,1170.),(1171.,1172.,1173.),(1174.,1175.,1176.),(1177.,1178.,1179.),(1180.,1181.,1182.),(1183.,1184.,1185.),(1186.,1187.,1188.),(1189.,1190.,1191.),(1192.,1193.,1194.),(1195.,1196.,1197.),(1198.,1199.,1200.),(1201.,1202.,1203.),(1204.,1205.,1206.),(1207.,1208.,1209.),(1210.,1211.,1212.),(1213.,1214.,1215.),(1216.,1217.,1218.),(1219.,1220.,1221.),(1222.,1223.,1224.),(1225.,1226.,1227.),(1228.,1229.,1230.),(1231.,1232.,1233.),(1234.,1235.,1236.),(1237.,1238.,1239.),(1240.,1241.,1242.),(1243.,1244.,1245.),(1246.,1247.,1248.),(1249.,1250.,1251.),(1252.,1253.,1254.),(1255.,1256.,1257.),(1258.,1259.,1260.),(1261.,1262.,1263.),(1264.,1265.,1266.),(1267.,1268.,1269.),(1270.,1271.,1272.),(1273.,1274.,1275.),(1276.,1277.,1278.),(1279.,1280.,1281.),(1282.,1283.,1284.),(1285.,1286.,1287.),(1288.,1289.,1290.),(1291.,1292.,1293.),(1294.,1295.,1296.),(1297.,1298.,1299.),(1300.,1301.,1302.),(1303.,1304.,1305.),(1306.,1307.,1308.),(1309.,1310.,1311.),(1312.,1313.,1314.),(1315.,1316.,1317.),(1318.,1319.,1320.),(1321.,1322.,1323.),(1324.,1325.,1326.),(1327.,1328.,1329.),(1330.,1331.,1332.),(1333.,1334.,1335.),(1336.,1337.,1338.),(1339.,1340.,1341.),(1342.,1343.,1344.),(1345.,1346.,1347.),(1348.,1349.,1350.),(1351.,1352.,1353.),(1354.,1355.,1356.),(1357.,1358.,1359.),(1360.,1361.,1362.),(1363.,1364.,1365.),(1366.,1367.,1368.),(1369.,1370.,1371.),(1372.,1373.,1374.),(1375.,1376.,1377.),(1378.,1379.,1380.),(1381.,1382.,1383.),(1384.,1385.,1386.),(1387.,1388.,1389.),(1390.,1391.,1392.),(1393.,1394.,1395.),(1396.,1397.,1398.),(1399.,1400.,1401.),(1402.,1403.,1404.),(1405.,1406.,1407.),(1408.,1409.,1410.),(1411.,1412.,1413.),(1414.,1415.,1416.),(1417.,1418.,1419.),(1420.,1421.,1422.),(1423.,1424.,1425.),(1426.,1427.,1428.),(1429.,1430.,1431.),(1432.,1433.,1434.),(1435.,1436.,1437.),(1438.,1439.,1440.),(1441.,1442.,1443.),(1444.,1445.,1446.),(1447.,1448.,1449.),(1450.,1451.,1452.),(1453.,1454.,1455.),(1456.,1457.,1458.),(1459.,1460.,1461.),(1462.,1463.,1464.),(1465.,1466.,1467.),(1468.,1469.,1470.),(1471.,1472.,1473.),(1474.,1475.,1476.),(1477.,1478.,1479.),(1480.,1481.,1482.),(1483.,1484.,1485.),(1486.,1487.,1488.),(1489.,1490.,1491.),(1492.,1493.,1494.),(1495.,1496.,1497.),(1498.,1499.,1500.),(1501.,1502.,1503.),(1504.,1505.,1506.),(1507.,1508.,1509.),(1510.,1511.,1512.),(1513.,1514.,1515.),(1516.,1517.,1518.),(1519.,1520.,1521.),(1522.,1523.,1524.),(1525.,1526.,1527.),(1528.,1529.,1530.),(1531.,1532.,1533.),(1534.,1535.,1536.),(1537.,1538.,1539.),(1540.,1541.,1542.),(1543.,1544.,1545.),(1546.,1547.,1548.),(1549.,1550.,1551.),(1552.,1553.,1554.),(1555.,1556.,1557.),(1558.,1559.,1560.),(1561.,1562.,1563.),(1564.,1565.,1566.),(1567.,1568.,1569.),(1570.,1571.,1572.),(1573.,1574.,1575.),(1576.,1577.,1578.),(1579.,1580.,1581.),(1582.,1583.,1584.),(1585.,1586.,1587.),(1588.,1589.,1590.),(1591.,1592.,1593.),(1594.,1595.,1596.),(1597.,1598.,1599.),(1600.,1601.,1602.),(1603.,1604.,1605.),(1606.,1607.,1608.),(1609.,1610.,1611.),(1612.,1613.,1614.),(1615.,1616.,1617.),(1618.,1619.,1620.),(1621.,1622.,1623.),(1624.,1625.,1626.),(1627.,1628.,1629.),(1630.,1631.,1632.),(1633.,1634.,1635.),(1636.,1637.,1638.),(1639.,1640.,1641.),(1642.,1643.,1644.),(1645.,1646.,1647.),(1648.,1649.,1650.),(1651.,1652.,1653.),(1654.,1655.,1656.),(1657.,1658.,1659.),(1660.,1661.,1662.),(1663.,1664.,1665.),(1666.,1667.,1668.),(1669.,1670.,1671.),(1672.,1673.,1674.),(1675.,1676.,1677.),(1678.,1679.,1680.),(1681.,1682.,1683.),(1684.,1685.,1686.),(1687.,1688.,1689.),(1690.,1691.,1692.),(1693.,1694.,1695.),(1696.,1697.,1698.),(1699.,1700.,1701.),(1702.,1703.,1704.),(1705.,1706.,1707.),(1708.,1709.,1710.)),$);
#22=IFCCOLOURRGB($,0.15000000596046448,0.25,0.05000000074505806);
#23=IFCSURFACESTYLERENDERING(#22,$,$,$,$,$,$,$,$);
#24=IFCSURFACESTYLE($,$,(#23));
#25=IFCSTYLEDITEM(#21,(#24),$);
#26=IFCSHAPEREPRESENTATION(#13,'Body','Tessellation',(#21));
#27=IFCPRODUCTDEFINITIONSHAPE($,$,(#26));
#28=IFCSITE('0GNruBn012euT0V4j1zNbY',#5,'IfcSite',$,$,#18,#27,$,$,$,$,$,$,$);
#29=IFCBUILDING('2jWpdEGtXELBaNxJ1N9CgR',#5,'IfcBuilding',$,$,#18,$,$,$,$,$,$);
#30=IFCBUILDINGSTOREY('1Agjabhsz6Uvu0DKU3PINg',#5,'IfcBuildingStorey',$,$,#18,$,$,$,$);
#31=IFCCARTESIANPOINTLIST3D(((4.99847409781033,0.18,0.),(4.99847409781033,0.18,2.999496452277409),(3.9285114824139793,0.18,1.9996795605401692),(-5.,0.18,2.999496452277409),(0.4990463111314565,0.18,1.9996795605401692),(4.99847409781033,0.18,2.999496452277409),(4.99847409781033,0.18,0.),(0.4990463111314565,0.18,0.39990844586861973),(-5.,0.18,0.),(0.4990463111314565,0.18,1.9996795605401692),(0.4990463111314565,0.18,0.39990844586861973),(2.068894483863585,0.18,1.9996795605401692),(3.9285114824139793,0.18,1.9996795605401692),(4.99847409781033,0.18,2.999496452277409),(2.068894483863585,0.18,1.9996795605401692),(2.068894483863585,0.18,1.9996795605401692),(4.99847409781033,0.18,2.999496452277409),(0.4990463111314565,0.18,1.9996795605401692),(2.068894483863585,0.18,1.9996795605401692),(0.4990463111314565,0.18,0.39990844586861973),(2.068894483863585,0.18,0.39990844586861973),(2.068894483863585,0.18,0.39990844586861973),(4.99847409781033,0.18,0.),(3.9285114824139793,0.18,0.39990844586861973),(0.4990463111314565,0.18,0.39990844586861973),(4.99847409781033,0.18,0.),(2.068894483863585,0.18,0.39990844586861973),(4.99847409781033,0.18,0.),(3.9285114824139793,0.18,1.9996795605401692),(3.9285114824139793,0.18,0.39990844586861973),(4.99847409781033,-0.1799450675211719,2.999496452277409),(4.99847409781033,-0.1799450675211719,0.),(3.9285114824139793,-0.1799450675211719,1.9996795605401692),(4.99847409781033,-0.1799450675211719,2.999496452277409),(0.4990463111314565,-0.1799450675211719,1.9996795605401692),(-5.,-0.1799450675211719,2.999496452277409),(0.4990463111314565,-0.1799450675211719,0.39990844586861973),(0.4990463111314565,-0.1799450675211719,1.9996795605401692),(2.068894483863585,-0.1799450675211719,1.9996795605401692),(-5.,-0.1799450675211719,0.),(0.4990463111314565,-0.1799450675211719,0.39990844586861973),(4.99847409781033,-0.1799450675211719,0.),(0.4990463111314565,-0.1799450675211719,1.9996795605401692),(4.99847409781033,-0.1799450675211719,2.999496452277409),(2.068894483863585,-0.1799450675211719,1.9996795605401692),(2.068894483863585,-0.1799450675211719,1.9996795605401692),(4.99847409781033,-0.1799450675211719,2.999496452277409),(3.9285114824139793,-0.1799450675211719,1.9996795605401692),(3.9285114824139793,-0.1799450675211719,1.9996795605401692),(4.99847409781033,-0.1799450675211719,0.),(3.9285114824139793,-0.1799450675211719,0.39990844586861973),(0.4990463111314565,-0.1799450675211719,0.39990844586861973),(2.068894483863585,-0.1799450675211719,1.9996795605401692),(2.068894483863585,-0.1799450675211719,0.39990844586861973),(3.9285114824139793,-0.1799450675211719,0.39990844586861973),(4.99847409781033,-0.1799450675211719,0.),(2.068894483863585,-0.1799450675211719,0.39990844586861973),(2.068894483863585,-0.1799450675211719,0.39990844586861973),(4.99847409781033,-0.1799450675211719,0.),(0.4990463111314565,-0.1799450675211719,0.39990844586861973),(3.9285114824139793,0.18,1.9996795605401692),(2.068894483863585,0.18,1.9996795605401692),(2.068894483863585,-0.1799450675211719,1.9996795605401692),(2.068894483863585,-0.1799450675211719,1.9996795605401692),(3.9285114824139793,-0.1799450675211719,1.9996795605401692),(3.9285114824139793,0.18,1.9996795605401692),(2.068894483863585,0.18,0.39990844586861973),(3.9285114824139793,0.18,0.39990844586861973),(3.9285114824139793,-0.1799450675211719,0.39990844586861973),(3.9285114824139793,-0.1799450675211719,0.39990844586861973),(2.068894483863585,-0.1799450675211719,0.39990844586861973),(2.068894483863585,0.18,0.39990844586861973),(3.9285114824139793,0.18,1.9996795605401692),(3.9285114824139793,-0.1799450675211719,1.9996795605401692),(3.9285114824139793,0.18,0.39990844586861973),(3.9285114824139793,-0.1799450675211719,1.9996795605401692),(3.9285114824139793,-0.1799450675211719,0.39990844586861973),(3.9285114824139793,0.18,0.39990844586861973),(2.068894483863585,0.18,1.9996795605401692),(2.068894483863585,0.18,0.39990844586861973),(2.068894483863585,-0.1799450675211719,1.9996795605401692),(2.068894483863585,-0.1799450675211719,1.9996795605401692),(2.068894483863585,0.18,0.39990844586861973),(2.068894483863585,-0.1799450675211719,0.39990844586861973),(-5.,0.18,0.39990844586861973),(-5.,0.18,0.),(0.4990463111314565,0.18,0.39990844586861973),(-5.,0.18,1.9996795605401692),(0.4990463111314565,0.18,1.9996795605401692),(-5.,0.18,2.999496452277409),(0.4990463111314565,-0.1799450675211719,1.9996795605401692),(-5.,-0.1799450675211719,1.9996795605401692),(-5.,-0.1799450675211719,2.999496452277409),(-5.,-0.1799450675211719,0.39990844586861973),(0.4990463111314565,-0.1799450675211719,0.39990844586861973),(-5.,-0.1799450675211719,0.),(-5.,0.18,2.999496452277409),(-5.,-0.1799450675211719,2.999496452277409),(-5.,0.18,1.9996795605401692),(-5.,-0.1799450675211719,0.),(-5.,0.18,0.39990844586861973),(-5.,-0.1799450675211719,0.39990844586861973),(-5.,0.18,0.39990844586861973),(-5.,-0.1799450675211719,0.),(-5.,0.18,0.),(-5.,-0.1799450675211719,1.9996795605401692),(-5.,0.18,1.9996795605401692),(-5.,-0.1799450675211719,2.999496452277409),(-5.,0.18,1.9996795605401692),(-5.,-0.1799450675211719,1.9996795605401692),(0.4990463111314565,0.18,1.9996795605401692),(-5.,-0.1799450675211719,1.9996795605401692),(0.4990463111314565,-0.1799450675211719,1.9996795605401692),(0.4990463111314565,0.18,1.9996795605401692),(-5.,0.18,0.39990844586861973),(0.4990463111314565,0.18,0.39990844586861973),(0.4990463111314565,-0.1799450675211719,0.39990844586861973),(-5.,0.18,0.39990844586861973),(0.4990463111314565,-0.1799450675211719,0.39990844586861973),(-5.,-0.1799450675211719,0.39990844586861973),(0.4990463111314565,0.18,1.9996795605401692),(0.4990463111314565,-0.1799450675211719,1.9996795605401692),(0.4990463111314565,0.18,0.39990844586861973),(0.4990463111314565,-0.1799450675211719,1.9996795605401692),(0.4990463111314565,-0.1799450675211719,0.39990844586861973),(0.4990463111314565,0.18,0.39990844586861973),(-5.,-0.1799450675211719,2.999496452277409),(-5.,0.18,2.999496452277409),(4.99847409781033,0.18,2.999496452277409),(4.99847409781033,0.18,2.999496452277409),(4.99847409781033,-0.1799450675211719,2.999496452277409),(-5.,-0.1799450675211719,2.999496452277409),(-5.,-0.1799450675211719,0.),(4.99847409781033,0.18,0.),(-5.,0.18,0.),(4.99847409781033,0.18,0.),(-5.,-0.1799450675211719,0.),(4.99847409781033,-0.1799450675211719,0.),(4.99847409781033,0.18,0.),(4.99847409781033,-0.1799450675211719,2.999496452277409),(4.99847409781033,0.18,2.999496452277409),(4.99847409781033,0.18,0.),(4.99847409781033,-0.1799450675211719,0.),(4.99847409781033,-0.1799450675211719,2.999496452277409)));
#32=IFCTRIANGULATEDFACESET(#31,$,$,((1.,2.,3.),(4.,5.,6.),(7.,8.,9.),(10.,11.,12.),(13.,14.,15.),(16.,17.,18.),(19.,20.,21.),(22.,23.,24.),(25.,26.,27.),(28.,29.,30.),(31.,32.,33.),(34.,35.,36.),(37.,38.,39.),(40.,41.,42.),(43.,44.,45.),(46.,47.,48.),(49.,50.,51.),(52.,53.,54.),(55.,56.,57.),(58.,59.,60.),(61.,62.,63.),(64.,65.,66.),(67.,68.,69.),(70.,71.,72.),(73.,74.,75.),(76.,77.,78.),(79.,80.,81.),(82.,83.,84.),(85.,86.,87.),(88.,89.,90.),(91.,92.,93.),(94.,95.,96.),(97.,98.,99.),(100.,101.,102.),(103.,104.,105.),(106.,107.,108.),(109.,110.,111.),(112.,113.,114.),(115.,116.,117.),(118.,119.,120.),(121.,122.,123.),(124.,125.,126.),(127.,128.,129.),(130.,131.,132.),(133.,134.,135.),(136.,137.,138.),(139.,140.,141.),(142.,143.,144.)),$);
#33=IFCCOLOURRGB($,0.75,0.7300000190734863,0.6800000071525574);
#34=IFCSURFACESTYLERENDERING(#33,$,$,$,$,$,$,$,$);
#35=IFCSURFACESTYLE($,$,(#34));
#36=IFCSTYLEDITEM(#32,(#35),$);
#37=IFCSHAPEREPRESENTATION(#13,'Body','Tessellation',(#32));
#38=IFCPRODUCTDEFINITIONSHAPE($,$,(#37));
#39=IFCWALLSTANDARDCASE('38MvAlC2H7RhTum1r0FJFg',#5,'South wall',$,$,#18,#38,$,$);
#40=IFCCARTESIANPOINTLIST3D(((-5.05,-5.22916685740444,-0.00030518043793392735),(-5.05,0.22999999999999998,-0.00030518043793392735),(5.048458838788434,0.22999999999999998,-0.00030518043793392735),(5.048458838788434,0.22999999999999998,-0.00030518043793392735),(5.048458838788434,-5.22916685740444,-0.00030518043793392735),(-5.05,-5.22916685740444,-0.00030518043793392735),(-5.05,-5.22916685740444,-2.),(5.048458838788434,0.22999999999999998,-2.),(-5.05,0.22999999999999998,-2.),(5.048458838788434,0.22999999999999998,-2.),(-5.05,-5.22916685740444,-2.),(5.048458838788434,-5.22916685740444,-2.),(-5.05,0.22999999999999998,-2.),(5.048458838788434,0.22999999999999998,-0.00030518043793392735),(-5.05,0.22999999999999998,-0.00030518043793392735),(-5.05,0.22999999999999998,-2.),(5.048458838788434,0.22999999999999998,-2.),(5.048458838788434,0.22999999999999998,-0.00030518043793392735),(5.048458838788434,0.22999999999999998,-2.),(5.048458838788434,-5.22916685740444,-0.00030518043793392735),(5.048458838788434,0.22999999999999998,-0.00030518043793392735),(5.048458838788434,0.22999999999999998,-2.),(5.048458838788434,-5.22916685740444,-2.),(5.048458838788434,-5.22916685740444,-0.00030518043793392735),(5.048458838788434,-5.22916685740444,-2.),(-5.05,-5.22916685740444,-0.00030518043793392735),(5.048458838788434,-5.22916685740444,-0.00030518043793392735),(5.048458838788434,-5.22916685740444,-2.),(-5.05,-5.22916685740444,-2.),(-5.05,-5.22916685740444,-0.00030518043793392735),(-5.05,-5.22916685740444,-2.),(-5.05,0.22999999999999998,-0.00030518043793392735),(-5.05,-5.22916685740444,-0.00030518043793392735),(-5.05,-5.22916685740444,-2.),(-5.05,0.22999999999999998,-2.),(-5.05,0.22999999999999998,-0.00030518043793392735)));
#41=IFCTRIANGULATEDFACESET(#40,$,$,((1.,2.,3.),(4.,5.,6.),(7.,8.,9.),(10.,11.,12.),(13.,14.,15.),(16.,17.,18.),(19.,20.,21.),(22.,23.,24.),(25.,26.,27.),(28.,29.,30.),(31.,32.,33.),(34.,35.,36.)),$);
#42=IFCCOLOURRGB($,0.25999999046325684,0.2199999988079071,0.18000000715255737);
#43=IFCSURFACESTYLERENDERING(#42,$,$,$,$,$,$,$,$);
#44=IFCSURFACESTYLE($,$,(#43));
#45=IFCSTYLEDITEM(#41,(#44),$);
#46=IFCSHAPEREPRESENTATION(#13,'Body','Tessellation',(#41));
#47=IFCPRODUCTDEFINITIONSHAPE($,$,(#46));
#48=IFCFOOTING('0WILkkrrn0ivmOkgqqAb$R',#5,'Footing',$,$,#18,#47,$,$);
#49=IFCROOF('3fAI7uR$P3lvo4SXaPZKKZ',#5,'Roof',$,$,$,$,$,$);
#50=IFCCARTESIANPOINTLIST3D(((-5.1000000000000005,-2.4995589529852253,5.420100486768759),(-5.1000000000000005,-2.4995589529852253,5.78000146484375),(5.0984435797665375,-2.4995589529852253,5.78000146484375),(5.0984435797665375,-2.4995589529852253,5.78000146484375),(5.0984435797665375,-2.4995589529852253,5.420100486768759),(-5.1000000000000005,-2.4995589529852253,5.420100486768759),(-5.1000000000000005,0.4,2.520547188771089),(5.0984435797665375,0.4,2.8804481668460795),(-5.1000000000000005,0.4,2.8804481668460795),(5.0984435797665375,0.4,2.8804481668460795),(-5.1000000000000005,0.4,2.520547188771089),(5.0984435797665375,0.4,2.520547188771089),(-5.1000000000000005,0.4,2.8804481668460795),(5.0984435797665375,-2.4995589529852253,5.78000146484375),(-5.1000000000000005,-2.4995589529852253,5.78000146484375),(-5.1000000000000005,0.4,2.8804481668460795),(5.0984435797665375,0.4,2.8804481668460795),(5.0984435797665375,-2.4995589529852253,5.78000146484375),(5.0984435797665375,0.4,2.8804481668460795),(5.0984435797665375,-2.4995589529852253,5.420100486768759),(5.0984435797665375,-2.4995589529852253,5.78000146484375),(5.0984435797665375,0.4,2.8804481668460795),(5.0984435797665375,0.4,2.520547188771089),(5.0984435797665375,-2.4995589529852253,5.420100486768759),(5.0984435797665375,0.4,2.520547188771089),(-5.1000000000000005,-2.4995589529852253,5.420100486768759),(5.0984435797665375,-2.4995589529852253,5.420100486768759),(5.0984435797665375,0.4,2.520547188771089),(-5.1000000000000005,0.4,2.520547188771089),(-5.1000000000000005,-2.4995589529852253,5.420100486768759),(-5.1000000000000005,0.4,2.520547188771089),(-5.1000000000000005,-2.4995589529852253,5.78000146484375),(-5.1000000000000005,-2.4995589529852253,5.420100486768759),(-5.1000000000000005,0.4,2.520547188771089),(-5.1000000000000005,0.4,2.8804481668460795),(-5.1000000000000005,-2.4995589529852253,5.78000146484375)));
#51=IFCTRIANGULATEDFACESET(#50,$,$,((1.,2.,3.),(4.,5.,6.),(7.,8.,9.),(10.,11.,12.),(13.,14.,15.),(16.,17.,18.),(19.,20.,21.),(22.,23.,24.),(25.,26.,27.),(28.,29.,30.),(31.,32.,33.),(34.,35.,36.)),$);
#52=IFCCOLOURRGB($,0.23999999463558197,0.07999999821186066,0.03999999910593033);
#53=IFCSURFACESTYLERENDERING(#52,$,$,$,$,$,$,$,$);
#54=IFCSURFACESTYLE($,$,(#53));
#55=IFCSTYLEDITEM(#51,(#54),$);
#56=IFCSHAPEREPRESENTATION(#13,'Body','Tessellation',(#51));
#57=IFCPRODUCTDEFINITIONSHAPE($,$,(#56));
#58=IFCSLAB('1OkhcYSJv5nB5Ye2gD90ix',#5,'South roof',$,$,#18,#57,$,$);
#59=IFCCARTESIANPOINTLIST3D(((5.1000000000000005,-2.500441047014775,5.420100486768759),(5.1000000000000005,-2.500441047014775,5.78000146484375),(-5.0984435797665375,-2.500441047014775,5.78000146484375),(-5.0984435797665375,-2.500441047014775,5.78000146484375),(-5.0984435797665375,-2.500441047014775,5.420100486768759),(5.1000000000000005,-2.500441047014775,5.420100486768759),(5.1000000000000005,-5.4,2.520547188771089),(-5.0984435797665375,-5.4,2.8804481668460795),(5.1000000000000005,-5.4,2.8804481668460795),(-5.0984435797665375,-5.4,2.8804481668460795),(5.1000000000000005,-5.4,2.520547188771089),(-5.0984435797665375,-5.4,2.520547188771089),(5.1000000000000005,-5.4,2.8804481668460795),(-5.0984435797665375,-2.500441047014775,5.78000146484375),(5.1000000000000005,-2.500441047014775,5.78000146484375),(5.1000000000000005,-5.4,2.8804481668460795),(-5.0984435797665375,-5.4,2.8804481668460795),(-5.0984435797665375,-2.500441047014775,5.78000146484375),(-5.0984435797665375,-5.4,2.8804481668460795),(-5.0984435797665375,-2.500441047014775,5.420100486768759),(-5.0984435797665375,-2.500441047014775,5.78000146484375),(-5.0984435797665375,-5.4,2.8804481668460795),(-5.0984435797665375,-5.4,2.520547188771089),(-5.0984435797665375,-2.500441047014775,5.420100486768759),(-5.0984435797665375,-5.4,2.520547188771089),(5.1000000000000005,-2.500441047014775,5.420100486768759),(-5.0984435797665375,-2.500441047014775,5.420100486768759),(-5.0984435797665375,-5.4,2.520547188771089),(5.1000000000000005,-5.4,2.520547188771089),(5.1000000000000005,-2.500441047014775,5.420100486768759),(5.1000000000000005,-5.4,2.520547188771089),(5.1000000000000005,-2.500441047014775,5.78000146484375),(5.1000000000000005,-2.500441047014775,5.420100486768759),(5.1000000000000005,-5.4,2.520547188771089),(5.1000000000000005,-5.4,2.8804481668460795),(5.1000000000000005,-2.500441047014775,5.78000146484375)));
#60=IFCTRIANGULATEDFACESET(#59,$,$,((1.,2.,3.),(4.,5.,6.),(7.,8.,9.),(10.,11.,12.),(13.,14.,15.),(16.,17.,18.),(19.,20.,21.),(22.,23.,24.),(25.,26.,27.),(28.,29.,30.),(31.,32.,33.),(34.,35.,36.)),$);
#61=IFCCOLOURRGB($,0.23999999463558197,0.07999999821186066,0.03999999910593033);
#62=IFCSURFACESTYLERENDERING(#61,$,$,$,$,$,$,$,$);
#63=IFCSURFACESTYLE($,$,(#62));
#64=IFCSTYLEDITEM(#60,(#63),$);
#65=IFCSHAPEREPRESENTATION(#13,'Body','Tessellation',(#60));
#66=IFCPRODUCTDEFINITIONSHAPE($,$,(#65));
#67=IFCSLAB('0ZIj0vhLbDIBzLVO1s0S3q',#5,'North roof',$,$,#18,#66,$,$);
#68=IFCCARTESIANPOINTLIST3D(((-5.,-5.179945067521172,2.999496452277409),(-5.,-4.82,2.999496452277409),(4.998474097810331,-4.82,2.999496452277409),(4.998474097810331,-4.82,2.999496452277409),(4.998474097810331,-5.179945067521172,2.999496452277409),(-5.,-5.179945067521172,2.999496452277409),(-5.,-5.179945067521172,0.),(4.998474097810331,-4.82,0.),(-5.,-4.82,0.),(4.998474097810331,-4.82,0.),(-5.,-5.179945067521172,0.),(4.998474097810331,-5.179945067521172,0.),(-5.,-4.82,0.),(4.998474097810331,-4.82,2.999496452277409),(-5.,-4.82,2.999496452277409),(-5.,-4.82,0.),(4.998474097810331,-4.82,0.),(4.998474097810331,-4.82,2.999496452277409),(4.998474097810331,-4.82,0.),(4.998474097810331,-5.179945067521172,2.999496452277409),(4.998474097810331,-4.82,2.999496452277409),(4.998474097810331,-4.82,0.),(4.998474097810331,-5.179945067521172,0.),(4.998474097810331,-5.179945067521172,2.999496452277409),(4.998474097810331,-5.179945067521172,0.),(-5.,-5.179945067521172,2.999496452277409),(4.998474097810331,-5.179945067521172,2.999496452277409),(4.998474097810331,-5.179945067521172,0.),(-5.,-5.179945067521172,0.),(-5.,-5.179945067521172,2.999496452277409),(-5.,-5.179945067521172,0.),(-5.,-4.82,2.999496452277409),(-5.,-5.179945067521172,2.999496452277409),(-5.,-5.179945067521172,0.),(-5.,-4.82,0.),(-5.,-4.82,2.999496452277409)));
#69=IFCTRIANGULATEDFACESET(#68,$,$,((1.,2.,3.),(4.,5.,6.),(7.,8.,9.),(10.,11.,12.),(13.,14.,15.),(16.,17.,18.),(19.,20.,21.),(22.,23.,24.),(25.,26.,27.),(28.,29.,30.),(31.,32.,33.),(34.,35.,36.)),$);
#70=IFCCOLOURRGB($,0.75,0.7300000190734863,0.6800000071525574);
#71=IFCSURFACESTYLERENDERING(#70,$,$,$,$,$,$,$,$);
#72=IFCSURFACESTYLE($,$,(#71));
#73=IFCSTYLEDITEM(#69,(#72),$);
#74=IFCSHAPEREPRESENTATION(#13,'Body','Tessellation',(#69));
#75=IFCPRODUCTDEFINITIONSHAPE($,$,(#74));
#76=IFCWALLSTANDARDCASE('2dSmIsY2j10OJaUd5RmL3e',#5,'North wall',$,$,#18,#75,$,$);
#77=IFCCARTESIANPOINTLIST3D(((4.999945067521172,-4.999237048905165,0.),(4.999945067521172,-4.999237048905165,2.9994659342336156),(4.999945067521172,-2.099641412985428,2.199664301518273),(4.999945067521172,-2.099641412985428,2.199664301518273),(4.999945067521172,-2.099641412985428,0.),(4.999945067521172,-4.999237048905165,0.),(4.999945067521172,0.,0.),(4.999945067521172,-1.0997940032043947,0.),(4.999945067521172,-1.0997940032043947,2.199664301518273),(4.999945067521172,-2.099641412985428,2.199664301518273),(4.999945067521172,0.,2.9994659342336156),(4.999945067521172,-1.0997940032043947,2.199664301518273),(4.999945067521172,-4.999237048905165,2.9994659342336156),(4.999945067521172,0.,2.9994659342336156),(4.999945067521172,-2.099641412985428,2.199664301518273),(4.999945067521172,-1.0997940032043947,2.199664301518273),(4.999945067521172,0.,2.9994659342336156),(4.999945067521172,0.,0.),(4.64,0.,0.),(4.64,0.,2.9994659342336156),(4.64,-1.0997940032043947,2.199664301518273),(4.64,-4.999237048905165,0.),(4.64,-2.099641412985428,0.),(4.64,-2.099641412985428,2.199664301518273),(4.64,-1.0997940032043947,2.199664301518273),(4.64,-1.0997940032043947,0.),(4.64,0.,0.),(4.64,-2.099641412985428,2.199664301518273),(4.64,-4.999237048905165,2.9994659342336156),(4.64,-4.999237048905165,0.),(4.64,0.,2.9994659342336156),(4.64,-4.999237048905165,2.9994659342336156),(4.64,-2.099641412985428,2.199664301518273),(4.64,-2.099641412985428,2.199664301518273),(4.64,-1.0997940032043947,2.199664301518273),(4.64,0.,2.9994659342336156),(4.64,-4.999237048905165,0.),(4.999945067521172,-4.999237048905165,0.),(4.999945067521172,-2.099641412985428,0.),(4.999945067521172,0.,0.),(4.64,0.,0.),(4.999945067521172,-1.0997940032043947,0.),(4.999945067521172,-1.0997940032043947,0.),(4.64,0.,0.),(4.64,-1.0997940032043947,0.),(4.64,-2.099641412985428,0.),(4.64,-4.999237048905165,0.),(4.999945067521172,-2.099641412985428,0.),(4.999945067521172,-2.099641412985428,2.199664301518273),(4.999945067521172,-1.0997940032043947,2.199664301518273),(4.64,-1.0997940032043947,2.199664301518273),(4.64,-1.0997940032043947,2.199664301518273),(4.64,-2.099641412985428,2.199664301518273),(4.999945067521172,-2.099641412985428,2.199664301518273),(4.999945067521172,-1.0997940032043947,0.),(4.64,-1.0997940032043947,0.),(4.999945067521172,-1.0997940032043947,2.199664301518273),(4.64,-1.0997940032043947,0.),(4.64,-1.0997940032043947,2.199664301518273),(4.999945067521172,-1.0997940032043947,2.199664301518273),(4.64,-2.099641412985428,0.),(4.999945067521172,-2.099641412985428,2.199664301518273),(4.64,-2.099641412985428,2.199664301518273),(4.999945067521172,-2.099641412985428,0.),(4.999945067521172,-2.099641412985428,2.199664301518273),(4.64,-2.099641412985428,0.),(4.999945067521172,-4.999237048905165,2.9994659342336156),(4.999945067521172,-2.4995803768978413,5.499160753795682),(4.999945067521172,0.,2.9994659342336156),(4.64,0.,2.9994659342336156),(4.64,-2.4995803768978413,5.499160753795682),(4.64,-4.999237048905165,2.9994659342336156),(4.64,0.,2.9994659342336156),(4.999945067521172,0.,2.9994659342336156),(4.64,-2.4995803768978413,5.499160753795682),(4.64,-2.4995803768978413,5.499160753795682),(4.999945067521172,0.,2.9994659342336156),(4.999945067521172,-2.4995803768978413,5.499160753795682),(4.999945067521172,-4.999237048905165,2.9994659342336156),(4.999945067521172,-4.999237048905165,0.),(4.64,-4.999237048905165,0.),(4.64,-4.999237048905165,2.9994659342336156),(4.999945067521172,-4.999237048905165,2.9994659342336156),(4.64,-4.999237048905165,0.),(4.64,-2.4995803768978413,5.499160753795682),(4.999945067521172,-2.4995803768978413,5.499160753795682),(4.64,-4.999237048905165,2.9994659342336156),(4.999945067521172,-4.999237048905165,2.9994659342336156),(4.64,-4.999237048905165,2.9994659342336156),(4.999945067521172,-2.4995803768978413,5.499160753795682),(4.64,0.,2.9994659342336156),(4.64,0.,0.),(4.999945067521172,0.,0.),(4.999945067521172,0.,0.),(4.999945067521172,0.,2.9994659342336156),(4.64,0.,2.9994659342336156)));
#78=IFCTRIANGULATEDFACESET(#77,$,$,((1.,2.,3.),(4.,5.,6.),(7.,8.,9.),(10.,11.,12.),(13.,14.,15.),(16.,17.,18.),(19.,20.,21.),(22.,23.,24.),(25.,26.,27.),(28.,29.,30.),(31.,32.,33.),(34.,35.,36.),(37.,38.,39.),(40.,41.,42.),(43.,44.,45.),(46.,47.,48.),(49.,50.,51.),(52.,53.,54.),(55.,56.,57.),(58.,59.,60.),(61.,62.,63.),(64.,65.,66.),(67.,68.,69.),(70.,71.,72.),(73.,74.,75.),(76.,77.,78.),(79.,80.,81.),(82.,83.,84.),(85.,86.,87.),(88.,89.,90.),(91.,92.,93.),(94.,95.,96.)),$);
#79=IFCCOLOURRGB($,0.75,0.7300000190734863,0.6800000071525574);
#80=IFCSURFACESTYLERENDERING(#79,$,$,$,$,$,$,$,$);
#81=IFCSURFACESTYLE($,$,(#80));
#82=IFCSTYLEDITEM(#78,(#81),$);
#83=IFCSHAPEREPRESENTATION(#13,'Body','Tessellation',(#78));
#84=IFCPRODUCTDEFINITIONSHAPE($,$,(#83));
#85=IFCWALLSTANDARDCASE('2XjjioqkD00gotrGmqpPnw',#5,'East wall',$,$,#18,#84,$,$);
#86=IFCCARTESIANPOINTLIST3D(((-5.,0.,2.9994659342336156),(-5.,-4.999237048905165,2.9994659342336156),(-5.,-1.8146791790646222,1.9996719310292208),(-5.,-4.999237048905165,2.9994659342336156),(-5.,-4.999237048905165,0.),(-5.,-1.8146791790646222,1.9996719310292208),(-5.,-1.8146791790646222,1.9996719310292208),(-5.,0.,1.9996719310292208),(-5.,0.,2.9994659342336156),(-5.,-1.8146791790646222,1.9996719310292208),(-5.,-4.999237048905165,0.),(-5.,-1.8146791790646222,0.39990081635767144),(-5.,-4.999237048905165,0.),(-5.,0.,0.),(-5.,-1.8146791790646222,0.39990081635767144),(-5.,0.,0.39990081635767144),(-5.,-1.8146791790646222,0.39990081635767144),(-5.,0.,0.),(-4.6400549324788285,-4.999237048905165,0.),(-4.6400549324788285,-4.999237048905165,2.9994659342336156),(-4.6400549324788285,-1.8146791790646222,1.9996719310292208),(-4.6400549324788285,0.,0.39990081635767144),(-4.6400549324788285,0.,0.),(-4.6400549324788285,-1.8146791790646222,0.39990081635767144),(-4.6400549324788285,-4.999237048905165,2.9994659342336156),(-4.6400549324788285,0.,2.9994659342336156),(-4.6400549324788285,-1.8146791790646222,1.9996719310292208),(-4.6400549324788285,0.,1.9996719310292208),(-4.6400549324788285,-1.8146791790646222,1.9996719310292208),(-4.6400549324788285,0.,2.9994659342336156),(-4.6400549324788285,-4.999237048905165,0.),(-4.6400549324788285,-1.8146791790646222,1.9996719310292208),(-4.6400549324788285,-1.8146791790646222,0.39990081635767144),(-4.6400549324788285,0.,0.),(-4.6400549324788285,-4.999237048905165,0.),(-4.6400549324788285,-1.8146791790646222,0.39990081635767144),(-5.,0.,0.),(-4.6400549324788285,0.,0.),(-5.,0.,0.39990081635767144),(-5.,0.,2.9994659342336156),(-5.,0.,1.9996719310292208),(-4.6400549324788285,0.,1.9996719310292208),(-4.6400549324788285,0.,1.9996719310292208),(-4.6400549324788285,0.,2.9994659342336156),(-5.,0.,2.9994659342336156),(-4.6400549324788285,0.,0.39990081635767144),(-5.,0.,0.39990081635767144),(-4.6400549324788285,0.,0.),(-5.,0.,1.9996719310292208),(-5.,-1.8146791790646222,1.9996719310292208),(-4.6400549324788285,-1.8146791790646222,1.9996719310292208),(-5.,0.,1.9996719310292208),(-4.6400549324788285,-1.8146791790646222,1.9996719310292208),(-4.6400549324788285,0.,1.9996719310292208),(-5.,0.,0.39990081635767144),(-4.6400549324788285,0.,0.39990081635767144),(-5.,-1.8146791790646222,0.39990081635767144),(-4.6400549324788285,0.,0.39990081635767144),(-4.6400549324788285,-1.8146791790646222,0.39990081635767144),(-5.,-1.8146791790646222,0.39990081635767144),(-5.,-1.8146791790646222,1.9996719310292208),(-5.,-1.8146791790646222,0.39990081635767144),(-4.6400549324788285,-1.8146791790646222,1.9996719310292208),(-4.6400549324788285,-1.8146791790646222,1.9996719310292208),(-5.,-1.8146791790646222,0.39990081635767144),(-4.6400549324788285,-1.8146791790646222,0.39990081635767144),(-5.,0.,2.9994659342336156),(-5.,-2.4995803768978413,5.499160753795682),(-5.,-4.999237048905165,2.9994659342336156),(-4.6400549324788285,-4.999237048905165,2.9994659342336156),(-4.6400549324788285,-2.4995803768978413,5.499160753795682),(-4.6400549324788285,0.,2.9994659342336156),(-4.6400549324788285,-4.999237048905165,2.9994659342336156),(-5.,-4.999237048905165,2.9994659342336156),(-4.6400549324788285,-2.4995803768978413,5.499160753795682),(-4.6400549324788285,-2.4995803768978413,5.499160753795682),(-5.,-4.999237048905165,2.9994659342336156),(-5.,-2.4995803768978413,5.499160753795682),(-4.6400549324788285,-2.4995803768978413,5.499160753795682),(-5.,-2.4995803768978413,5.499160753795682),(-4.6400549324788285,0.,2.9994659342336156),(-5.,0.,2.9994659342336156),(-4.6400549324788285,0.,2.9994659342336156),(-5.,-2.4995803768978413,5.499160753795682),(-4.6400549324788285,-4.999237048905165,0.),(-5.,0.,0.),(-5.,-4.999237048905165,0.),(-4.6400549324788285,0.,0.),(-5.,0.,0.),(-4.6400549324788285,-4.999237048905165,0.),(-4.6400549324788285,-4.999237048905165,2.9994659342336156),(-4.6400549324788285,-4.999237048905165,0.),(-5.,-4.999237048905165,0.),(-5.,-4.999237048905165,0.),(-5.,-4.999237048905165,2.9994659342336156),(-4.6400549324788285,-4.999237048905165,2.9994659342336156)));
#87=IFCTRIANGULATEDFACESET(#86,$,$,((1.,2.,3.),(4.,5.,6.),(7.,8.,9.),(10.,11.,12.),(13.,14.,15.),(16.,17.,18.),(19.,20.,21.),(22.,23.,24.),(25.,26.,27.),(28.,29.,30.),(31.,32.,33.),(34.,35.,36.),(37.,38.,39.),(40.,41.,42.),(43.,44.,45.),(46.,47.,48.),(49.,50.,51.),(52.,53.,54.),(55.,56.,57.),(58.,59.,60.),(61.,62.,63.),(64.,65.,66.),(67.,68.,69.),(70.,71.,72.),(73.,74.,75.),(76.,77.,78.),(79.,80.,81.),(82.,83.,84.),(85.,86.,87.),(88.,89.,90.),(91.,92.,93.),(94.,95.,96.)),$);
#88=IFCCOLOURRGB($,0.75,0.7300000190734863,0.6800000071525574);
#89=IFCSURFACESTYLERENDERING(#88,$,$,$,$,$,$,$,$);
#90=IFCSURFACESTYLE($,$,(#89));
#91=IFCSTYLEDITEM(#87,(#90),$);
#92=IFCSHAPEREPRESENTATION(#13,'Body','Tessellation',(#87));
#93=IFCPRODUCTDEFINITIONSHAPE($,$,(#92));
#94=IFCWALLSTANDARDCASE('15HQrV8WX2nud_EOSSfoGz',#5,'West wall',$,$,#18,#93,$,$);
#95=IFCCARTESIANPOINTLIST3D(((5.05,-2.19981689173724,-0.39993896391241324),(5.05,-2.19981689173724,0.),(5.299958037689784,-2.19981689173724,0.),(5.299958037689784,-2.19981689173724,-0.19996643015182727),(5.549923704890516,-2.19981689173724,-0.19996643015182727),(5.549923704890516,-2.19981689173724,-0.39993896391241324),(5.05,-2.19981689173724,-0.39993896391241324),(5.299958037689784,-2.19981689173724,0.),(5.299958037689784,-2.19981689173724,-0.19996643015182727),(5.299958037689784,-2.19981689173724,-0.19996643015182727),(5.549923704890516,-2.19981689173724,-0.39993896391241324),(5.05,-2.19981689173724,-0.39993896391241324),(5.05,-1.,-0.39993896391241324),(5.299958037689784,-1.,0.),(5.05,-1.,0.),(5.299958037689784,-1.,-0.19996643015182727),(5.549923704890516,-1.,-0.39993896391241324),(5.549923704890516,-1.,-0.19996643015182727),(5.05,-1.,-0.39993896391241324),(5.299958037689784,-1.,-0.19996643015182727),(5.299958037689784,-1.,0.),(5.299958037689784,-1.,-0.19996643015182727),(5.05,-1.,-0.39993896391241324),(5.549923704890516,-1.,-0.39993896391241324),(5.05,-1.,0.),(5.299958037689784,-2.19981689173724,0.),(5.05,-2.19981689173724,0.),(5.05,-1.,0.),(5.299958037689784,-1.,0.),(5.299958037689784,-2.19981689173724,0.),(5.299958037689784,-1.,0.),(5.299958037689784,-2.19981689173724,-0.19996643015182727),(5.299958037689784,-2.19981689173724,0.),(5.299958037689784,-1.,0.),(5.299958037689784,-1.,-0.19996643015182727),(5.299958037689784,-2.19981689173724,-0.19996643015182727),(5.299958037689784,-1.,-0.19996643015182727),(5.549923704890516,-2.19981689173724,-0.19996643015182727),(5.299958037689784,-2.19981689173724,-0.19996643015182727),(5.299958037689784,-1.,-0.19996643015182727),(5.549923704890516,-1.,-0.19996643015182727),(5.549923704890516,-2.19981689173724,-0.19996643015182727),(5.549923704890516,-1.,-0.19996643015182727),(5.549923704890516,-2.19981689173724,-0.39993896391241324),(5.549923704890516,-2.19981689173724,-0.19996643015182727),(5.549923704890516,-1.,-0.19996643015182727),(5.549923704890516,-1.,-0.39993896391241324),(5.549923704890516,-2.19981689173724,-0.39993896391241324),(5.549923704890516,-1.,-0.39993896391241324),(5.05,-2.19981689173724,-0.39993896391241324),(5.549923704890516,-2.19981689173724,-0.39993896391241324),(5.549923704890516,-1.,-0.39993896391241324),(5.05,-1.,-0.39993896391241324),(5.05,-2.19981689173724,-0.39993896391241324),(5.05,-1.,-0.39993896391241324),(5.05,-2.19981689173724,0.),(5.05,-2.19981689173724,-0.39993896391241324),(5.05,-1.,-0.39993896391241324),(5.05,-1.,0.),(5.05,-2.19981689173724,0.)));
#96=IFCTRIANGULATEDFACESET(#95,$,$,((1.,2.,3.),(4.,5.,6.),(7.,8.,9.),(10.,11.,12.),(13.,14.,15.),(16.,17.,18.),(19.,20.,21.),(22.,23.,24.),(25.,26.,27.),(28.,29.,30.),(31.,32.,33.),(34.,35.,36.),(37.,38.,39.),(40.,41.,42.),(43.,44.,45.),(46.,47.,48.),(49.,50.,51.),(52.,53.,54.),(55.,56.,57.),(58.,59.,60.)),$);
#97=IFCCOLOURRGB($,0.25999999046325684,0.2199999988079071,0.18000000715255737);
#98=IFCSURFACESTYLERENDERING(#97,$,$,$,$,$,$,$,$);
#99=IFCSURFACESTYLE($,$,(#98));
#100=IFCSTYLEDITEM(#96,(#99),$);
#101=IFCSHAPEREPRESENTATION(#13,'Body','Tessellation',(#96));
#102=IFCPRODUCTDEFINITIONSHAPE($,$,(#101));
#103=IFCSTAIRFLIGHT('1tX5sUU0r9YRXNYw5tJyxJ',#5,'IfcStairFlight',$,$,#18,#102,$,$,$,$,$,$);
#104=IFCCARTESIANPOINTLIST3D(((4.7600122072175175,-2.02,2.1196765087357905),(4.84,-2.02,2.1196765087357905),(4.84,-2.099987792782483,2.1196765087357905),(4.84,-2.099987792782483,2.1196765087357905),(4.7600122072175175,-2.099987792782483,2.1196765087357905),(4.7600122072175175,-2.02,2.1196765087357905),(4.7600122072175175,-2.02,0.),(4.84,-2.099987792782483,0.),(4.84,-2.02,0.),(4.84,-2.099987792782483,0.),(4.7600122072175175,-2.02,0.),(4.7600122072175175,-2.099987792782483,0.),(4.84,-2.02,0.),(4.84,-2.099987792782483,2.1196765087357905),(4.84,-2.02,2.1196765087357905),(4.84,-2.02,0.),(4.84,-2.099987792782483,0.),(4.84,-2.099987792782483,2.1196765087357905),(4.84,-2.099987792782483,0.),(4.7600122072175175,-2.099987792782483,2.1196765087357905),(4.84,-2.099987792782483,2.1196765087357905),(4.84,-2.099987792782483,0.),(4.7600122072175175,-2.099987792782483,0.),(4.7600122072175175,-2.099987792782483,2.1196765087357905),(4.7600122072175175,-2.099987792782483,0.),(4.7600122072175175,-2.02,2.1196765087357905),(4.7600122072175175,-2.099987792782483,2.1196765087357905),(4.7600122072175175,-2.099987792782483,0.),(4.7600122072175175,-2.02,0.),(4.7600122072175175,-2.02,2.1196765087357905),(4.7600122072175175,-2.02,0.),(4.84,-2.02,2.1196765087357905),(4.7600122072175175,-2.02,2.1196765087357905),(4.7600122072175175,-2.02,0.),(4.84,-2.02,0.),(4.84,-2.02,2.1196765087357905)));
#105=IFCTRIANGULATEDFACESET(#104,$,$,((1.,2.,3.),(4.,5.,6.),(7.,8.,9.),(10.,11.,12.),(13.,14.,15.),(16.,17.,18.),(19.,20.,21.),(22.,23.,24.),(25.,26.,27.),(28.,29.,30.),(31.,32.,33.),(34.,35.,36.)),$);
#106=IFCCOLOURRGB($,0.8999999761581421,0.8999999761581421,0.8999999761581421);
#107=IFCSURFACESTYLERENDERING(#106,$,$,$,$,$,$,$,$);
#108=IFCSURFACESTYLE($,$,(#107));
#109=IFCSTYLEDITEM(#105,(#108),$);
#110=IFCCARTESIANPOINTLIST3D(((4.7600122072175175,-1.1,2.1196765087357905),(4.84,-1.1,2.1196765087357905),(4.84,-1.1799877927824827,2.1196765087357905),(4.84,-1.1799877927824827,2.1196765087357905),(4.7600122072175175,-1.1799877927824827,2.1196765087357905),(4.7600122072175175,-1.1,2.1196765087357905),(4.7600122072175175,-1.1,0.),(4.84,-1.1799877927824827,0.),(4.84,-1.1,0.),(4.84,-1.1799877927824827,0.),(4.7600122072175175,-1.1,0.),(4.7600122072175175,-1.1799877927824827,0.),(4.84,-1.1,0.),(4.84,-1.1799877927824827,2.1196765087357905),(4.84,-1.1,2.1196765087357905),(4.84,-1.1,0.),(4.84,-1.1799877927824827,0.),(4.84,-1.1799877927824827,2.1196765087357905),(4.84,-1.1799877927824827,0.),(4.7600122072175175,-1.1799877927824827,2.1196765087357905),(4.84,-1.1799877927824827,2.1196765087357905),(4.84,-1.1799877927824827,0.),(4.7600122072175175,-1.1799877927824827,0.),(4.7600122072175175,-1.1799877927824827,2.1196765087357905),(4.7600122072175175,-1.1799877927824827,0.),(4.7600122072175175,-1.1,2.1196765087357905),(4.7600122072175175,-1.1799877927824827,2.1196765087357905),(4.7600122072175175,-1.1799877927824827,0.),(4.7600122072175175,-1.1,0.),(4.7600122072175175,-1.1,2.1196765087357905),(4.7600122072175175,-1.1,0.),(4.84,-1.1,2.1196765087357905),(4.7600122072175175,-1.1,2.1196765087357905),(4.7600122072175175,-1.1,0.),(4.84,-1.1,0.),(4.84,-1.1,2.1196765087357905)));
#111=IFCTRIANGULATEDFACESET(#110,$,$,((1.,2.,3.),(4.,5.,6.),(7.,8.,9.),(10.,11.,12.),(13.,14.,15.),(16.,17.,18.),(19.,20.,21.),(22.,23.,24.),(25.,26.,27.),(28.,29.,30.),(31.,32.,33.),(34.,35.,36.)),$);
#112=IFCCOLOURRGB($,0.8999999761581421,0.8999999761581421,0.8999999761581421);
#113=IFCSURFACESTYLERENDERING(#112,$,$,$,$,$,$,$,$);
#114=IFCSURFACESTYLE($,$,(#113));
#115=IFCSTYLEDITEM(#111,(#114),$);
#116=IFCCARTESIANPOINTLIST3D(((4.7600122072175175,-1.1,2.199987792782483),(4.84,-1.1,2.199987792782483),(4.84,-2.099847409781033,2.199987792782483),(4.84,-2.099847409781033,2.199987792782483),(4.7600122072175175,-2.099847409781033,2.199987792782483),(4.7600122072175175,-1.1,2.199987792782483),(4.7600122072175175,-1.1,2.12),(4.84,-2.099847409781033,2.12),(4.84,-1.1,2.12),(4.84,-2.099847409781033,2.12),(4.7600122072175175,-1.1,2.12),(4.7600122072175175,-2.099847409781033,2.12),(4.84,-1.1,2.12),(4.84,-2.099847409781033,2.199987792782483),(4.84,-1.1,2.199987792782483),(4.84,-1.1,2.12),(4.84,-2.099847409781033,2.12),(4.84,-2.099847409781033,2.199987792782483),(4.84,-2.099847409781033,2.12),(4.7600122072175175,-2.099847409781033,2.199987792782483),(4.84,-2.099847409781033,2.199987792782483),(4.84,-2.099847409781033,2.12),(4.7600122072175175,-2.099847409781033,2.12),(4.7600122072175175,-2.099847409781033,2.199987792782483),(4.7600122072175175,-2.099847409781033,2.12),(4.7600122072175175,-1.1,2.199987792782483),(4.7600122072175175,-2.099847409781033,2.199987792782483),(4.7600122072175175,-2.099847409781033,2.12),(4.7600122072175175,-1.1,2.12),(4.7600122072175175,-1.1,2.199987792782483),(4.7600122072175175,-1.1,2.12),(4.84,-1.1,2.199987792782483),(4.7600122072175175,-1.1,2.199987792782483),(4.7600122072175175,-1.1,2.12),(4.84,-1.1,2.12),(4.84,-1.1,2.199987792782483)));
#117=IFCTRIANGULATEDFACESET(#116,$,$,((1.,2.,3.),(4.,5.,6.),(7.,8.,9.),(10.,11.,12.),(13.,14.,15.),(16.,17.,18.),(19.,20.,21.),(22.,23.,24.),(25.,26.,27.),(28.,29.,30.),(31.,32.,33.),(34.,35.,36.)),$);
#118=IFCCOLOURRGB($,0.8999999761581421,0.8999999761581421,0.8999999761581421);
#119=IFCSURFACESTYLERENDERING(#118,$,$,$,$,$,$,$,$);
#120=IFCSURFACESTYLE($,$,(#119));
#121=IFCSTYLEDITEM(#117,(#120),$);
#122=IFCCARTESIANPOINTLIST3D(((4.7850050354772256,-1.1700000000000002,2.1196765087357905),(4.8149999999999995,-1.1700000000000002,2.1196765087357905),(4.8149999999999995,-2.0298687724116884,2.1196765087357905),(4.8149999999999995,-2.0298687724116884,2.1196765087357905),(4.7850050354772256,-2.0298687724116884,2.1196765087357905),(4.7850050354772256,-1.1700000000000002,2.1196765087357905),(4.7850050354772256,-1.1700000000000002,0.),(4.8149999999999995,-2.0298687724116884,0.),(4.8149999999999995,-1.1700000000000002,0.),(4.8149999999999995,-2.0298687724116884,0.),(4.7850050354772256,-1.1700000000000002,0.),(4.7850050354772256,-2.0298687724116884,0.),(4.8149999999999995,-1.1700000000000002,0.),(4.8149999999999995,-2.0298687724116884,2.1196765087357905),(4.8149999999999995,-1.1700000000000002,2.1196765087357905),(4.8149999999999995,-1.1700000000000002,0.),(4.8149999999999995,-2.0298687724116884,0.),(4.8149999999999995,-2.0298687724116884,2.1196765087357905),(4.8149999999999995,-2.0298687724116884,0.),(4.7850050354772256,-2.0298687724116884,2.1196765087357905),(4.8149999999999995,-2.0298687724116884,2.1196765087357905),(4.8149999999999995,-2.0298687724116884,0.),(4.7850050354772256,-2.0298687724116884,0.),(4.7850050354772256,-2.0298687724116884,2.1196765087357905),(4.7850050354772256,-2.0298687724116884,0.),(4.7850050354772256,-1.1700000000000002,2.1196765087357905),(4.7850050354772256,-2.0298687724116884,2.1196765087357905),(4.7850050354772256,-2.0298687724116884,0.),(4.7850050354772256,-1.1700000000000002,0.),(4.7850050354772256,-1.1700000000000002,2.1196765087357905),(4.7850050354772256,-1.1700000000000002,0.),(4.8149999999999995,-1.1700000000000002,2.1196765087357905),(4.7850050354772256,-1.1700000000000002,2.1196765087357905),(4.7850050354772256,-1.1700000000000002,0.),(4.8149999999999995,-1.1700000000000002,0.),(4.8149999999999995,-1.1700000000000002,2.1196765087357905)));
#123=IFCTRIANGULATEDFACESET(#122,$,$,((1.,2.,3.),(4.,5.,6.),(7.,8.,9.),(10.,11.,12.),(13.,14.,15.),(16.,17.,18.),(19.,20.,21.),(22.,23.,24.),(25.,26.,27.),(28.,29.,30.),(31.,32.,33.),(34.,35.,36.)),$);
#124=IFCCOLOURRGB($,0.8999999761581421,0.8999999761581421,0.8999999761581421);
#125=IFCSURFACESTYLERENDERING(#124,$,$,$,$,$,$,$,$);
#126=IFCSURFACESTYLE($,$,(#125));
#127=IFCSTYLEDITEM(#123,(#126),$);
#128=IFCSHAPEREPRESENTATION(#13,'Body','Tessellation',(#105,#111,#117,#123));
#129=IFCPRODUCTDEFINITIONSHAPE($,$,(#128));
#130=IFCDOOR('24WV2H7cb3MgDzwgWj1b8X',#5,'IfcDoor',$,$,#18,#129,$,$,$,$,$,$);
#131=IFCWINDOW('3Hn18Ph6X5nOGsBWg$mdzR',#5,'IfcWindow',$,$,$,$,$,$,$,$,$,$);
#132=IFCCARTESIANPOINTLIST3D(((-4.9,-0.044986266880292974,0.489986266880293),(-4.9,0.045,0.489986266880293),(-3.040283817807279,0.045,0.489986266880293),(-3.040283817807279,0.045,0.489986266880293),(-3.040283817807279,-0.044986266880292974,0.489986266880293),(-4.9,-0.044986266880292974,0.489986266880293),(-4.9,-0.044986266880292974,0.4),(-3.040283817807279,0.045,0.4),(-4.9,0.045,0.4),(-3.040283817807279,0.045,0.4),(-4.9,-0.044986266880292974,0.4),(-3.040283817807279,-0.044986266880292974,0.4),(-4.9,0.045,0.4),(-3.040283817807279,0.045,0.489986266880293),(-4.9,0.045,0.489986266880293),(-4.9,0.045,0.4),(-3.040283817807279,0.045,0.4),(-3.040283817807279,0.045,0.489986266880293),(-3.040283817807279,0.045,0.4),(-3.040283817807279,-0.044986266880292974,0.489986266880293),(-3.040283817807279,0.045,0.489986266880293),(-3.040283817807279,0.045,0.4),(-3.040283817807279,-0.044986266880292974,0.4),(-3.040283817807279,-0.044986266880292974,0.489986266880293),(-3.040283817807279,-0.044986266880292974,0.4),(-4.9,-0.044986266880292974,0.489986266880293),(-3.040283817807279,-0.044986266880292974,0.489986266880293),(-3.040283817807279,-0.044986266880292974,0.4),(-4.9,-0.044986266880292974,0.4),(-4.9,-0.044986266880292974,0.489986266880293),(-4.9,-0.044986266880292974,0.4),(-4.9,0.045,0.489986266880293),(-4.9,-0.044986266880292974,0.489986266880293),(-4.9,-0.044986266880292974,0.4),(-4.9,0.045,0.4),(-4.9,0.045,0.489986266880293)));
#133=IFCTRIANGULATEDFACESET(#132,$,$,((1.,2.,3.),(4.,5.,6.),(7.,8.,9.),(10.,11.,12.),(13.,14.,15.),(16.,17.,18.),(19.,20.,21.),(22.,23.,24.),(25.,26.,27.),(28.,29.,30.),(31.,32.,33.),(34.,35.,36.)),$);
#134=IFCCOLOURRGB($,0.5,0.4000000059604645,0.30000001192092896);
#135=IFCSURFACESTYLERENDERING(#134,$,$,$,$,$,$,$,$);
#136=IFCSURFACESTYLE($,$,(#135));
#137=IFCSTYLEDITEM(#133,(#136),$);
#138=IFCSHAPEREPRESENTATION(#13,'Body','Tessellation',(#133));
#139=IFCPRODUCTDEFINITIONSHAPE($,$,(#138));
#140=IFCMEMBER('1OFcTkmgfEzxRo54rYU6Rg',#5,'IfcMember',$,$,#18,#139,$,$);
#141=IFCCARTESIANPOINTLIST3D(((-4.9,-0.044986266880292974,1.999986266880293),(-4.9,0.045,1.999986266880293),(-3.040283817807279,0.045,1.999986266880293),(-3.040283817807279,0.045,1.999986266880293),(-3.040283817807279,-0.044986266880292974,1.999986266880293),(-4.9,-0.044986266880292974,1.999986266880293),(-4.9,-0.044986266880292974,1.9100000000000001),(-3.040283817807279,0.045,1.9100000000000001),(-4.9,0.045,1.9100000000000001),(-3.040283817807279,0.045,1.9100000000000001),(-4.9,-0.044986266880292974,1.9100000000000001),(-3.040283817807279,-0.044986266880292974,1.9100000000000001),(-4.9,0.045,1.9100000000000001),(-3.040283817807279,0.045,1.999986266880293),(-4.9,0.045,1.999986266880293),(-4.9,0.045,1.9100000000000001),(-3.040283817807279,0.045,1.9100000000000001),(-3.040283817807279,0.045,1.999986266880293),(-3.040283817807279,0.045,1.9100000000000001),(-3.040283817807279,-0.044986266880292974,1.999986266880293),(-3.040283817807279,0.045,1.999986266880293),(-3.040283817807279,0.045,1.9100000000000001),(-3.040283817807279,-0.044986266880292974,1.9100000000000001),(-3.040283817807279,-0.044986266880292974,1.999986266880293),(-3.040283817807279,-0.044986266880292974,1.9100000000000001),(-4.9,-0.044986266880292974,1.999986266880293),(-3.040283817807279,-0.044986266880292974,1.999986266880293),(-3.040283817807279,-0.044986266880292974,1.9100000000000001),(-4.9,-0.044986266880292974,1.9100000000000001),(-4.9,-0.044986266880292974,1.999986266880293),(-4.9,-0.044986266880292974,1.9100000000000001),(-4.9,0.045,1.999986266880293),(-4.9,-0.044986266880292974,1.999986266880293),(-4.9,-0.044986266880292974,1.9100000000000001),(-4.9,0.045,1.9100000000000001),(-4.9,0.045,1.999986266880293)));
#142=IFCTRIANGULATEDFACESET(#141,$,$,((1.,2.,3.),(4.,5.,6.),(7.,8.,9.),(10.,11.,12.),(13.,14.,15.),(16.,17.,18.),(19.,20.,21.),(22.,23.,24.),(25.,26.,27.),(28.,29.,30.),(31.,32.,33.),(34.,35.,36.)),$);
#143=IFCCOLOURRGB($,0.5,0.4000000059604645,0.30000001192092896);
#144=IFCSURFACESTYLERENDERING(#143,$,$,$,$,$,$,$,$);
#145=IFCSURFACESTYLE($,$,(#144));
#146=IFCSTYLEDITEM(#142,(#145),$);
#147=IFCSHAPEREPRESENTATION(#13,'Body','Tessellation',(#142));
#148=IFCPRODUCTDEFINITIONSHAPE($,$,(#147));
#149=IFCMEMBER('0Ho0pu5PD6EQrMUgEk1x3_',#5,'IfcMember',$,$,#18,#148,$,$);
#150=IFCCARTESIANPOINTLIST3D(((-4.9,-0.044986266880292974,1.909783321889067),(-4.9,0.045,1.909783321889067),(-4.810013733119708,0.045,1.909783321889067),(-4.810013733119708,0.045,1.909783321889067),(-4.810013733119708,-0.044986266880292974,1.909783321889067),(-4.9,-0.044986266880292974,1.909783321889067),(-4.9,-0.044986266880292974,0.49),(-4.810013733119708,0.045,0.49),(-4.9,0.045,0.49),(-4.810013733119708,0.045,0.49),(-4.9,-0.044986266880292974,0.49),(-4.810013733119708,-0.044986266880292974,0.49),(-4.9,0.045,0.49),(-4.810013733119708,0.045,1.909783321889067),(-4.9,0.045,1.909783321889067),(-4.9,0.045,0.49),(-4.810013733119708,0.045,0.49),(-4.810013733119708,0.045,1.909783321889067),(-4.810013733119708,0.045,0.49),(-4.810013733119708,-0.044986266880292974,1.909783321889067),(-4.810013733119708,0.045,1.909783321889067),(-4.810013733119708,0.045,0.49),(-4.810013733119708,-0.044986266880292974,0.49),(-4.810013733119708,-0.044986266880292974,1.909783321889067),(-4.810013733119708,-0.044986266880292974,0.49),(-4.9,-0.044986266880292974,1.909783321889067),(-4.810013733119708,-0.044986266880292974,1.909783321889067),(-4.810013733119708,-0.044986266880292974,0.49),(-4.9,-0.044986266880292974,0.49),(-4.9,-0.044986266880292974,1.909783321889067),(-4.9,-0.044986266880292974,0.49),(-4.9,0.045,1.909783321889067),(-4.9,-0.044986266880292974,1.909783321889067),(-4.9,-0.044986266880292974,0.49),(-4.9,0.045,0.49),(-4.9,0.045,1.909783321889067)));
#151=IFCTRIANGULATEDFACESET(#150,$,$,((1.,2.,3.),(4.,5.,6.),(7.,8.,9.),(10.,11.,12.),(13.,14.,15.),(16.,17.,18.),(19.,20.,21.),(22.,23.,24.),(25.,26.,27.),(28.,29.,30.),(31.,32.,33.),(34.,35.,36.)),$);
#152=IFCCOLOURRGB($,0.5,0.4000000059604645,0.30000001192092896);
#153=IFCSURFACESTYLERENDERING(#152,$,$,$,$,$,$,$,$);
#154=IFCSURFACESTYLE($,$,(#153));
#155=IFCSTYLEDITEM(#151,(#154),$);
#156=IFCSHAPEREPRESENTATION(#13,'Body','Tessellation',(#151));
#157=IFCPRODUCTDEFINITIONSHAPE($,$,(#156));
#158=IFCMEMBER('18tIDdkQjAmxkEUG0BVlNZ',#5,'IfcMember',$,$,#18,#157,$,$);
#159=IFCCARTESIANPOINTLIST3D(((-3.13,-0.044986266880292974,1.909783321889067),(-3.13,0.045,1.909783321889067),(-3.040013733119707,0.045,1.909783321889067),(-3.040013733119707,0.045,1.909783321889067),(-3.040013733119707,-0.044986266880292974,1.909783321889067),(-3.13,-0.044986266880292974,1.909783321889067),(-3.13,-0.044986266880292974,0.49),(-3.040013733119707,0.045,0.49),(-3.13,0.045,0.49),(-3.040013733119707,0.045,0.49),(-3.13,-0.044986266880292974,0.49),(-3.040013733119707,-0.044986266880292974,0.49),(-3.13,0.045,0.49),(-3.040013733119707,0.045,1.909783321889067),(-3.13,0.045,1.909783321889067),(-3.13,0.045,0.49),(-3.040013733119707,0.045,0.49),(-3.040013733119707,0.045,1.909783321889067),(-3.040013733119707,0.045,0.49),(-3.040013733119707,-0.044986266880292974,1.909783321889067),(-3.040013733119707,0.045,1.909783321889067),(-3.040013733119707,0.045,0.49),(-3.040013733119707,-0.044986266880292974,0.49),(-3.040013733119707,-0.044986266880292974,1.909783321889067),(-3.040013733119707,-0.044986266880292974,0.49),(-3.13,-0.044986266880292974,1.909783321889067),(-3.040013733119707,-0.044986266880292974,1.909783321889067),(-3.040013733119707,-0.044986266880292974,0.49),(-3.13,-0.044986266880292974,0.49),(-3.13,-0.044986266880292974,1.909783321889067),(-3.13,-0.044986266880292974,0.49),(-3.13,0.045,1.909783321889067),(-3.13,-0.044986266880292974,1.909783321889067),(-3.13,-0.044986266880292974,0.49),(-3.13,0.045,0.49),(-3.13,0.045,1.909783321889067)));
#160=IFCTRIANGULATEDFACESET(#159,$,$,((1.,2.,3.),(4.,5.,6.),(7.,8.,9.),(10.,11.,12.),(13.,14.,15.),(16.,17.,18.),(19.,20.,21.),(22.,23.,24.),(25.,26.,27.),(28.,29.,30.),(31.,32.,33.),(34.,35.,36.)),$);
#161=IFCCOLOURRGB($,0.5,0.4000000059604645,0.30000001192092896);
#162=IFCSURFACESTYLERENDERING(#161,$,$,$,$,$,$,$,$);
#163=IFCSURFACESTYLE($,$,(#162));
#164=IFCSTYLEDITEM(#160,(#163),$);
#165=IFCSHAPEREPRESENTATION(#13,'Body','Tessellation',(#160));
#166=IFCPRODUCTDEFINITIONSHAPE($,$,(#165));
#167=IFCMEMBER('1SZ7WjkdL3DfyDtUKU1NHK',#5,'IfcMember',$,$,#18,#166,$,$);
#168=IFCCARTESIANPOINTLIST3D(((-4.8100000000000005,-0.00499847409781033,1.909783321889067),(-4.8100000000000005,0.005,1.909783321889067),(-3.1302563515678647,0.005,1.909783321889067),(-3.1302563515678647,0.005,1.909783321889067),(-3.1302563515678647,-0.00499847409781033,1.909783321889067),(-4.8100000000000005,-0.00499847409781033,1.909783321889067),(-4.8100000000000005,-0.00499847409781033,0.49),(-3.1302563515678647,0.005,0.49),(-4.8100000000000005,0.005,0.49),(-3.1302563515678647,0.005,0.49),(-4.8100000000000005,-0.00499847409781033,0.49),(-3.1302563515678647,-0.00499847409781033,0.49),(-4.8100000000000005,0.005,0.49),(-3.1302563515678647,0.005,1.909783321889067),(-4.8100000000000005,0.005,1.909783321889067),(-4.8100000000000005,0.005,0.49),(-3.1302563515678647,0.005,0.49),(-3.1302563515678647,0.005,1.909783321889067),(-3.1302563515678647,0.005,0.49),(-3.1302563515678647,-0.00499847409781033,1.909783321889067),(-3.1302563515678647,0.005,1.909783321889067),(-3.1302563515678647,0.005,0.49),(-3.1302563515678647,-0.00499847409781033,0.49),(-3.1302563515678647,-0.00499847409781033,1.909783321889067),(-3.1302563515678647,-0.00499847409781033,0.49),(-4.8100000000000005,-0.00499847409781033,1.909783321889067),(-3.1302563515678647,-0.00499847409781033,1.909783321889067),(-3.1302563515678647,-0.00499847409781033,0.49),(-4.8100000000000005,-0.00499847409781033,0.49),(-4.8100000000000005,-0.00499847409781033,1.909783321889067),(-4.8100000000000005,-0.00499847409781033,0.49),(-4.8100000000000005,0.005,1.909783321889067),(-4.8100000000000005,-0.00499847409781033,1.909783321889067),(-4.8100000000000005,-0.00499847409781033,0.49),(-4.8100000000000005,0.005,0.49),(-4.8100000000000005,0.005,1.909783321889067)));
#169=IFCTRIANGULATEDFACESET(#168,$,$,((1.,2.,3.),(4.,5.,6.),(7.,8.,9.),(10.,11.,12.),(13.,14.,15.),(16.,17.,18.),(19.,20.,21.),(22.,23.,24.),(25.,26.,27.),(28.,29.,30.),(31.,32.,33.),(34.,35.,36.)),$);
#170=IFCCOLOURRGB($,0.6000000238418579,0.699999988079071,0.75);
#171=IFCSURFACESTYLERENDERING(#170,0.9,$,$,$,$,$,$,$);
#172=IFCSURFACESTYLE($,$,(#171));
#173=IFCSTYLEDITEM(#169,(#172),$);
#174=IFCSHAPEREPRESENTATION(#13,'Body','Tessellation',(#169));
#175=IFCPRODUCTDEFINITIONSHAPE($,$,(#174));
#176=IFCPLATE('2WR16J9U1Fywj1gSLu$vWW',#5,'IfcPlate',$,$,#18,#175,$,$);
#177=IFCWINDOW('04706lgyr6pOOztpUmyvHr',#5,'IfcWindow',$,$,$,$,$,$,$,$,$,$);
#178=IFCCARTESIANPOINTLIST3D(((-3.1300000000000003,-0.044986266880292974,0.489986266880293),(-3.1300000000000003,0.045,0.489986266880293),(-1.2702838178072788,0.045,0.489986266880293),(-1.2702838178072788,0.045,0.489986266880293),(-1.2702838178072788,-0.044986266880292974,0.489986266880293),(-3.1300000000000003,-0.044986266880292974,0.489986266880293),(-3.1300000000000003,-0.044986266880292974,0.4),(-1.2702838178072788,0.045,0.4),(-3.1300000000000003,0.045,0.4),(-1.2702838178072788,0.045,0.4),(-3.1300000000000003,-0.044986266880292974,0.4),(-1.2702838178072788,-0.044986266880292974,0.4),(-3.1300000000000003,0.045,0.4),(-1.2702838178072788,0.045,0.489986266880293),(-3.1300000000000003,0.045,0.489986266880293),(-3.1300000000000003,0.045,0.4),(-1.2702838178072788,0.045,0.4),(-1.2702838178072788,0.045,0.489986266880293),(-1.2702838178072788,0.045,0.4),(-1.2702838178072788,-0.044986266880292974,0.489986266880293),(-1.2702838178072788,0.045,0.489986266880293),(-1.2702838178072788,0.045,0.4),(-1.2702838178072788,-0.044986266880292974,0.4),(-1.2702838178072788,-0.044986266880292974,0.489986266880293),(-1.2702838178072788,-0.044986266880292974,0.4),(-3.1300000000000003,-0.044986266880292974,0.489986266880293),(-1.2702838178072788,-0.044986266880292974,0.489986266880293),(-1.2702838178072788,-0.044986266880292974,0.4),(-3.1300000000000003,-0.044986266880292974,0.4),(-3.1300000000000003,-0.044986266880292974,0.489986266880293),(-3.1300000000000003,-0.044986266880292974,0.4),(-3.1300000000000003,0.045,0.489986266880293),(-3.1300000000000003,-0.044986266880292974,0.489986266880293),(-3.1300000000000003,-0.044986266880292974,0.4),(-3.1300000000000003,0.045,0.4),(-3.1300000000000003,0.045,0.489986266880293)));
#179=IFCTRIANGULATEDFACESET(#178,$,$,((1.,2.,3.),(4.,5.,6.),(7.,8.,9.),(10.,11.,12.),(13.,14.,15.),(16.,17.,18.),(19.,20.,21.),(22.,23.,24.),(25.,26.,27.),(28.,29.,30.),(31.,32.,33.),(34.,35.,36.)),$);
#180=IFCCOLOURRGB($,0.5,0.4000000059604645,0.30000001192092896);
#181=IFCSURFACESTYLERENDERING(#180,$,$,$,$,$,$,$,$);
#182=IFCSURFACESTYLE($,$,(#181));
#183=IFCSTYLEDITEM(#179,(#182),$);
#184=IFCSHAPEREPRESENTATION(#13,'Body','Tessellation',(#179));
#185=IFCPRODUCTDEFINITIONSHAPE($,$,(#184));
#186=IFCMEMBER('2u8pYHjwPEHvGwtTzpayte',#5,'IfcMember',$,$,#18,#185,$,$);
#187=IFCCARTESIANPOINTLIST3D(((-3.1300000000000003,-0.044986266880292974,1.999986266880293),(-3.1300000000000003,0.045,1.999986266880293),(-1.2702838178072788,0.045,1.999986266880293),(-1.2702838178072788,0.045,1.999986266880293),(-1.2702838178072788,-0.044986266880292974,1.999986266880293),(-3.1300000000000003,-0.044986266880292974,1.999986266880293),(-3.1300000000000003,-0.044986266880292974,1.9100000000000001),(-1.2702838178072788,0.045,1.9100000000000001),(-3.1300000000000003,0.045,1.9100000000000001),(-1.2702838178072788,0.045,1.9100000000000001),(-3.1300000000000003,-0.044986266880292974,1.9100000000000001),(-1.2702838178072788,-0.044986266880292974,1.9100000000000001),(-3.1300000000000003,0.045,1.9100000000000001),(-1.2702838178072788,0.045,1.999986266880293),(-3.1300000000000003,0.045,1.999986266880293),(-3.1300000000000003,0.045,1.9100000000000001),(-1.2702838178072788,0.045,1.9100000000000001),(-1.2702838178072788,0.045,1.999986266880293),(-1.2702838178072788,0.045,1.9100000000000001),(-1.2702838178072788,-0.044986266880292974,1.999986266880293),(-1.2702838178072788,0.045,1.999986266880293),(-1.2702838178072788,0.045,1.9100000000000001),(-1.2702838178072788,-0.044986266880292974,1.9100000000000001),(-1.2702838178072788,-0.044986266880292974,1.999986266880293),(-1.2702838178072788,-0.044986266880292974,1.9100000000000001),(-3.1300000000000003,-0.044986266880292974,1.999986266880293),(-1.2702838178072788,-0.044986266880292974,1.999986266880293),(-1.2702838178072788,-0.044986266880292974,1.9100000000000001),(-3.1300000000000003,-0.044986266880292974,1.9100000000000001),(-3.1300000000000003,-0.044986266880292974,1.999986266880293),(-3.1300000000000003,-0.044986266880292974,1.9100000000000001),(-3.1300000000000003,0.045,1.999986266880293),(-3.1300000000000003,-0.044986266880292974,1.999986266880293),(-3.1300000000000003,-0.044986266880292974,1.9100000000000001),(-3.1300000000000003,0.045,1.9100000000000001),(-3.1300000000000003,0.045,1.999986266880293)));
#188=IFCTRIANGULATEDFACESET(#187,$,$,((1.,2.,3.),(4.,5.,6.),(7.,8.,9.),(10.,11.,12.),(13.,14.,15.),(16.,17.,18.),(19.,20.,21.),(22.,23.,24.),(25.,26.,27.),(28.,29.,30.),(31.,32.,33.),(34.,35.,36.)),$);
#189=IFCCOLOURRGB($,0.5,0.4000000059604645,0.30000001192092896);
#190=IFCSURFACESTYLERENDERING(#189,$,$,$,$,$,$,$,$);
#191=IFCSURFACESTYLE($,$,(#190));
#192=IFCSTYLEDITEM(#188,(#191),$);
#193=IFCSHAPEREPRESENTATION(#13,'Body','Tessellation',(#188));
#194=IFCPRODUCTDEFINITIONSHAPE($,$,(#193));
#195=IFCMEMBER('2CF0u$3Z14bxa7bJ9r2nvn',#5,'IfcMember',$,$,#18,#194,$,$);
#196=IFCCARTESIANPOINTLIST3D(((-3.13,-0.044986266880292974,1.909783321889067),(-3.13,0.045,1.909783321889067),(-3.040013733119707,0.045,1.909783321889067),(-3.040013733119707,0.045,1.909783321889067),(-3.040013733119707,-0.044986266880292974,1.909783321889067),(-3.13,-0.044986266880292974,1.909783321889067),(-3.13,-0.044986266880292974,0.49),(-3.040013733119707,0.045,0.49),(-3.13,0.045,0.49),(-3.040013733119707,0.045,0.49),(-3.13,-0.044986266880292974,0.49),(-3.040013733119707,-0.044986266880292974,0.49),(-3.13,0.045,0.49),(-3.040013733119707,0.045,1.909783321889067),(-3.13,0.045,1.909783321889067),(-3.13,0.045,0.49),(-3.040013733119707,0.045,0.49),(-3.040013733119707,0.045,1.909783321889067),(-3.040013733119707,0.045,0.49),(-3.040013733119707,-0.044986266880292974,1.909783321889067),(-3.040013733119707,0.045,1.909783321889067),(-3.040013733119707,0.045,0.49),(-3.040013733119707,-0.044986266880292974,0.49),(-3.040013733119707,-0.044986266880292974,1.909783321889067),(-3.040013733119707,-0.044986266880292974,0.49),(-3.13,-0.044986266880292974,1.909783321889067),(-3.040013733119707,-0.044986266880292974,1.909783321889067),(-3.040013733119707,-0.044986266880292974,0.49),(-3.13,-0.044986266880292974,0.49),(-3.13,-0.044986266880292974,1.909783321889067),(-3.13,-0.044986266880292974,0.49),(-3.13,0.045,1.909783321889067),(-3.13,-0.044986266880292974,1.909783321889067),(-3.13,-0.044986266880292974,0.49),(-3.13,0.045,0.49),(-3.13,0.045,1.909783321889067)));
#197=IFCTRIANGULATEDFACESET(#196,$,$,((1.,2.,3.),(4.,5.,6.),(7.,8.,9.),(10.,11.,12.),(13.,14.,15.),(16.,17.,18.),(19.,20.,21.),(22.,23.,24.),(25.,26.,27.),(28.,29.,30.),(31.,32.,33.),(34.,35.,36.)),$);
#198=IFCCOLOURRGB($,0.5,0.4000000059604645,0.30000001192092896);
#199=IFCSURFACESTYLERENDERING(#198,$,$,$,$,$,$,$,$);
#200=IFCSURFACESTYLE($,$,(#199));
#201=IFCSTYLEDITEM(#197,(#200),$);
#202=IFCSHAPEREPRESENTATION(#13,'Body','Tessellation',(#197));
#203=IFCPRODUCTDEFINITIONSHAPE($,$,(#202));
#204=IFCMEMBER('0JVEm3S0n9thS6s2KCyDGB',#5,'IfcMember',$,$,#18,#203,$,$);
#205=IFCCARTESIANPOINTLIST3D(((-1.3599999999999999,-0.044986266880292974,1.909783321889067),(-1.3599999999999999,0.045,1.909783321889067),(-1.270013733119707,0.045,1.909783321889067),(-1.270013733119707,0.045,1.909783321889067),(-1.270013733119707,-0.044986266880292974,1.909783321889067),(-1.3599999999999999,-0.044986266880292974,1.909783321889067),(-1.3599999999999999,-0.044986266880292974,0.49),(-1.270013733119707,0.045,0.49),(-1.3599999999999999,0.045,0.49),(-1.270013733119707,0.045,0.49),(-1.3599999999999999,-0.044986266880292974,0.49),(-1.270013733119707,-0.044986266880292974,0.49),(-1.3599999999999999,0.045,0.49),(-1.270013733119707,0.045,1.909783321889067),(-1.3599999999999999,0.045,1.909783321889067),(-1.3599999999999999,0.045,0.49),(-1.270013733119707,0.045,0.49),(-1.270013733119707,0.045,1.909783321889067),(-1.270013733119707,0.045,0.49),(-1.270013733119707,-0.044986266880292974,1.909783321889067),(-1.270013733119707,0.045,1.909783321889067),(-1.270013733119707,0.045,0.49),(-1.270013733119707,-0.044986266880292974,0.49),(-1.270013733119707,-0.044986266880292974,1.909783321889067),(-1.270013733119707,-0.044986266880292974,0.49),(-1.3599999999999999,-0.044986266880292974,1.909783321889067),(-1.270013733119707,-0.044986266880292974,1.909783321889067),(-1.270013733119707,-0.044986266880292974,0.49),(-1.3599999999999999,-0.044986266880292974,0.49),(-1.3599999999999999,-0.044986266880292974,1.909783321889067),(-1.3599999999999999,-0.044986266880292974,0.49),(-1.3599999999999999,0.045,1.909783321889067),(-1.3599999999999999,-0.044986266880292974,1.909783321889067),(-1.3599999999999999,-0.044986266880292974,0.49),(-1.3599999999999999,0.045,0.49),(-1.3599999999999999,0.045,1.909783321889067)));
#206=IFCTRIANGULATEDFACESET(#205,$,$,((1.,2.,3.),(4.,5.,6.),(7.,8.,9.),(10.,11.,12.),(13.,14.,15.),(16.,17.,18.),(19.,20.,21.),(22.,23.,24.),(25.,26.,27.),(28.,29.,30.),(31.,32.,33.),(34.,35.,36.)),$);
#207=IFCCOLOURRGB($,0.5,0.4000000059604645,0.30000001192092896);
#208=IFCSURFACESTYLERENDERING(#207,$,$,$,$,$,$,$,$);
#209=IFCSURFACESTYLE($,$,(#208));
#210=IFCSTYLEDITEM(#206,(#209),$);
#211=IFCSHAPEREPRESENTATION(#13,'Body','Tessellation',(#206));
#212=IFCPRODUCTDEFINITIONSHAPE($,$,(#211));
#213=IFCMEMBER('2_hEiE7tr4bRvplniz35wR',#5,'IfcMember',$,$,#18,#212,$,$);
#214=IFCCARTESIANPOINTLIST3D(((-3.04,-0.00499847409781033,1.909783321889067),(-3.04,0.005,1.909783321889067),(-1.3602563515678647,0.005,1.909783321889067),(-1.3602563515678647,0.005,1.909783321889067),(-1.3602563515678647,-0.00499847409781033,1.909783321889067),(-3.04,-0.00499847409781033,1.909783321889067),(-3.04,-0.00499847409781033,0.49),(-1.3602563515678647,0.005,0.49),(-3.04,0.005,0.49),(-1.3602563515678647,0.005,0.49),(-3.04,-0.00499847409781033,0.49),(-1.3602563515678647,-0.00499847409781033,0.49),(-3.04,0.005,0.49),(-1.3602563515678647,0.005,1.909783321889067),(-3.04,0.005,1.909783321889067),(-3.04,0.005,0.49),(-1.3602563515678647,0.005,0.49),(-1.3602563515678647,0.005,1.909783321889067),(-1.3602563515678647,0.005,0.49),(-1.3602563515678647,-0.00499847409781033,1.909783321889067),(-1.3602563515678647,0.005,1.909783321889067),(-1.3602563515678647,0.005,0.49),(-1.3602563515678647,-0.00499847409781033,0.49),(-1.3602563515678647,-0.00499847409781033,1.909783321889067),(-1.3602563515678647,-0.00499847409781033,0.49),(-3.04,-0.00499847409781033,1.909783321889067),(-1.3602563515678647,-0.00499847409781033,1.909783321889067),(-1.3602563515678647,-0.00499847409781033,0.49),(-3.04,-0.00499847409781033,0.49),(-3.04,-0.00499847409781033,1.909783321889067),(-3.04,-0.00499847409781033,0.49),(-3.04,0.005,1.909783321889067),(-3.04,-0.00499847409781033,1.909783321889067),(-3.04,-0.00499847409781033,0.49),(-3.04,0.005,0.49),(-3.04,0.005,1.909783321889067)));
#215=IFCTRIANGULATEDFACESET(#214,$,$,((1.,2.,3.),(4.,5.,6.),(7.,8.,9.),(10.,11.,12.),(13.,14.,15.),(16.,17.,18.),(19.,20.,21.),(22.,23.,24.),(25.,26.,27.),(28.,29.,30.),(31.,32.,33.),(34.,35.,36.)),$);
#216=IFCCOLOURRGB($,0.6000000238418579,0.699999988079071,0.75);
#217=IFCSURFACESTYLERENDERING(#216,0.9,$,$,$,$,$,$,$);
#218=IFCSURFACESTYLE($,$,(#217));
#219=IFCSTYLEDITEM(#215,(#218),$);
#220=IFCSHAPEREPRESENTATION(#13,'Body','Tessellation',(#215));
#221=IFCPRODUCTDEFINITIONSHAPE($,$,(#220));
#222=IFCPLATE('3q76wCH4fD9wfHut$hXQU9',#5,'IfcPlate',$,$,#18,#221,$,$);
#223=IFCWINDOW('264LkiTB51KwAnZQEVhjv9',#5,'IfcWindow',$,$,$,$,$,$,$,$,$,$);
#224=IFCCARTESIANPOINTLIST3D(((-1.36,-0.044986266880292974,0.489986266880293),(-1.36,0.045,0.489986266880293),(0.49971618219272135,0.045,0.489986266880293),(0.49971618219272135,0.045,0.489986266880293),(0.49971618219272135,-0.044986266880292974,0.489986266880293),(-1.36,-0.044986266880292974,0.489986266880293),(-1.36,-0.044986266880292974,0.4),(0.49971618219272135,0.045,0.4),(-1.36,0.045,0.4),(0.49971618219272135,0.045,0.4),(-1.36,-0.044986266880292974,0.4),(0.49971618219272135,-0.044986266880292974,0.4),(-1.36,0.045,0.4),(0.49971618219272135,0.045,0.489986266880293),(-1.36,0.045,0.489986266880293),(-1.36,0.045,0.4),(0.49971618219272135,0.045,0.4),(0.49971618219272135,0.045,0.489986266880293),(0.49971618219272135,0.045,0.4),(0.49971618219272135,-0.044986266880292974,0.489986266880293),(0.49971618219272135,0.045,0.489986266880293),(0.49971618219272135,0.045,0.4),(0.49971618219272135,-0.044986266880292974,0.4),(0.49971618219272135,-0.044986266880292974,0.489986266880293),(0.49971618219272135,-0.044986266880292974,0.4),(-1.36,-0.044986266880292974,0.489986266880293),(0.49971618219272135,-0.044986266880292974,0.489986266880293),(0.49971618219272135,-0.044986266880292974,0.4),(-1.36,-0.044986266880292974,0.4),(-1.36,-0.044986266880292974,0.489986266880293),(-1.36,-0.044986266880292974,0.4),(-1.36,0.045,0.489986266880293),(-1.36,-0.044986266880292974,0.489986266880293),(-1.36,-0.044986266880292974,0.4),(-1.36,0.045,0.4),(-1.36,0.045,0.489986266880293)));
#225=IFCTRIANGULATEDFACESET(#224,$,$,((1.,2.,3.),(4.,5.,6.),(7.,8.,9.),(10.,11.,12.),(13.,14.,15.),(16.,17.,18.),(19.,20.,21.),(22.,23.,24.),(25.,26.,27.),(28.,29.,30.),(31.,32.,33.),(34.,35.,36.)),$);
#226=IFCCOLOURRGB($,0.5,0.4000000059604645,0.30000001192092896);
#227=IFCSURFACESTYLERENDERING(#226,$,$,$,$,$,$,$,$);
#228=IFCSURFACESTYLE($,$,(#227));
#229=IFCSTYLEDITEM(#225,(#228),$);
#230=IFCSHAPEREPRESENTATION(#13,'Body','Tessellation',(#225));
#231=IFCPRODUCTDEFINITIONSHAPE($,$,(#230));
#232=IFCMEMBER('1_fBe3$pH6Ah0y6KDKAuBg',#5,'IfcMember',$,$,#18,#231,$,$);
#233=IFCCARTESIANPOINTLIST3D(((-1.36,-0.044986266880292974,1.999986266880293),(-1.36,0.045,1.999986266880293),(0.49971618219272135,0.045,1.999986266880293),(0.49971618219272135,0.045,1.999986266880293),(0.49971618219272135,-0.044986266880292974,1.999986266880293),(-1.36,-0.044986266880292974,1.999986266880293),(-1.36,-0.044986266880292974,1.9100000000000001),(0.49971618219272135,0.045,1.9100000000000001),(-1.36,0.045,1.9100000000000001),(0.49971618219272135,0.045,1.9100000000000001),(-1.36,-0.044986266880292974,1.9100000000000001),(0.49971618219272135,-0.044986266880292974,1.9100000000000001),(-1.36,0.045,1.9100000000000001),(0.49971618219272135,0.045,1.999986266880293),(-1.36,0.045,1.999986266880293),(-1.36,0.045,1.9100000000000001),(0.49971618219272135,0.045,1.9100000000000001),(0.49971618219272135,0.045,1.999986266880293),(0.49971618219272135,0.045,1.9100000000000001),(0.49971618219272135,-0.044986266880292974,1.999986266880293),(0.49971618219272135,0.045,1.999986266880293),(0.49971618219272135,0.045,1.9100000000000001),(0.49971618219272135,-0.044986266880292974,1.9100000000000001),(0.49971618219272135,-0.044986266880292974,1.999986266880293),(0.49971618219272135,-0.044986266880292974,1.9100000000000001),(-1.36,-0.044986266880292974,1.999986266880293),(0.49971618219272135,-0.044986266880292974,1.999986266880293),(0.49971618219272135,-0.044986266880292974,1.9100000000000001),(-1.36,-0.044986266880292974,1.9100000000000001),(-1.36,-0.044986266880292974,1.999986266880293),(-1.36,-0.044986266880292974,1.9100000000000001),(-1.36,0.045,1.999986266880293),(-1.36,-0.044986266880292974,1.999986266880293),(-1.36,-0.044986266880292974,1.9100000000000001),(-1.36,0.045,1.9100000000000001),(-1.36,0.045,1.999986266880293)));
#234=IFCTRIANGULATEDFACESET(#233,$,$,((1.,2.,3.),(4.,5.,6.),(7.,8.,9.),(10.,11.,12.),(13.,14.,15.),(16.,17.,18.),(19.,20.,21.),(22.,23.,24.),(25.,26.,27.),(28.,29.,30.),(31.,32.,33.),(34.,35.,36.)),$);
#235=IFCCOLOURRGB($,0.5,0.4000000059604645,0.30000001192092896);
#236=IFCSURFACESTYLERENDERING(#235,$,$,$,$,$,$,$,$);
#237=IFCSURFACESTYLE($,$,(#236));
#238=IFCSTYLEDITEM(#234,(#237),$);
#239=IFCSHAPEREPRESENTATION(#13,'Body','Tessellation',(#234));
#240=IFCPRODUCTDEFINITIONSHAPE($,$,(#239));
#241=IFCMEMBER('25hNmIsg11SuylHUCRLbYI',#5,'IfcMember',$,$,#18,#240,$,$);
#242=IFCCARTESIANPOINTLIST3D(((-1.3599999999999999,-0.044986266880292974,1.909783321889067),(-1.3599999999999999,0.045,1.909783321889067),(-1.270013733119707,0.045,1.909783321889067),(-1.270013733119707,0.045,1.909783321889067),(-1.270013733119707,-0.044986266880292974,1.909783321889067),(-1.3599999999999999,-0.044986266880292974,1.909783321889067),(-1.3599999999999999,-0.044986266880292974,0.49),(-1.270013733119707,0.045,0.49),(-1.3599999999999999,0.045,0.49),(-1.270013733119707,0.045,0.49),(-1.3599999999999999,-0.044986266880292974,0.49),(-1.270013733119707,-0.044986266880292974,0.49),(-1.3599999999999999,0.045,0.49),(-1.270013733119707,0.045,1.909783321889067),(-1.3599999999999999,0.045,1.909783321889067),(-1.3599999999999999,0.045,0.49),(-1.270013733119707,0.045,0.49),(-1.270013733119707,0.045,1.909783321889067),(-1.270013733119707,0.045,0.49),(-1.270013733119707,-0.044986266880292974,1.909783321889067),(-1.270013733119707,0.045,1.909783321889067),(-1.270013733119707,0.045,0.49),(-1.270013733119707,-0.044986266880292974,0.49),(-1.270013733119707,-0.044986266880292974,1.909783321889067),(-1.270013733119707,-0.044986266880292974,0.49),(-1.3599999999999999,-0.044986266880292974,1.909783321889067),(-1.270013733119707,-0.044986266880292974,1.909783321889067),(-1.270013733119707,-0.044986266880292974,0.49),(-1.3599999999999999,-0.044986266880292974,0.49),(-1.3599999999999999,-0.044986266880292974,1.909783321889067),(-1.3599999999999999,-0.044986266880292974,0.49),(-1.3599999999999999,0.045,1.909783321889067),(-1.3599999999999999,-0.044986266880292974,1.909783321889067),(-1.3599999999999999,-0.044986266880292974,0.49),(-1.3599999999999999,0.045,0.49),(-1.3599999999999999,0.045,1.909783321889067)));
#243=IFCTRIANGULATEDFACESET(#242,$,$,((1.,2.,3.),(4.,5.,6.),(7.,8.,9.),(10.,11.,12.),(13.,14.,15.),(16.,17.,18.),(19.,20.,21.),(22.,23.,24.),(25.,26.,27.),(28.,29.,30.),(31.,32.,33.),(34.,35.,36.)),$);
#244=IFCCOLOURRGB($,0.5,0.4000000059604645,0.30000001192092896);
#245=IFCSURFACESTYLERENDERING(#244,$,$,$,$,$,$,$,$);
#246=IFCSURFACESTYLE($,$,(#245));
#247=IFCSTYLEDITEM(#243,(#246),$);
#248=IFCSHAPEREPRESENTATION(#13,'Body','Tessellation',(#243));
#249=IFCPRODUCTDEFINITIONSHAPE($,$,(#248));
#250=IFCMEMBER('21rgS7PJTEcgzIRicVSQr9',#5,'IfcMember',$,$,#18,#249,$,$);
#251=IFCCARTESIANPOINTLIST3D(((0.41000000000000003,-0.044986266880292974,1.909783321889067),(0.41000000000000003,0.045,1.909783321889067),(0.499986266880293,0.045,1.909783321889067),(0.499986266880293,0.045,1.909783321889067),(0.499986266880293,-0.044986266880292974,1.909783321889067),(0.41000000000000003,-0.044986266880292974,1.909783321889067),(0.41000000000000003,-0.044986266880292974,0.49),(0.499986266880293,0.045,0.49),(0.41000000000000003,0.045,0.49),(0.499986266880293,0.045,0.49),(0.41000000000000003,-0.044986266880292974,0.49),(0.499986266880293,-0.044986266880292974,0.49),(0.41000000000000003,0.045,0.49),(0.499986266880293,0.045,1.909783321889067),(0.41000000000000003,0.045,1.909783321889067),(0.41000000000000003,0.045,0.49),(0.499986266880293,0.045,0.49),(0.499986266880293,0.045,1.909783321889067),(0.499986266880293,0.045,0.49),(0.499986266880293,-0.044986266880292974,1.909783321889067),(0.499986266880293,0.045,1.909783321889067),(0.499986266880293,0.045,0.49),(0.499986266880293,-0.044986266880292974,0.49),(0.499986266880293,-0.044986266880292974,1.909783321889067),(0.499986266880293,-0.044986266880292974,0.49),(0.41000000000000003,-0.044986266880292974,1.909783321889067),(0.499986266880293,-0.044986266880292974,1.909783321889067),(0.499986266880293,-0.044986266880292974,0.49),(0.41000000000000003,-0.044986266880292974,0.49),(0.41000000000000003,-0.044986266880292974,1.909783321889067),(0.41000000000000003,-0.044986266880292974,0.49),(0.41000000000000003,0.045,1.909783321889067),(0.41000000000000003,-0.044986266880292974,1.909783321889067),(0.41000000000000003,-0.044986266880292974,0.49),(0.41000000000000003,0.045,0.49),(0.41000000000000003,0.045,1.909783321889067)));
#252=IFCTRIANGULATEDFACESET(#251,$,$,((1.,2.,3.),(4.,5.,6.),(7.,8.,9.),(10.,11.,12.),(13.,14.,15.),(16.,17.,18.),(19.,20.,21.),(22.,23.,24.),(25.,26.,27.),(28.,29.,30.),(31.,32.,33.),(34.,35.,36.)),$);
#253=IFCCOLOURRGB($,0.5,0.4000000059604645,0.30000001192092896);
#254=IFCSURFACESTYLERENDERING(#253,$,$,$,$,$,$,$,$);
#255=IFCSURFACESTYLE($,$,(#254));
#256=IFCSTYLEDITEM(#252,(#255),$);
#257=IFCSHAPEREPRESENTATION(#13,'Body','Tessellation',(#252));
#258=IFCPRODUCTDEFINITIONSHAPE($,$,(#257));
#259=IFCMEMBER('0Zqvcxsmz9sQEv5mFM8HsJ',#5,'IfcMember',$,$,#18,#258,$,$);
#260=IFCCARTESIANPOINTLIST3D(((-1.27,-0.00499847409781033,1.909783321889067),(-1.27,0.005,1.909783321889067),(0.40974364843213545,0.005,1.909783321889067),(0.40974364843213545,0.005,1.909783321889067),(0.40974364843213545,-0.00499847409781033,1.909783321889067),(-1.27,-0.00499847409781033,1.909783321889067),(-1.27,-0.00499847409781033,0.49),(0.40974364843213545,0.005,0.49),(-1.27,0.005,0.49),(0.40974364843213545,0.005,0.49),(-1.27,-0.00499847409781033,0.49),(0.40974364843213545,-0.00499847409781033,0.49),(-1.27,0.005,0.49),(0.40974364843213545,0.005,1.909783321889067),(-1.27,0.005,1.909783321889067),(-1.27,0.005,0.49),(0.40974364843213545,0.005,0.49),(0.40974364843213545,0.005,1.909783321889067),(0.40974364843213545,0.005,0.49),(0.40974364843213545,-0.00499847409781033,1.909783321889067),(0.40974364843213545,0.005,1.909783321889067),(0.40974364843213545,0.005,0.49),(0.40974364843213545,-0.00499847409781033,0.49),(0.40974364843213545,-0.00499847409781033,1.909783321889067),(0.40974364843213545,-0.00499847409781033,0.49),(-1.27,-0.00499847409781033,1.909783321889067),(0.40974364843213545,-0.00499847409781033,1.909783321889067),(0.40974364843213545,-0.00499847409781033,0.49),(-1.27,-0.00499847409781033,0.49),(-1.27,-0.00499847409781033,1.909783321889067),(-1.27,-0.00499847409781033,0.49),(-1.27,0.005,1.909783321889067),(-1.27,-0.00499847409781033,1.909783321889067),(-1.27,-0.00499847409781033,0.49),(-1.27,0.005,0.49),(-1.27,0.005,1.909783321889067)));
#261=IFCTRIANGULATEDFACESET(#260,$,$,((1.,2.,3.),(4.,5.,6.),(7.,8.,9.),(10.,11.,12.),(13.,14.,15.),(16.,17.,18.),(19.,20.,21.),(22.,23.,24.),(25.,26.,27.),(28.,29.,30.),(31.,32.,33.),(34.,35.,36.)),$);
#262=IFCCOLOURRGB($,0.6000000238418579,0.699999988079071,0.75);
#263=IFCSURFACESTYLERENDERING(#262,0.9,$,$,$,$,$,$,$);
#264=IFCSURFACESTYLE($,$,(#263));
#265=IFCSTYLEDITEM(#261,(#264),$);
#266=IFCSHAPEREPRESENTATION(#13,'Body','Tessellation',(#261));
#267=IFCPRODUCTDEFINITIONSHAPE($,$,(#266));
#268=IFCPLATE('2mxzwkYnTAaRbnWQoDxfDd',#5,'IfcPlate',$,$,#18,#267,$,$);
#269=IFCWINDOW('28oV4qOSTAifZ1tWIbpQS8',#5,'IfcWindow',$,$,$,$,$,$,$,$,$,$);
#270=IFCCARTESIANPOINTLIST3D(((2.07,-0.044986266880292974,0.489986266880293),(2.07,0.045,0.489986266880293),(3.9297161821927213,0.045,0.489986266880293),(3.9297161821927213,0.045,0.489986266880293),(3.9297161821927213,-0.044986266880292974,0.489986266880293),(2.07,-0.044986266880292974,0.489986266880293),(2.07,-0.044986266880292974,0.4),(3.9297161821927213,0.045,0.4),(2.07,0.045,0.4),(3.9297161821927213,0.045,0.4),(2.07,-0.044986266880292974,0.4),(3.9297161821927213,-0.044986266880292974,0.4),(2.07,0.045,0.4),(3.9297161821927213,0.045,0.489986266880293),(2.07,0.045,0.489986266880293),(2.07,0.045,0.4),(3.9297161821927213,0.045,0.4),(3.9297161821927213,0.045,0.489986266880293),(3.9297161821927213,0.045,0.4),(3.9297161821927213,-0.044986266880292974,0.489986266880293),(3.9297161821927213,0.045,0.489986266880293),(3.9297161821927213,0.045,0.4),(3.9297161821927213,-0.044986266880292974,0.4),(3.9297161821927213,-0.044986266880292974,0.489986266880293),(3.9297161821927213,-0.044986266880292974,0.4),(2.07,-0.044986266880292974,0.489986266880293),(3.9297161821927213,-0.044986266880292974,0.489986266880293),(3.9297161821927213,-0.044986266880292974,0.4),(2.07,-0.044986266880292974,0.4),(2.07,-0.044986266880292974,0.489986266880293),(2.07,-0.044986266880292974,0.4),(2.07,0.045,0.489986266880293),(2.07,-0.044986266880292974,0.489986266880293),(2.07,-0.044986266880292974,0.4),(2.07,0.045,0.4),(2.07,0.045,0.489986266880293)));
#271=IFCTRIANGULATEDFACESET(#270,$,$,((1.,2.,3.),(4.,5.,6.),(7.,8.,9.),(10.,11.,12.),(13.,14.,15.),(16.,17.,18.),(19.,20.,21.),(22.,23.,24.),(25.,26.,27.),(28.,29.,30.),(31.,32.,33.),(34.,35.,36.)),$);
#272=IFCCOLOURRGB($,0.5,0.4000000059604645,0.30000001192092896);
#273=IFCSURFACESTYLERENDERING(#272,$,$,$,$,$,$,$,$);
#274=IFCSURFACESTYLE($,$,(#273));
#275=IFCSTYLEDITEM(#271,(#274),$);
#276=IFCSHAPEREPRESENTATION(#13,'Body','Tessellation',(#271));
#277=IFCPRODUCTDEFINITIONSHAPE($,$,(#276));
#278=IFCMEMBER('2JhZ8dE9zFRg7NbrwHj$DV',#5,'IfcMember',$,$,#18,#277,$,$);
#279=IFCCARTESIANPOINTLIST3D(((2.07,-0.044986266880292974,1.999986266880293),(2.07,0.045,1.999986266880293),(3.9297161821927213,0.045,1.999986266880293),(3.9297161821927213,0.045,1.999986266880293),(3.9297161821927213,-0.044986266880292974,1.999986266880293),(2.07,-0.044986266880292974,1.999986266880293),(2.07,-0.044986266880292974,1.9100000000000001),(3.9297161821927213,0.045,1.9100000000000001),(2.07,0.045,1.9100000000000001),(3.9297161821927213,0.045,1.9100000000000001),(2.07,-0.044986266880292974,1.9100000000000001),(3.9297161821927213,-0.044986266880292974,1.9100000000000001),(2.07,0.045,1.9100000000000001),(3.9297161821927213,0.045,1.999986266880293),(2.07,0.045,1.999986266880293),(2.07,0.045,1.9100000000000001),(3.9297161821927213,0.045,1.9100000000000001),(3.9297161821927213,0.045,1.999986266880293),(3.9297161821927213,0.045,1.9100000000000001),(3.9297161821927213,-0.044986266880292974,1.999986266880293),(3.9297161821927213,0.045,1.999986266880293),(3.9297161821927213,0.045,1.9100000000000001),(3.9297161821927213,-0.044986266880292974,1.9100000000000001),(3.9297161821927213,-0.044986266880292974,1.999986266880293),(3.9297161821927213,-0.044986266880292974,1.9100000000000001),(2.07,-0.044986266880292974,1.999986266880293),(3.9297161821927213,-0.044986266880292974,1.999986266880293),(3.9297161821927213,-0.044986266880292974,1.9100000000000001),(2.07,-0.044986266880292974,1.9100000000000001),(2.07,-0.044986266880292974,1.999986266880293),(2.07,-0.044986266880292974,1.9100000000000001),(2.07,0.045,1.999986266880293),(2.07,-0.044986266880292974,1.999986266880293),(2.07,-0.044986266880292974,1.9100000000000001),(2.07,0.045,1.9100000000000001),(2.07,0.045,1.999986266880293)));
#280=IFCTRIANGULATEDFACESET(#279,$,$,((1.,2.,3.),(4.,5.,6.),(7.,8.,9.),(10.,11.,12.),(13.,14.,15.),(16.,17.,18.),(19.,20.,21.),(22.,23.,24.),(25.,26.,27.),(28.,29.,30.),(31.,32.,33.),(34.,35.,36.)),$);
#281=IFCCOLOURRGB($,0.5,0.4000000059604645,0.30000001192092896);
#282=IFCSURFACESTYLERENDERING(#281,$,$,$,$,$,$,$,$);
#283=IFCSURFACESTYLE($,$,(#282));
#284=IFCSTYLEDITEM(#280,(#283),$);
#285=IFCSHAPEREPRESENTATION(#13,'Body','Tessellation',(#280));
#286=IFCPRODUCTDEFINITIONSHAPE($,$,(#285));
#287=IFCMEMBER('3u5Uj47pLCOwFummEDAyIV',#5,'IfcMember',$,$,#18,#286,$,$);
#288=IFCCARTESIANPOINTLIST3D(((2.0700000000000003,-0.044986266880292974,1.909783321889067),(2.0700000000000003,0.045,1.909783321889067),(2.1599862668802934,0.045,1.909783321889067),(2.1599862668802934,0.045,1.909783321889067),(2.1599862668802934,-0.044986266880292974,1.909783321889067),(2.0700000000000003,-0.044986266880292974,1.909783321889067),(2.0700000000000003,-0.044986266880292974,0.49),(2.1599862668802934,0.045,0.49),(2.0700000000000003,0.045,0.49),(2.1599862668802934,0.045,0.49),(2.0700000000000003,-0.044986266880292974,0.49),(2.1599862668802934,-0.044986266880292974,0.49),(2.0700000000000003,0.045,0.49),(2.1599862668802934,0.045,1.909783321889067),(2.0700000000000003,0.045,1.909783321889067),(2.0700000000000003,0.045,0.49),(2.1599862668802934,0.045,0.49),(2.1599862668802934,0.045,1.909783321889067),(2.1599862668802934,0.045,0.49),(2.1599862668802934,-0.044986266880292974,1.909783321889067),(2.1599862668802934,0.045,1.909783321889067),(2.1599862668802934,0.045,0.49),(2.1599862668802934,-0.044986266880292974,0.49),(2.1599862668802934,-0.044986266880292974,1.909783321889067),(2.1599862668802934,-0.044986266880292974,0.49),(2.0700000000000003,-0.044986266880292974,1.909783321889067),(2.1599862668802934,-0.044986266880292974,1.909783321889067),(2.1599862668802934,-0.044986266880292974,0.49),(2.0700000000000003,-0.044986266880292974,0.49),(2.0700000000000003,-0.044986266880292974,1.909783321889067),(2.0700000000000003,-0.044986266880292974,0.49),(2.0700000000000003,0.045,1.909783321889067),(2.0700000000000003,-0.044986266880292974,1.909783321889067),(2.0700000000000003,-0.044986266880292974,0.49),(2.0700000000000003,0.045,0.49),(2.0700000000000003,0.045,1.909783321889067)));
#289=IFCTRIANGULATEDFACESET(#288,$,$,((1.,2.,3.),(4.,5.,6.),(7.,8.,9.),(10.,11.,12.),(13.,14.,15.),(16.,17.,18.),(19.,20.,21.),(22.,23.,24.),(25.,26.,27.),(28.,29.,30.),(31.,32.,33.),(34.,35.,36.)),$);
#290=IFCCOLOURRGB($,0.5,0.4000000059604645,0.30000001192092896);
#291=IFCSURFACESTYLERENDERING(#290,$,$,$,$,$,$,$,$);
#292=IFCSURFACESTYLE($,$,(#291));
#293=IFCSTYLEDITEM(#289,(#292),$);
#294=IFCSHAPEREPRESENTATION(#13,'Body','Tessellation',(#289));
#295=IFCPRODUCTDEFINITIONSHAPE($,$,(#294));
#296=IFCMEMBER('0xbCQVd4j9sPS$td0hHhSd',#5,'IfcMember',$,$,#18,#295,$,$);
#297=IFCCARTESIANPOINTLIST3D(((3.8400000000000003,-0.044986266880292974,1.909783321889067),(3.8400000000000003,0.045,1.909783321889067),(3.9299862668802934,0.045,1.909783321889067),(3.9299862668802934,0.045,1.909783321889067),(3.9299862668802934,-0.044986266880292974,1.909783321889067),(3.8400000000000003,-0.044986266880292974,1.909783321889067),(3.8400000000000003,-0.044986266880292974,0.49),(3.9299862668802934,0.045,0.49),(3.8400000000000003,0.045,0.49),(3.9299862668802934,0.045,0.49),(3.8400000000000003,-0.044986266880292974,0.49),(3.9299862668802934,-0.044986266880292974,0.49),(3.8400000000000003,0.045,0.49),(3.9299862668802934,0.045,1.909783321889067),(3.8400000000000003,0.045,1.909783321889067),(3.8400000000000003,0.045,0.49),(3.9299862668802934,0.045,0.49),(3.9299862668802934,0.045,1.909783321889067),(3.9299862668802934,0.045,0.49),(3.9299862668802934,-0.044986266880292974,1.909783321889067),(3.9299862668802934,0.045,1.909783321889067),(3.9299862668802934,0.045,0.49),(3.9299862668802934,-0.044986266880292974,0.49),(3.9299862668802934,-0.044986266880292974,1.909783321889067),(3.9299862668802934,-0.044986266880292974,0.49),(3.8400000000000003,-0.044986266880292974,1.909783321889067),(3.9299862668802934,-0.044986266880292974,1.909783321889067),(3.9299862668802934,-0.044986266880292974,0.49),(3.8400000000000003,-0.044986266880292974,0.49),(3.8400000000000003,-0.044986266880292974,1.909783321889067),(3.8400000000000003,-0.044986266880292974,0.49),(3.8400000000000003,0.045,1.909783321889067),(3.8400000000000003,-0.044986266880292974,1.909783321889067),(3.8400000000000003,-0.044986266880292974,0.49),(3.8400000000000003,0.045,0.49),(3.8400000000000003,0.045,1.909783321889067)));
#298=IFCTRIANGULATEDFACESET(#297,$,$,((1.,2.,3.),(4.,5.,6.),(7.,8.,9.),(10.,11.,12.),(13.,14.,15.),(16.,17.,18.),(19.,20.,21.),(22.,23.,24.),(25.,26.,27.),(28.,29.,30.),(31.,32.,33.),(34.,35.,36.)),$);
#299=IFCCOLOURRGB($,0.5,0.4000000059604645,0.30000001192092896);
#300=IFCSURFACESTYLERENDERING(#299,$,$,$,$,$,$,$,$);
#301=IFCSURFACESTYLE($,$,(#300));
#302=IFCSTYLEDITEM(#298,(#301),$);
#303=IFCSHAPEREPRESENTATION(#13,'Body','Tessellation',(#298));
#304=IFCPRODUCTDEFINITIONSHAPE($,$,(#303));
#305=IFCMEMBER('1M5LDGjbXB$Q0HRuB10GIl',#5,'IfcMember',$,$,#18,#304,$,$);
#306=IFCCARTESIANPOINTLIST3D(((2.16,-0.00499847409781033,1.909783321889067),(2.16,0.005,1.909783321889067),(3.8397436484321354,0.005,1.909783321889067),(3.8397436484321354,0.005,1.909783321889067),(3.8397436484321354,-0.00499847409781033,1.909783321889067),(2.16,-0.00499847409781033,1.909783321889067),(2.16,-0.00499847409781033,0.49),(3.8397436484321354,0.005,0.49),(2.16,0.005,0.49),(3.8397436484321354,0.005,0.49),(2.16,-0.00499847409781033,0.49),(3.8397436484321354,-0.00499847409781033,0.49),(2.16,0.005,0.49),(3.8397436484321354,0.005,1.909783321889067),(2.16,0.005,1.909783321889067),(2.16,0.005,0.49),(3.8397436484321354,0.005,0.49),(3.8397436484321354,0.005,1.909783321889067),(3.8397436484321354,0.005,0.49),(3.8397436484321354,-0.00499847409781033,1.909783321889067),(3.8397436484321354,0.005,1.909783321889067),(3.8397436484321354,0.005,0.49),(3.8397436484321354,-0.00499847409781033,0.49),(3.8397436484321354,-0.00499847409781033,1.909783321889067),(3.8397436484321354,-0.00499847409781033,0.49),(2.16,-0.00499847409781033,1.909783321889067),(3.8397436484321354,-0.00499847409781033,1.909783321889067),(3.8397436484321354,-0.00499847409781033,0.49),(2.16,-0.00499847409781033,0.49),(2.16,-0.00499847409781033,1.909783321889067),(2.16,-0.00499847409781033,0.49),(2.16,0.005,1.909783321889067),(2.16,-0.00499847409781033,1.909783321889067),(2.16,-0.00499847409781033,0.49),(2.16,0.005,0.49),(2.16,0.005,1.909783321889067)));
#307=IFCTRIANGULATEDFACESET(#306,$,$,((1.,2.,3.),(4.,5.,6.),(7.,8.,9.),(10.,11.,12.),(13.,14.,15.),(16.,17.,18.),(19.,20.,21.),(22.,23.,24.),(25.,26.,27.),(28.,29.,30.),(31.,32.,33.),(34.,35.,36.)),$);
#308=IFCCOLOURRGB($,0.6000000238418579,0.699999988079071,0.75);
#309=IFCSURFACESTYLERENDERING(#308,0.9,$,$,$,$,$,$,$);
#310=IFCSURFACESTYLE($,$,(#309));
#311=IFCSTYLEDITEM(#307,(#310),$);
#312=IFCSHAPEREPRESENTATION(#13,'Body','Tessellation',(#307));
#313=IFCPRODUCTDEFINITIONSHAPE($,$,(#312));
#314=IFCPLATE('1LABs4w3LA9f8kNIpY9bIC',#5,'IfcPlate',$,$,#18,#313,$,$);
#315=IFCWINDOW('06vjJfonD05QZ3$vYBHF4Q',#5,'IfcWindow',$,$,$,$,$,$,$,$,$,$);
#316=IFCCARTESIANPOINTLIST3D(((-4.899986266880293,0.04500000000000004,0.489986266880293),(-4.8100000000000005,0.04500000000000004,0.489986266880293),(-4.8100000000000005,-1.8147161821927213,0.489986266880293),(-4.8100000000000005,-1.8147161821927213,0.489986266880293),(-4.899986266880293,-1.8147161821927213,0.489986266880293),(-4.899986266880293,0.04500000000000004,0.489986266880293),(-4.899986266880293,0.04500000000000004,0.4),(-4.8100000000000005,-1.8147161821927213,0.4),(-4.8100000000000005,0.04500000000000004,0.4),(-4.8100000000000005,-1.8147161821927213,0.4),(-4.899986266880293,0.04500000000000004,0.4),(-4.899986266880293,-1.8147161821927213,0.4),(-4.8100000000000005,0.04500000000000004,0.4),(-4.8100000000000005,-1.8147161821927213,0.489986266880293),(-4.8100000000000005,0.04500000000000004,0.489986266880293),(-4.8100000000000005,0.04500000000000004,0.4),(-4.8100000000000005,-1.8147161821927213,0.4),(-4.8100000000000005,-1.8147161821927213,0.489986266880293),(-4.8100000000000005,-1.8147161821927213,0.4),(-4.899986266880293,-1.8147161821927213,0.489986266880293),(-4.8100000000000005,-1.8147161821927213,0.489986266880293),(-4.8100000000000005,-1.8147161821927213,0.4),(-4.899986266880293,-1.8147161821927213,0.4),(-4.899986266880293,-1.8147161821927213,0.489986266880293),(-4.899986266880293,-1.8147161821927213,0.4),(-4.899986266880293,0.04500000000000004,0.489986266880293),(-4.899986266880293,-1.8147161821927213,0.489986266880293),(-4.899986266880293,-1.8147161821927213,0.4),(-4.899986266880293,0.04500000000000004,0.4),(-4.899986266880293,0.04500000000000004,0.489986266880293),(-4.899986266880293,0.04500000000000004,0.4),(-4.8100000000000005,0.04500000000000004,0.489986266880293),(-4.899986266880293,0.04500000000000004,0.489986266880293),(-4.899986266880293,0.04500000000000004,0.4),(-4.8100000000000005,0.04500000000000004,0.4),(-4.8100000000000005,0.04500000000000004,0.489986266880293)));
#317=IFCTRIANGULATEDFACESET(#316,$,$,((1.,2.,3.),(4.,5.,6.),(7.,8.,9.),(10.,11.,12.),(13.,14.,15.),(16.,17.,18.),(19.,20.,21.),(22.,23.,24.),(25.,26.,27.),(28.,29.,30.),(31.,32.,33.),(34.,35.,36.)),$);
#318=IFCCOLOURRGB($,0.5,0.4000000059604645,0.30000001192092896);
#319=IFCSURFACESTYLERENDERING(#318,$,$,$,$,$,$,$,$);
#320=IFCSURFACESTYLE($,$,(#319));
#321=IFCSTYLEDITEM(#317,(#320),$);
#322=IFCSHAPEREPRESENTATION(#13,'Body','Tessellation',(#317));
#323=IFCPRODUCTDEFINITIONSHAPE($,$,(#322));
#324=IFCMEMBER('1xpKdp5gbC7gUlGgUpK0MP',#5,'IfcMember',$,$,#18,#323,$,$);
#325=IFCCARTESIANPOINTLIST3D(((-4.899986266880293,0.04500000000000004,1.999986266880293),(-4.8100000000000005,0.04500000000000004,1.999986266880293),(-4.8100000000000005,-1.8147161821927213,1.999986266880293),(-4.8100000000000005,-1.8147161821927213,1.999986266880293),(-4.899986266880293,-1.8147161821927213,1.999986266880293),(-4.899986266880293,0.04500000000000004,1.999986266880293),(-4.899986266880293,0.04500000000000004,1.9100000000000001),(-4.8100000000000005,-1.8147161821927213,1.9100000000000001),(-4.8100000000000005,0.04500000000000004,1.9100000000000001),(-4.8100000000000005,-1.8147161821927213,1.9100000000000001),(-4.899986266880293,0.04500000000000004,1.9100000000000001),(-4.899986266880293,-1.8147161821927213,1.9100000000000001),(-4.8100000000000005,0.04500000000000004,1.9100000000000001),(-4.8100000000000005,-1.8147161821927213,1.999986266880293),(-4.8100000000000005,0.04500000000000004,1.999986266880293),(-4.8100000000000005,0.04500000000000004,1.9100000000000001),(-4.8100000000000005,-1.8147161821927213,1.9100000000000001),(-4.8100000000000005,-1.8147161821927213,1.999986266880293),(-4.8100000000000005,-1.8147161821927213,1.9100000000000001),(-4.899986266880293,-1.8147161821927213,1.999986266880293),(-4.8100000000000005,-1.8147161821927213,1.999986266880293),(-4.8100000000000005,-1.8147161821927213,1.9100000000000001),(-4.899986266880293,-1.8147161821927213,1.9100000000000001),(-4.899986266880293,-1.8147161821927213,1.999986266880293),(-4.899986266880293,-1.8147161821927213,1.9100000000000001),(-4.899986266880293,0.04500000000000004,1.999986266880293),(-4.899986266880293,-1.8147161821927213,1.999986266880293),(-4.899986266880293,-1.8147161821927213,1.9100000000000001),(-4.899986266880293,0.04500000000000004,1.9100000000000001),(-4.899986266880293,0.04500000000000004,1.999986266880293),(-4.899986266880293,0.04500000000000004,1.9100000000000001),(-4.8100000000000005,0.04500000000000004,1.999986266880293),(-4.899986266880293,0.04500000000000004,1.999986266880293),(-4.899986266880293,0.04500000000000004,1.9100000000000001),(-4.8100000000000005,0.04500000000000004,1.9100000000000001),(-4.8100000000000005,0.04500000000000004,1.999986266880293)));
#326=IFCTRIANGULATEDFACESET(#325,$,$,((1.,2.,3.),(4.,5.,6.),(7.,8.,9.),(10.,11.,12.),(13.,14.,15.),(16.,17.,18.),(19.,20.,21.),(22.,23.,24.),(25.,26.,27.),(28.,29.,30.),(31.,32.,33.),(34.,35.,36.)),$);
#327=IFCCOLOURRGB($,0.5,0.4000000059604645,0.30000001192092896);
#328=IFCSURFACESTYLERENDERING(#327,$,$,$,$,$,$,$,$);
#329=IFCSURFACESTYLE($,$,(#328));
#330=IFCSTYLEDITEM(#326,(#329),$);
#331=IFCSHAPEREPRESENTATION(#13,'Body','Tessellation',(#326));
#332=IFCPRODUCTDEFINITIONSHAPE($,$,(#331));
#333=IFCMEMBER('1AK8NB$4D7mO4oIPaUNTG$',#5,'IfcMember',$,$,#18,#332,$,$);
#334=IFCCARTESIANPOINTLIST3D(((-4.899986266880293,0.045,1.909783321889067),(-4.8100000000000005,0.045,1.909783321889067),(-4.8100000000000005,-0.044986266880292974,1.909783321889067),(-4.8100000000000005,-0.044986266880292974,1.909783321889067),(-4.899986266880293,-0.044986266880292974,1.909783321889067),(-4.899986266880293,0.045,1.909783321889067),(-4.899986266880293,0.045,0.49),(-4.8100000000000005,-0.044986266880292974,0.49),(-4.8100000000000005,0.045,0.49),(-4.8100000000000005,-0.044986266880292974,0.49),(-4.899986266880293,0.045,0.49),(-4.899986266880293,-0.044986266880292974,0.49),(-4.8100000000000005,0.045,0.49),(-4.8100000000000005,-0.044986266880292974,1.909783321889067),(-4.8100000000000005,0.045,1.909783321889067),(-4.8100000000000005,0.045,0.49),(-4.8100000000000005,-0.044986266880292974,0.49),(-4.8100000000000005,-0.044986266880292974,1.909783321889067),(-4.8100000000000005,-0.044986266880292974,0.49),(-4.899986266880293,-0.044986266880292974,1.909783321889067),(-4.8100000000000005,-0.044986266880292974,1.909783321889067),(-4.8100000000000005,-0.044986266880292974,0.49),(-4.899986266880293,-0.044986266880292974,0.49),(-4.899986266880293,-0.044986266880292974,1.909783321889067),(-4.899986266880293,-0.044986266880292974,0.49),(-4.899986266880293,0.045,1.909783321889067),(-4.899986266880293,-0.044986266880292974,1.909783321889067),(-4.899986266880293,-0.044986266880292974,0.49),(-4.899986266880293,0.045,0.49),(-4.899986266880293,0.045,1.909783321889067),(-4.899986266880293,0.045,0.49),(-4.8100000000000005,0.045,1.909783321889067),(-4.899986266880293,0.045,1.909783321889067),(-4.899986266880293,0.045,0.49),(-4.8100000000000005,0.045,0.49),(-4.8100000000000005,0.045,1.909783321889067)));
#335=IFCTRIANGULATEDFACESET(#334,$,$,((1.,2.,3.),(4.,5.,6.),(7.,8.,9.),(10.,11.,12.),(13.,14.,15.),(16.,17.,18.),(19.,20.,21.),(22.,23.,24.),(25.,26.,27.),(28.,29.,30.),(31.,32.,33.),(34.,35.,36.)),$);
#336=IFCCOLOURRGB($,0.5,0.4000000059604645,0.30000001192092896);
#337=IFCSURFACESTYLERENDERING(#336,$,$,$,$,$,$,$,$);
#338=IFCSURFACESTYLE($,$,(#337));
#339=IFCSTYLEDITEM(#335,(#338),$);
#340=IFCSHAPEREPRESENTATION(#13,'Body','Tessellation',(#335));
#341=IFCPRODUCTDEFINITIONSHAPE($,$,(#340));
#342=IFCMEMBER('2gzlaKA5f29eJuEotja0jY',#5,'IfcMember',$,$,#18,#341,$,$);
#343=IFCCARTESIANPOINTLIST3D(((-4.899986266880293,-1.725,1.909783321889067),(-4.8100000000000005,-1.725,1.909783321889067),(-4.8100000000000005,-1.814986266880293,1.909783321889067),(-4.8100000000000005,-1.814986266880293,1.909783321889067),(-4.899986266880293,-1.814986266880293,1.909783321889067),(-4.899986266880293,-1.725,1.909783321889067),(-4.899986266880293,-1.725,0.49),(-4.8100000000000005,-1.814986266880293,0.49),(-4.8100000000000005,-1.725,0.49),(-4.8100000000000005,-1.814986266880293,0.49),(-4.899986266880293,-1.725,0.49),(-4.899986266880293,-1.814986266880293,0.49),(-4.8100000000000005,-1.725,0.49),(-4.8100000000000005,-1.814986266880293,1.909783321889067),(-4.8100000000000005,-1.725,1.909783321889067),(-4.8100000000000005,-1.725,0.49),(-4.8100000000000005,-1.814986266880293,0.49),(-4.8100000000000005,-1.814986266880293,1.909783321889067),(-4.8100000000000005,-1.814986266880293,0.49),(-4.899986266880293,-1.814986266880293,1.909783321889067),(-4.8100000000000005,-1.814986266880293,1.909783321889067),(-4.8100000000000005,-1.814986266880293,0.49),(-4.899986266880293,-1.814986266880293,0.49),(-4.899986266880293,-1.814986266880293,1.909783321889067),(-4.899986266880293,-1.814986266880293,0.49),(-4.899986266880293,-1.725,1.909783321889067),(-4.899986266880293,-1.814986266880293,1.909783321889067),(-4.899986266880293,-1.814986266880293,0.49),(-4.899986266880293,-1.725,0.49),(-4.899986266880293,-1.725,1.909783321889067),(-4.899986266880293,-1.725,0.49),(-4.8100000000000005,-1.725,1.909783321889067),(-4.899986266880293,-1.725,1.909783321889067),(-4.899986266880293,-1.725,0.49),(-4.8100000000000005,-1.725,0.49),(-4.8100000000000005,-1.725,1.909783321889067)));
#344=IFCTRIANGULATEDFACESET(#343,$,$,((1.,2.,3.),(4.,5.,6.),(7.,8.,9.),(10.,11.,12.),(13.,14.,15.),(16.,17.,18.),(19.,20.,21.),(22.,23.,24.),(25.,26.,27.),(28.,29.,30.),(31.,32.,33.),(34.,35.,36.)),$);
#345=IFCCOLOURRGB($,0.5,0.4000000059604645,0.30000001192092896);
#346=IFCSURFACESTYLERENDERING(#345,$,$,$,$,$,$,$,$);
#347=IFCSURFACESTYLE($,$,(#346));
#348=IFCSTYLEDITEM(#344,(#347),$);
#349=IFCSHAPEREPRESENTATION(#13,'Body','Tessellation',(#344));
#350=IFCPRODUCTDEFINITIONSHAPE($,$,(#349));
#351=IFCMEMBER('1byKvSajfBRfnYDpHerwF$',#5,'IfcMember',$,$,#18,#350,$,$);
#352=IFCCARTESIANPOINTLIST3D(((-4.859998474097811,-0.04500000000000004,1.909783321889067),(-4.8500000000000005,-0.04500000000000004,1.909783321889067),(-4.8500000000000005,-1.7247436484321355,1.909783321889067),(-4.8500000000000005,-1.7247436484321355,1.909783321889067),(-4.859998474097811,-1.7247436484321355,1.909783321889067),(-4.859998474097811,-0.04500000000000004,1.909783321889067),(-4.859998474097811,-0.04500000000000004,0.49),(-4.8500000000000005,-1.7247436484321355,0.49),(-4.8500000000000005,-0.04500000000000004,0.49),(-4.8500000000000005,-1.7247436484321355,0.49),(-4.859998474097811,-0.04500000000000004,0.49),(-4.859998474097811,-1.7247436484321355,0.49),(-4.8500000000000005,-0.04500000000000004,0.49),(-4.8500000000000005,-1.7247436484321355,1.909783321889067),(-4.8500000000000005,-0.04500000000000004,1.909783321889067),(-4.8500000000000005,-0.04500000000000004,0.49),(-4.8500000000000005,-1.7247436484321355,0.49),(-4.8500000000000005,-1.7247436484321355,1.909783321889067),(-4.8500000000000005,-1.7247436484321355,0.49),(-4.859998474097811,-1.7247436484321355,1.909783321889067),(-4.8500000000000005,-1.7247436484321355,1.909783321889067),(-4.8500000000000005,-1.7247436484321355,0.49),(-4.859998474097811,-1.7247436484321355,0.49),(-4.859998474097811,-1.7247436484321355,1.909783321889067),(-4.859998474097811,-1.7247436484321355,0.49),(-4.859998474097811,-0.04500000000000004,1.909783321889067),(-4.859998474097811,-1.7247436484321355,1.909783321889067),(-4.859998474097811,-1.7247436484321355,0.49),(-4.859998474097811,-0.04500000000000004,0.49),(-4.859998474097811,-0.04500000000000004,1.909783321889067),(-4.859998474097811,-0.04500000000000004,0.49),(-4.8500000000000005,-0.04500000000000004,1.909783321889067),(-4.859998474097811,-0.04500000000000004,1.909783321889067),(-4.859998474097811,-0.04500000000000004,0.49),(-4.8500000000000005,-0.04500000000000004,0.49),(-4.8500000000000005,-0.04500000000000004,1.909783321889067)));
#353=IFCTRIANGULATEDFACESET(#352,$,$,((1.,2.,3.),(4.,5.,6.),(7.,8.,9.),(10.,11.,12.),(13.,14.,15.),(16.,17.,18.),(19.,20.,21.),(22.,23.,24.),(25.,26.,27.),(28.,29.,30.),(31.,32.,33.),(34.,35.,36.)),$);
#354=IFCCOLOURRGB($,0.6000000238418579,0.699999988079071,0.75);
#355=IFCSURFACESTYLERENDERING(#354,0.9,$,$,$,$,$,$,$);
#356=IFCSURFACESTYLE($,$,(#355));
#357=IFCSTYLEDITEM(#353,(#356),$);
#358=IFCSHAPEREPRESENTATION(#13,'Body','Tessellation',(#353));
#359=IFCPRODUCTDEFINITIONSHAPE($,$,(#358));
#360=IFCPLATE('3_ZjiCza596Rc$P36dqhCG',#5,'IfcPlate',$,$,#18,#359,$,$);
#361=IFCRELAGGREGATES('4830b71b-689e-4bb0-802e-61cb31904f62',#5,'IfcRelAggregates',$,#19,(#28));
#362=IFCRELAGGREGATES('708f4c11-ea3e-4b06-a120-f367a17dadb0',#5,'IfcRelAggregates',$,#28,(#29));
#363=IFCRELAGGREGATES('dce0e5b9-c49d-44eb-ab95-50c421004e3f',#5,'IfcRelAggregates',$,#29,(#30));
#364=IFCRELCONTAINEDINSPATIALSTRUCTURE('d8555317-b8f5-4bf4-a142-9ef247388325',#5,'IfcRelContainedInSpatialStructure',$,(#39,#48,#49,#76,#85,#94,#103,#130,#131,#177,#223,#269,#315),#30);
#365=IFCRELAGGREGATES('00114b57-87b3-4db6-9014-53890c185b39',#5,'IfcRelAggregates',$,#49,(#58,#67));
#366=IFCRELAGGREGATES('4e245897-1ce6-41a0-aef9-bd80990a356d',#5,'IfcRelAggregates',$,#131,(#140,#149,#158,#167,#176));
#367=IFCRELAGGREGATES('a38b7b3c-d477-4abb-81c9-ff46972e76b1',#5,'IfcRelAggregates',$,#177,(#186,#195,#204,#213,#222));
#368=IFCRELAGGREGATES('c57d1415-dcdb-444a-b509-3684503aabe6',#5,'IfcRelAggregates',$,#223,(#232,#241,#250,#259,#268));
#369=IFCRELAGGREGATES('f9ce5a1e-99e7-4a34-8c5a-654cbdb73da7',#5,'IfcRelAggregates',$,#269,(#278,#287,#296,#305,#314));
#370=IFCRELAGGREGATES('95839521-70b7-4a3e-9167-05d69978c2a5',#5,'IfcRelAggregates',$,#315,(#324,#333,#342,#351,#360));
ENDSEC;
END-ISO-10303-21;
