ISO-10303-21;
HEADER;
FILE_DESCRIPTION(('ViewDefinition [CoordinationView_V2.0]','RevitIdentifiers [VersionGUID: 2b9219c6-c932-4a63-9bce-5a705b2a3d8e, NumberOfSaves: 13]','CoordinateReference [CoordinateBase: Shared Coordinates]'),'2;1');
FILE_NAME('// PROJECT/NUMBER //','2026-05-29T13:04:46+01:00',(''),(''),'ODA SDAI 22.12','Autodesk Revit 23.1.30.97 (ENU) - IFC 23.3.1.0','');
FILE_SCHEMA(('IFC2X3'));
ENDSEC;

DATA;
#1=IFCORGANIZATION($,'Autodesk Revit 2023 (ENU)',$,$,$);
#2=IFCAPPLICATION(#1,'2023','Autodesk Revit 2023 (ENU)','Revit');
#3=IFCCARTESIANPOINT((0.,0.,0.));
#4=IFCCARTESIANPOINT((0.,0.));
#5=IFCDIRECTION((1.,0.,0.));
#6=IFCDIRECTION((-1.,0.,0.));
#7=IFCDIRECTION((0.,1.,0.));
#8=IFCDIRECTION((0.,-1.,0.));
#9=IFCDIRECTION((0.,0.,1.));
#10=IFCDIRECTION((0.,0.,-1.));
#11=IFCDIRECTION((1.,0.));
#12=IFCDIRECTION((-1.,0.));
#13=IFCDIRECTION((0.,1.));
#14=IFCDIRECTION((0.,-1.));
#15=IFCPERSON($,'//','//',('AUTHOR'),$,$,$,$);
#16=IFCORGANIZATION($,'// ORGANIZATION/NAME //','// ORGANIZATION/DESCRIPTION //',$,$);
#17=IFCPERSONANDORGANIZATION(#15,#16,$);
#18=IFCOWNERHISTORY(#17,#2,$,.NOCHANGE.,$,$,$,1780050909);
#19=IFCSIUNIT(*,.LENGTHUNIT.,.MILLI.,.METRE.);
#20=IFCSIUNIT(*,.LENGTHUNIT.,$,.METRE.);
#21=IFCSIUNIT(*,.AREAUNIT.,$,.SQUARE_METRE.);
#22=IFCSIUNIT(*,.VOLUMEUNIT.,$,.CUBIC_METRE.);
#23=IFCSIUNIT(*,.PLANEANGLEUNIT.,$,.RADIAN.);
#24=IFCDIMENSIONALEXPONENTS(0,0,0,0,0,0,0);
#25=IFCMEASUREWITHUNIT(IFCPLANEANGLEMEASURE(0.017453292519943278),#23);
#26=IFCCONVERSIONBASEDUNIT(#24,.PLANEANGLEUNIT.,'DEGREE',#25);
#27=IFCSIUNIT(*,.MASSUNIT.,.KILO.,.GRAM.);
#28=IFCDERIVEDUNITELEMENT(#27,1);
#29=IFCDERIVEDUNITELEMENT(#20,-3);
#30=IFCDERIVEDUNIT((#28,#29),.MASSDENSITYUNIT.,$);
#31=IFCDERIVEDUNIT((#28,#29),.IONCONCENTRATIONUNIT.,$);
#32=IFCDERIVEDUNITELEMENT(#20,4);
#33=IFCDERIVEDUNIT((#32),.MOMENTOFINERTIAUNIT.,$);
#34=IFCSIUNIT(*,.TIMEUNIT.,$,.SECOND.);
#35=IFCSIUNIT(*,.FREQUENCYUNIT.,$,.HERTZ.);
#36=IFCSIUNIT(*,.THERMODYNAMICTEMPERATUREUNIT.,$,.KELVIN.);
#37=IFCSIUNIT(*,.THERMODYNAMICTEMPERATUREUNIT.,$,.DEGREE_CELSIUS.);
#38=IFCDERIVEDUNITELEMENT(#36,-1);
#39=IFCDERIVEDUNITELEMENT(#34,-3);
#40=IFCDERIVEDUNIT((#28,#38,#39),.THERMALTRANSMITTANCEUNIT.,$);
#41=IFCDERIVEDUNITELEMENT(#20,1);
#42=IFCDERIVEDUNIT((#28,#38,#39,#41),.THERMALCONDUCTANCEUNIT.,$);
#43=IFCSIUNIT(*,.LENGTHUNIT.,.DECI.,.METRE.);
#44=IFCDERIVEDUNITELEMENT(#43,3);
#45=IFCDERIVEDUNITELEMENT(#34,-1);
#46=IFCDERIVEDUNIT((#44,#45),.VOLUMETRICFLOWRATEUNIT.,$);
#47=IFCDERIVEDUNIT((#28,#45),.MASSFLOWRATEUNIT.,$);
#48=IFCDERIVEDUNIT((#45),.ROTATIONALFREQUENCYUNIT.,$);
#49=IFCSIUNIT(*,.ELECTRICCURRENTUNIT.,$,.AMPERE.);
#50=IFCSIUNIT(*,.ELECTRICVOLTAGEUNIT.,$,.VOLT.);
#51=IFCSIUNIT(*,.POWERUNIT.,$,.WATT.);
#52=IFCSIUNIT(*,.FORCEUNIT.,.KILO.,.NEWTON.);
#53=IFCSIUNIT(*,.ILLUMINANCEUNIT.,$,.LUX.);
#54=IFCSIUNIT(*,.LUMINOUSFLUXUNIT.,$,.LUMEN.);
#55=IFCSIUNIT(*,.LUMINOUSINTENSITYUNIT.,$,.CANDELA.);
#56=IFCSIUNIT(*,.ENERGYUNIT.,$,.JOULE.);
#57=IFCDERIVEDUNITELEMENT(#27,-1);
#58=IFCDERIVEDUNITELEMENT(#20,-2);
#59=IFCDERIVEDUNITELEMENT(#34,3);
#60=IFCDERIVEDUNITELEMENT(#54,1);
#61=IFCDERIVEDUNIT((#57,#58,#59,#60),.USERDEFINED.,'Luminous Efficacy');
#62=IFCDERIVEDUNITELEMENT(#20,3);
#63=IFCDERIVEDUNITELEMENT(#49,-2);
#64=IFCDERIVEDUNIT((#28,#39,#62,#63),.USERDEFINED.,'Electrical Resistivity');
#65=IFCDERIVEDUNITELEMENT(#20,2);
#66=IFCDERIVEDUNIT((#28,#39,#65),.SOUNDPOWERUNIT.,$);
#67=IFCDERIVEDUNITELEMENT(#20,-1);
#68=IFCDERIVEDUNITELEMENT(#34,-2);
#69=IFCDERIVEDUNIT((#28,#67,#68),.SOUNDPRESSUREUNIT.,$);
#70=IFCDERIVEDUNIT((#41,#45),.LINEARVELOCITYUNIT.,$);
#71=IFCSIUNIT(*,.PRESSUREUNIT.,$,.PASCAL.);
#72=IFCDERIVEDUNIT((#28,#58,#68),.USERDEFINED.,'Friction Loss');
#73=IFCDERIVEDUNIT((#28,#68),.LINEARFORCEUNIT.,$);
#74=IFCDERIVEDUNIT((#28,#67,#68),.PLANARFORCEUNIT.,$);
#75=IFCDERIVEDUNIT((#38,#65,#68),.SPECIFICHEATCAPACITYUNIT.,$);
#76=IFCDERIVEDUNIT((#28,#39),.HEATFLUXDENSITYUNIT.,$);
#77=IFCDERIVEDUNIT((#65,#68),.HEATINGVALUEUNIT.,$);
#78=IFCDERIVEDUNITELEMENT(#34,1);
#79=IFCDERIVEDUNIT((#67,#78),.VAPORPERMEABILITYUNIT.,$);
#80=IFCDERIVEDUNIT((#28,#45,#67),.DYNAMICVISCOSITYUNIT.,$);
#81=IFCDERIVEDUNIT((#38),.THERMALEXPANSIONCOEFFICIENTUNIT.,$);
#82=IFCDERIVEDUNIT((#28,#67,#68),.MODULUSOFELASTICITYUNIT.,$);
#83=IFCDERIVEDUNIT((#57,#62),.ISOTHERMALMOISTURECAPACITYUNIT.,$);
#84=IFCDERIVEDUNIT((#45,#65),.MOISTUREDIFFUSIVITYUNIT.,$);
#85=IFCDERIVEDUNIT((#28,#67),.MASSPERLENGTHUNIT.,$);
#86=IFCDERIVEDUNITELEMENT(#36,1);
#87=IFCDERIVEDUNIT((#57,#59,#86),.THERMALRESISTANCEUNIT.,$);
#88=IFCDERIVEDUNIT((#41,#68),.ACCELERATIONUNIT.,$);
#89=IFCDERIVEDUNITELEMENT(#23,1);
#90=IFCDERIVEDUNIT((#45,#89),.ANGULARVELOCITYUNIT.,$);
#91=IFCDERIVEDUNIT((#28,#68),.LINEARSTIFFNESSUNIT.,$);
#92=IFCDERIVEDUNITELEMENT(#20,6);
#93=IFCDERIVEDUNIT((#92),.WARPINGCONSTANTUNIT.,$);
#94=IFCDERIVEDUNIT((#28,#41,#68),.LINEARMOMENTUNIT.,$);
#95=IFCDERIVEDUNIT((#28,#65,#68),.TORQUEUNIT.,$);
#96=IFCUNITASSIGNMENT((#19,#21,#22,#26,#27,#30,#31,#33,#34,#35,#37,#40,#42,#46,#47,#48,#49,#50,#51,#52,#53,#54,#55,#56,#61,#64,#66,#69,#70,#71,#72,#73,#74,#75,#76,#77,#79,#80,#81,#82,#83,#84,#85,#87,#88,#90,#91,#93,#94,#95));
#97=IFCAXIS2PLACEMENT3D(#3,$,$);
#98=IFCDIRECTION((6.1230317691118863E-17,1.));
#99=IFCGEOMETRICREPRESENTATIONCONTEXT($,'Model',3,0.01,#97,#98);
#100=IFCGEOMETRICREPRESENTATIONSUBCONTEXT('Axis','Model',*,*,*,*,#99,$,.GRAPH_VIEW.,$);
#101=IFCGEOMETRICREPRESENTATIONSUBCONTEXT('Body','Model',*,*,*,*,#99,$,.MODEL_VIEW.,$);
#102=IFCGEOMETRICREPRESENTATIONSUBCONTEXT('Box','Model',*,*,*,*,#99,$,.MODEL_VIEW.,$);
#103=IFCGEOMETRICREPRESENTATIONSUBCONTEXT('FootPrint','Model',*,*,*,*,#99,$,.MODEL_VIEW.,$);
#104=IFCPROJECT('2nxdYR2RHCDBiKJulbA_QU',#18,'// PROJECT/NUMBER //',$,$,'// PROJECT/NAME //','// PROJECT/STATUS //',(#99),#96);
#105=IFCCLASSIFICATION('CSI (Construction Specifications Institute)','1998',$,'Uniformat');
#106=IFCAXIS2PLACEMENT3D(#3,$,$);
#107=IFCLOCALPLACEMENT(#118,#106);
#108=IFCPOSTALADDRESS($,$,$,$,('Enter address here'),$,'','Boston','','MA');
#109=IFCBUILDING('2nxdYR2RHCDBiKJulbA_QV',#18,'// BUILDING/NAME //',$,$,#107,$,'// BUILDING/NAME //',.ELEMENT.,$,$,#108);
#110=IFCAXIS2PLACEMENT3D(#3,$,$);
#111=IFCLOCALPLACEMENT(#107,#110);
#112=IFCBUILDINGSTOREY('3Zu5Bv0LOHrPC10026FoQQ',#18,'Level 1',$,'Level:8mm Head',#111,$,'Level 1',.ELEMENT.,0.);
#113=IFCCARTESIANPOINT((0.,0.,4000.));
#114=IFCAXIS2PLACEMENT3D(#113,$,$);
#115=IFCLOCALPLACEMENT(#107,#114);
#116=IFCBUILDINGSTOREY('15Z0v90RiHrPC20026FoKR',#18,'Level 2',$,'Level:8mm Head',#115,$,'Level 2',.ELEMENT.,4000.0000000000005);
#117=IFCAXIS2PLACEMENT3D(#3,$,$);
#118=IFCLOCALPLACEMENT($,#117);
#119=IFCSITE('2nxdYR2RHCDBiKJulbA_QS',#18,'Default',$,$,#118,$,$,.ELEMENT.,(42,21,31,181945),(-71,-3,-24,-263305),0.,$,$);
#120=IFCAXIS2PLACEMENT3D(#3,$,$);
#121=IFCLOCALPLACEMENT(#111,#120);
#122=IFCCARTESIANPOINT((-639.99999999999977,80.000000000001819));
#123=IFCAXIS2PLACEMENT2D(#122,#11);
#124=IFCRECTANGLEPROFILEDEF(.AREA.,$,#123,6400.,7800.0000000000036);
#125=IFCCARTESIANPOINT((-10762.667853681807,211.70155535527255,0.));
#126=IFCAXIS2PLACEMENT3D(#125,#9,#8);
#127=IFCEXTRUDEDAREASOLID(#124,#126,#9,4000.0000000000005);
#128=IFCSHAPEREPRESENTATION(#101,'Body','SweptSolid',(#127));
#129=IFCPRODUCTDEFINITIONSHAPE($,$,(#128));
#130=IFCSPACE('2cXV28XOjE6f6irgi0COJ6',#18,'1',$,$,#121,#129,'Room',.ELEMENT.,.INTERNAL.,$);
#131=IFCSPACETYPE('2cXV28XOjE6f6itgi0COJ6',#18,'Room 1:355754',$,$,$,$,'355754',$,.NOTDEFINED.);
#132=IFCPROPERTYSINGLEVALUE('Name',$,IFCLABEL('Room'),$);
#133=IFCPROPERTYSET('0vrxanwM9609QTLlfvzvfl',#18,'Pset_AirSideSystemInformation',$,(#132));
#134=IFCPROPERTYSINGLEVALUE('Name',$,IFCLABEL('Room'),$);
#135=IFCPROPERTYSET('2_xH4_b_4VrY0ZX6yLwu99',#18,'Pset_ProductRequirements',$,(#134));
#136=IFCPROPERTYSINGLEVALUE('Reference',$,IFCIDENTIFIER('Room 1'),$);
#137=IFCPROPERTYSET('2kB3v_AeTwbsz1dWGgcEWU',#18,'Pset_SpaceCommon',$,(#136));
#138=IFCRELDEFINESBYPROPERTIES('2kFqnjopVLdy$YisOmwVNA',#18,$,$,(#130),#133);
#139=IFCRELDEFINESBYPROPERTIES('0QNMv5TErmokfaWVizkSmj',#18,$,$,(#130),#135);
#140=IFCRELDEFINESBYPROPERTIES('22ccs3r2WafL42N5iuGUPD',#18,$,$,(#130),#137);
#141=IFCAXIS2PLACEMENT3D(#3,$,$);
#142=IFCLOCALPLACEMENT(#111,#141);
#143=IFCCARTESIANPOINT((-6.8212102632969618E-13,4.5474735088646412E-13));
#144=IFCAXIS2PLACEMENT2D(#143,#11);
#145=IFCRECTANGLEPROFILEDEF(.AREA.,$,#144,5100.0000000000291,7800.0000000000036);
#146=IFCCARTESIANPOINT((-10682.667853681794,6801.7015553552865,0.));
#147=IFCAXIS2PLACEMENT3D(#146,#9,#8);
#148=IFCEXTRUDEDAREASOLID(#145,#147,#9,4000.0000000000005);
#149=IFCSHAPEREPRESENTATION(#101,'Body','SweptSolid',(#148));
#150=IFCPRODUCTDEFINITIONSHAPE($,$,(#149));
#151=IFCSPACE('2cXV28XOjE6f6irgi0COJ1',#18,'2',$,$,#142,#150,'Room',.ELEMENT.,.INTERNAL.,$);
#152=IFCSPACETYPE('2cXV28XOjE6f6itgi0COJ1',#18,'Room 2:355757',$,$,$,$,'355757',$,.NOTDEFINED.);
#153=IFCPROPERTYSINGLEVALUE('Name',$,IFCLABEL('Room'),$);
#154=IFCPROPERTYSET('0lL_c4GBUpSf$OMJaDTY6T',#18,'Pset_AirSideSystemInformation',$,(#153));
#155=IFCPROPERTYSINGLEVALUE('Name',$,IFCLABEL('Room'),$);
#156=IFCPROPERTYSET('3_L6vNxEV2j9APCQ1zb66r',#18,'Pset_ProductRequirements',$,(#155));
#157=IFCPROPERTYSINGLEVALUE('Reference',$,IFCIDENTIFIER('Room 2'),$);
#158=IFCPROPERTYSET('274GMVyfq94IEMPNOE45X6',#18,'Pset_SpaceCommon',$,(#157));
#159=IFCRELDEFINESBYPROPERTIES('34WJkzvkSgc2xfyRc79z3Y',#18,$,$,(#151),#154);
#160=IFCRELDEFINESBYPROPERTIES('1mhMO71up5d_7yqR0Fbg0r',#18,$,$,(#151),#156);
#161=IFCRELDEFINESBYPROPERTIES('1xhSZSjOrWIuy0aaFcdxI9',#18,$,$,(#151),#158);
#162=IFCAXIS2PLACEMENT3D(#3,$,$);
#163=IFCLOCALPLACEMENT(#111,#162);
#164=IFCCARTESIANPOINT((4.5474735088646412E-13,1.1368683772161603E-12));
#165=IFCAXIS2PLACEMENT2D(#164,#11);
#166=IFCRECTANGLEPROFILEDEF(.AREA.,$,#165,4200.,7899.9999999999991);
#167=IFCCARTESIANPOINT((-8882.6678536818144,-6498.2984446447344,0.));
#168=IFCAXIS2PLACEMENT3D(#167,$,$);
#169=IFCEXTRUDEDAREASOLID(#166,#168,#9,4000.0000000000005);
#170=IFCSHAPEREPRESENTATION(#101,'Body','SweptSolid',(#169));
#171=IFCPRODUCTDEFINITIONSHAPE($,$,(#170));
#172=IFCSPACE('2cXV28XOjE6f6irgi0COJS',#18,'3',$,$,#163,#171,'Room',.ELEMENT.,.INTERNAL.,$);
#173=IFCSPACETYPE('2cXV28XOjE6f6itgi0COJS',#18,'Room 3:355760',$,$,$,$,'355760',$,.NOTDEFINED.);
#174=IFCPROPERTYSINGLEVALUE('Name',$,IFCLABEL('Room'),$);
#175=IFCPROPERTYSET('2YQ3UuB7NdUaK08giGP0t_',#18,'Pset_AirSideSystemInformation',$,(#174));
#176=IFCPROPERTYSINGLEVALUE('Name',$,IFCLABEL('Room'),$);
#177=IFCPROPERTYSET('2onPz0qxlIJ60dCCr3QdEy',#18,'Pset_ProductRequirements',$,(#176));
#178=IFCPROPERTYSINGLEVALUE('Reference',$,IFCIDENTIFIER('Room 3'),$);
#179=IFCPROPERTYSET('3CtbujB0_AQD4KHqYk0puF',#18,'Pset_SpaceCommon',$,(#178));
#180=IFCRELDEFINESBYPROPERTIES('1_xmfwvsuKWJAQcMwTasE1',#18,$,$,(#172),#175);
#181=IFCRELDEFINESBYPROPERTIES('2b6MGzfMCs9rAWjLEEsUJd',#18,$,$,(#172),#177);
#182=IFCRELDEFINESBYPROPERTIES('3hcYcNiqDO6V84S1gATfYo',#18,$,$,(#172),#179);
#183=IFCAXIS2PLACEMENT3D(#3,$,$);
#184=IFCLOCALPLACEMENT(#111,#183);
#185=IFCCARTESIANPOINT((0.,6.8212102632969618E-13));
#186=IFCAXIS2PLACEMENT2D(#185,#11);
#187=IFCRECTANGLEPROFILEDEF(.AREA.,$,#186,3400.0000000000068,7900.);
#188=IFCCARTESIANPOINT((-12882.667853681814,-6498.2984446447217,0.));
#189=IFCAXIS2PLACEMENT3D(#188,$,$);
#190=IFCEXTRUDEDAREASOLID(#187,#189,#9,4000.0000000000005);
#191=IFCSHAPEREPRESENTATION(#101,'Body','SweptSolid',(#190));
#192=IFCPRODUCTDEFINITIONSHAPE($,$,(#191));
#193=IFCSPACE('2cXV28XOjE6f6irgi0COJV',#18,'4',$,$,#184,#192,'Room',.ELEMENT.,.INTERNAL.,$);
#194=IFCSPACETYPE('2cXV28XOjE6f6itgi0COJV',#18,'Room 4:355763',$,$,$,$,'355763',$,.NOTDEFINED.);
#195=IFCPROPERTYSINGLEVALUE('Name',$,IFCLABEL('Room'),$);
#196=IFCPROPERTYSET('37R5etJ6wKC70UyHIXgG1c',#18,'Pset_AirSideSystemInformation',$,(#195));
#197=IFCPROPERTYSINGLEVALUE('Name',$,IFCLABEL('Room'),$);
#198=IFCPROPERTYSET('2qeIy8cZCY_pw9TJWmVNOr',#18,'Pset_ProductRequirements',$,(#197));
#199=IFCPROPERTYSINGLEVALUE('Reference',$,IFCIDENTIFIER('Room 4'),$);
#200=IFCPROPERTYSET('2jpNdO4H$xJdrkuxf65gLt',#18,'Pset_SpaceCommon',$,(#199));
#201=IFCRELDEFINESBYPROPERTIES('2HHqA9vblxwRHaqWIxEpSE',#18,$,$,(#193),#196);
#202=IFCRELDEFINESBYPROPERTIES('3NHj_0$1X1ZLLP$E3qI9mj',#18,$,$,(#193),#198);
#203=IFCRELDEFINESBYPROPERTIES('17JTLvNN6f3OCoCXQj9ZC6',#18,$,$,(#193),#200);
#204=IFCAXIS2PLACEMENT3D(#3,$,$);
#205=IFCLOCALPLACEMENT(#111,#204);
#206=IFCCARTESIANPOINT((-640.00000000000045,79.999999999999091));
#207=IFCAXIS2PLACEMENT2D(#206,#11);
#208=IFCRECTANGLEPROFILEDEF(.AREA.,$,#207,6400.0000000000018,7800.0000000000036);
#209=IFCCARTESIANPOINT((9923.0730420688251,-1737.9730203212894,0.));
#210=IFCAXIS2PLACEMENT3D(#209,$,$);
#211=IFCEXTRUDEDAREASOLID(#208,#210,#9,4000.0000000000005);
#212=IFCSHAPEREPRESENTATION(#101,'Body','SweptSolid',(#211));
#213=IFCPRODUCTDEFINITIONSHAPE($,$,(#212));
#214=IFCSPACE('2cXV28XOjE6f6irgi0COIQ',#18,'5',$,$,#205,#213,'Room',.ELEMENT.,.INTERNAL.,$);
#215=IFCSPACETYPE('2cXV28XOjE6f6itgi0COIQ',#18,'Room 5:355830',$,$,$,$,'355830',$,.NOTDEFINED.);
#216=IFCPROPERTYSINGLEVALUE('Name',$,IFCLABEL('Room'),$);
#217=IFCPROPERTYSET('11yD4jEt4vbbO_4U60QK16',#18,'Pset_AirSideSystemInformation',$,(#216));
#218=IFCPROPERTYSINGLEVALUE('Name',$,IFCLABEL('Room'),$);
#219=IFCPROPERTYSET('2Uo$jG3hN0$h5rOqwipYMa',#18,'Pset_ProductRequirements',$,(#218));
#220=IFCPROPERTYSINGLEVALUE('Reference',$,IFCIDENTIFIER('Room 5'),$);
#221=IFCPROPERTYSET('2YB$OAkYZ8STWjtzE0jbuI',#18,'Pset_SpaceCommon',$,(#220));
#222=IFCRELDEFINESBYPROPERTIES('1jzkCcN4nR_Caa6G53ghGC',#18,$,$,(#214),#217);
#223=IFCRELDEFINESBYPROPERTIES('28CjCxQAN9v3OnNwUkNMxQ',#18,$,$,(#214),#219);
#224=IFCRELDEFINESBYPROPERTIES('2vCQ1oIH5DY2GnB31vmgus',#18,$,$,(#214),#221);
#225=IFCAXIS2PLACEMENT3D(#3,$,$);
#226=IFCLOCALPLACEMENT(#111,#225);
#227=IFCCARTESIANPOINT((2.2737367544323206E-13,-4.5474735088646412E-13));
#228=IFCAXIS2PLACEMENT2D(#227,#11);
#229=IFCRECTANGLEPROFILEDEF(.AREA.,$,#228,5100.00000000003,7800.0000000000036);
#230=IFCCARTESIANPOINT((3333.0730420688096,-1657.9730203212689,0.));
#231=IFCAXIS2PLACEMENT3D(#230,$,$);
#232=IFCEXTRUDEDAREASOLID(#229,#231,#9,4000.0000000000005);
#233=IFCSHAPEREPRESENTATION(#101,'Body','SweptSolid',(#232));
#234=IFCPRODUCTDEFINITIONSHAPE($,$,(#233));
#235=IFCSPACE('2cXV28XOjE6f6irgi0COIK',#18,'6',$,$,#226,#234,'Room',.ELEMENT.,.INTERNAL.,$);
#236=IFCSPACETYPE('2cXV28XOjE6f6itgi0COIK',#18,'Room 6:355832',$,$,$,$,'355832',$,.NOTDEFINED.);
#237=IFCPROPERTYSINGLEVALUE('Name',$,IFCLABEL('Room'),$);
#238=IFCPROPERTYSET('3IxE07XEvnVIWwH4fYl1TD',#18,'Pset_AirSideSystemInformation',$,(#237));
#239=IFCPROPERTYSINGLEVALUE('Name',$,IFCLABEL('Room'),$);
#240=IFCPROPERTYSET('2pt3R$2Chm_3ahuVqHQ9nj',#18,'Pset_ProductRequirements',$,(#239));
#241=IFCPROPERTYSINGLEVALUE('Reference',$,IFCIDENTIFIER('Room 6'),$);
#242=IFCPROPERTYSET('0uIWppUQm_GParC$Y8lMEj',#18,'Pset_SpaceCommon',$,(#241));
#243=IFCRELDEFINESBYPROPERTIES('2PXeX0Z5Jlbnq4n9ULh4e8',#18,$,$,(#235),#238);
#244=IFCRELDEFINESBYPROPERTIES('2icvfV_4UdGu1T2$rmZfNq',#18,$,$,(#235),#240);
#245=IFCRELDEFINESBYPROPERTIES('3pq8oeK_lwv33ego4kP5Qg',#18,$,$,(#235),#242);
#246=IFCAXIS2PLACEMENT3D(#3,$,$);
#247=IFCLOCALPLACEMENT(#111,#246);
#248=IFCCARTESIANPOINT((0.,2.0463630789890885E-12));
#249=IFCAXIS2PLACEMENT2D(#248,#11);
#250=IFCRECTANGLEPROFILEDEF(.AREA.,$,#249,4199.9999999999991,7900.0000000000055);
#251=IFCCARTESIANPOINT((16633.073042068838,142.02697967869059,0.));
#252=IFCAXIS2PLACEMENT3D(#251,#9,#7);
#253=IFCEXTRUDEDAREASOLID(#250,#252,#9,4000.0000000000005);
#254=IFCSHAPEREPRESENTATION(#101,'Body','SweptSolid',(#253));
#255=IFCPRODUCTDEFINITIONSHAPE($,$,(#254));
#256=IFCSPACE('2cXV28XOjE6f6irgi0COIM',#18,'7',$,$,#247,#255,'Room',.ELEMENT.,.INTERNAL.,$);
#257=IFCSPACETYPE('2cXV28XOjE6f6itgi0COIM',#18,'Room 7:355834',$,$,$,$,'355834',$,.NOTDEFINED.);
#258=IFCPROPERTYSINGLEVALUE('Name',$,IFCLABEL('Room'),$);
#259=IFCPROPERTYSET('3tGx4psj0WnYgqDQS5AxH6',#18,'Pset_AirSideSystemInformation',$,(#258));
#260=IFCPROPERTYSINGLEVALUE('Name',$,IFCLABEL('Room'),$);
#261=IFCPROPERTYSET('1DdeuROYD8986r$xpDA_DY',#18,'Pset_ProductRequirements',$,(#260));
#262=IFCPROPERTYSINGLEVALUE('Reference',$,IFCIDENTIFIER('Room 7'),$);
#263=IFCPROPERTYSET('1BT5ilve7YZ61zIDDLxf1$',#18,'Pset_SpaceCommon',$,(#262));
#264=IFCRELDEFINESBYPROPERTIES('0x2htJ6$T1qCesdwEFfG5k',#18,$,$,(#256),#259);
#265=IFCRELDEFINESBYPROPERTIES('2B1XK$FmOTpDTPbjNrHawn',#18,$,$,(#256),#261);
#266=IFCRELDEFINESBYPROPERTIES('09Ed3A1HD_G8KDd2Avex2t',#18,$,$,(#256),#263);
#267=IFCAXIS2PLACEMENT3D(#3,$,$);
#268=IFCLOCALPLACEMENT(#111,#267);
#269=IFCCARTESIANPOINT((2.2737367544323206E-13,0.));
#270=IFCAXIS2PLACEMENT2D(#269,#11);
#271=IFCRECTANGLEPROFILEDEF(.AREA.,$,#270,3400.0000000000064,7900.0000000000064);
#272=IFCCARTESIANPOINT((16633.073042068816,-3857.9730203213121,0.));
#273=IFCAXIS2PLACEMENT3D(#272,#9,#7);
#274=IFCEXTRUDEDAREASOLID(#271,#273,#9,4000.0000000000005);
#275=IFCSHAPEREPRESENTATION(#101,'Body','SweptSolid',(#274));
#276=IFCPRODUCTDEFINITIONSHAPE($,$,(#275));
#277=IFCSPACE('2cXV28XOjE6f6irgi0COIG',#18,'8',$,$,#268,#276,'Room',.ELEMENT.,.INTERNAL.,$);
#278=IFCSPACETYPE('2cXV28XOjE6f6itgi0COIG',#18,'Room 8:355836',$,$,$,$,'355836',$,.NOTDEFINED.);
#279=IFCPROPERTYSINGLEVALUE('Name',$,IFCLABEL('Room'),$);
#280=IFCPROPERTYSET('2BynHN_BDW$hKBPmeMgs7S',#18,'Pset_AirSideSystemInformation',$,(#279));
#281=IFCPROPERTYSINGLEVALUE('Name',$,IFCLABEL('Room'),$);
#282=IFCPROPERTYSET('152pimATG1TE0h8rsWfSNn',#18,'Pset_ProductRequirements',$,(#281));
#283=IFCPROPERTYSINGLEVALUE('Reference',$,IFCIDENTIFIER('Room 8'),$);
#284=IFCPROPERTYSET('1y3ncopnvOdssGUSfJN0$a',#18,'Pset_SpaceCommon',$,(#283));
#285=IFCRELDEFINESBYPROPERTIES('3AiDgU3ZSn6H9DQwxmv1H3',#18,$,$,(#277),#280);
#286=IFCRELDEFINESBYPROPERTIES('1ir0bYQBvWz3nyTKiWIIaS',#18,$,$,(#277),#282);
#287=IFCRELDEFINESBYPROPERTIES('0Q2DdvrAhp4DDNdJfnIqRC',#18,$,$,(#277),#284);
#288=IFCCARTESIANPOINT((-14782.667853681822,-10548.298444644715,0.));
#289=IFCAXIS2PLACEMENT3D(#288,$,$);
#290=IFCLOCALPLACEMENT(#111,#289);
#291=IFCCARTESIANPOINT((8200.,0.));
#292=IFCPOLYLINE((#4,#291));
#293=IFCSHAPEREPRESENTATION(#100,'Axis','Curve2D',(#292));
#294=IFCCARTESIANPOINT((4100.0000000000009,-8.4554585555451922E-13));
#295=IFCAXIS2PLACEMENT2D(#294,#12);
#296=IFCRECTANGLEPROFILEDEF(.AREA.,$,#295,8200.0000000000018,200.);
#297=IFCAXIS2PLACEMENT3D(#3,$,$);
#298=IFCEXTRUDEDAREASOLID(#296,#297,#9,3850.0000000000005);
#299=IFCCARTESIANPOINT((8200.,0.));
#300=IFCCARTESIANPOINT((8200.,200.));
#301=IFCCARTESIANPOINT((8000.,200.));
#302=IFCCARTESIANPOINT((200.,200.));
#303=IFCCARTESIANPOINT((-0.,200.));
#304=IFCPOLYLINE((#4,#299,#300,#301,#302,#303,#4));
#305=IFCCARTESIANPOINT((-0.,-100.,3850.));
#306=IFCAXIS2PLACEMENT3D(#305,#10,#5);
#307=IFCPLANE(#306);
#308=IFCCARTESIANPOINT((-0.,-100.,3850.));
#309=IFCAXIS2PLACEMENT3D(#308,$,$);
#310=IFCPOLYGONALBOUNDEDHALFSPACE(#307,.T.,#309,#304);
#311=IFCBOOLEANCLIPPINGRESULT(.DIFFERENCE.,#298,#310);
#312=IFCCOLOURRGB($,0.50196078431372548,0.50196078431372548,0.50196078431372548);
#313=IFCSURFACESTYLERENDERING(#312,0.,$,$,$,$,IFCNORMALISEDRATIOMEASURE(0.5),IFCSPECULAREXPONENT(64.),.NOTDEFINED.);
#314=IFCSURFACESTYLE('Default Wall',.BOTH.,(#313));
#315=IFCPRESENTATIONSTYLEASSIGNMENT((#314));
#316=IFCSTYLEDITEM(#298,(#315),$);
#317=IFCSHAPEREPRESENTATION(#101,'Body','Clipping',(#311));
#318=IFCPRODUCTDEFINITIONSHAPE($,$,(#293,#317));
#319=IFCWALLSTANDARDCASE('1F6umJ5H50aeL3A1As_wTm',#18,'Basic Wall:Outside wall:346660',$,'Basic Wall:Outside wall',#290,#318,'346660');
#320=IFCMATERIAL('Default Wall');
#321=IFCPRESENTATIONSTYLEASSIGNMENT((#314));
#322=IFCSTYLEDITEM($,(#321),$);
#323=IFCSTYLEDREPRESENTATION(#99,'Style','Material',(#322));
#324=IFCMATERIALDEFINITIONREPRESENTATION($,$,(#323),#320);
#325=IFCMATERIALLAYER(#320,200.,$);
#326=IFCMATERIALLAYERSET((#325),'Basic Wall:Outside wall');
#327=IFCMATERIALLAYERSETUSAGE(#326,.AXIS2.,.NEGATIVE.,100.);
#328=IFCWALLTYPE('1F6umJ5H50aeL3A1As_wV9',#18,'Basic Wall:Outside wall',$,$,(#346,#348,#350,#352),$,'346781',$,.STANDARD.);
#329=IFCPROPERTYSINGLEVALUE('FireRating',$,IFCLABEL('_FIRE-RATING_'),$);
#330=IFCPROPERTYSET('2eBPGLmAt7Wn8YOhX3kYZJ',#18,'Pset_ConcreteElementGeneral',$,(#329));
#331=IFCPROPERTYSINGLEVALUE('Reference',$,IFCIDENTIFIER('Outside wall'),$);
#332=IFCPROPERTYSET('00F8BlgdHePPuKxGy$lKML',#18,'Pset_QuantityTakeOff',$,(#331));
#333=IFCPROPERTYSINGLEVALUE('Reference',$,IFCLABEL('Outside wall'),$);
#334=IFCPROPERTYSET('0sjBu6GIycOTwoLUZ0kFTJ',#18,'Pset_ReinforcementBarPitchOfWall',$,(#333));
#335=IFCPROPERTYSINGLEVALUE('FireRating',$,IFCLABEL('_FIRE-RATING_'),$);
#336=IFCPROPERTYSINGLEVALUE('IsExternal',$,IFCBOOLEAN(.T.),$);
#337=IFCPROPERTYSINGLEVALUE('ExtendToStructure',$,IFCBOOLEAN(.T.),$);
#338=IFCPROPERTYSINGLEVALUE('LoadBearing',$,IFCBOOLEAN(.F.),$);
#339=IFCPROPERTYSET('26kQNRdaLlxQYafP60kRmL',#18,'Pset_WallCommon',$,(#331,#335,#336,#337,#338));
#340=IFCRELDEFINESBYPROPERTIES('1MdB0ZFE0rqlOxXGvjw0vg',#18,$,$,(#319),#330);
#341=IFCRELDEFINESBYPROPERTIES('1kAixxPhWGOilyCg0AvMvr',#18,$,$,(#319),#332);
#342=IFCRELDEFINESBYPROPERTIES('3_pNnc_UgDofZ895PPFIWG',#18,$,$,(#319),#334);
#343=IFCRELDEFINESBYPROPERTIES('2wa9ej9IqgotfPxzkmJKmE',#18,$,$,(#319),#339);
#344=IFCCLASSIFICATIONREFERENCE('https://www.csiresources.org/standards/uniformat','_ASSEMBLY-CODE_','Uniformat',#105);
#345=IFCPROPERTYSINGLEVALUE('FireRating',$,IFCLABEL('_FIRE-RATING_'),$);
#346=IFCPROPERTYSET('2ncFeHZybtV6qrp5s1VSpF',#18,'Pset_ConcreteElementGeneral',$,(#345));
#347=IFCPROPERTYSINGLEVALUE('Manufacturer',$,IFCLABEL('_MANUFACTURER_'),$);
#348=IFCPROPERTYSET('0ItFKZB1SdtbulhmDOIVNz',#18,'Pset_ManufacturerTypeInformation',$,(#347));
#349=IFCPROPERTYSINGLEVALUE('Description',$,IFCTEXT('_DESCRIPTION_'),$);
#350=IFCPROPERTYSET('15h6al6ybb8I5zT9u6Kdmq',#18,'Pset_ReinforcementBarPitchOfWall',$,(#349));
#351=IFCPROPERTYSINGLEVALUE('FireRating',$,IFCLABEL('_FIRE-RATING_'),$);
#352=IFCPROPERTYSET('1tbk$7SKeLmMl2YFNccy7J',#18,'Pset_WallCommon',$,(#336,#351));
#353=IFCAXIS2PLACEMENT3D(#3,$,$);
#354=IFCLOCALPLACEMENT(#111,#353);
#355=IFCCARTESIANPOINT((-150.68446522441354,-226.02669783662031));
#356=IFCCARTESIANPOINT((226.02669783662031,-226.02669783662031));
#357=IFCCARTESIANPOINT((226.02669783662031,-150.68446522441354));
#358=IFCCARTESIANPOINT((-75.342232612206772,-150.68446522441354));
#359=IFCCARTESIANPOINT((-75.342232612206772,376.71116306103602));
#360=IFCCARTESIANPOINT((-150.68446522441354,376.71116306103602));
#361=IFCPOLYLINE((#355,#356,#357,#358,#359,#360,#355));
#362=IFCARBITRARYCLOSEDPROFILEDEF(.AREA.,'600mm Arial',#361);
#363=IFCCARTESIANPOINT((-13283.933709608147,-13742.199811491955,0.));
#364=IFCAXIS2PLACEMENT3D(#363,$,$);
#365=IFCEXTRUDEDAREASOLID(#362,#364,#9,149.99999999999997);
#366=IFCCARTESIANPOINT((193.97855717573231,73.575462221782843));
#367=IFCCARTESIANPOINT((225.03860549029073,73.575462221782843));
#368=IFCCARTESIANPOINT((253.23191564114458,79.643577245350016));
#369=IFCCARTESIANPOINT((269.6515209990298,153.17485341327176));
#370=IFCCARTESIANPOINT((237.36603275079889,150.80989900280611));
#371=IFCCARTESIANPOINT((204.55383713810238,152.33198219733771));
#372=IFCCARTESIANPOINT((75.973798289134223,177.12382943458883));
#373=IFCCARTESIANPOINT((-15.509449599472161,197.55212750680161));
#374=IFCCARTESIANPOINT((-80.651054789267903,208.32888785081397));
#375=IFCCARTESIANPOINT((-110.18762558139593,205.6139571372895));
#376=IFCCARTESIANPOINT((-135.59245422196562,196.9253771154662));
#377=IFCCARTESIANPOINT((-158.27607767345674,180.3353151717271));
#378=IFCCARTESIANPOINT((-179.6490328983507,153.91593869245787));
#379=IFCCARTESIANPOINT((-198.24988996579359,116.70010698757871));
#380=IFCCARTESIANPOINT((-212.61721894493107,67.720679367011911));
#381=IFCCARTESIANPOINT((-220.49220863673321,15.067546310246353));
#382=IFCCARTESIANPOINT((-219.48776967531217,-32.594938608168761));
#383=IFCCARTESIANPOINT((-209.82159150415555,-73.540771738235577));
#384=IFCCARTESIANPOINT((-191.71136356674862,-106.04394942995462));
#385=IFCCARTESIANPOINT((-164.36911630824628,-132.14629060281635));
#386=IFCCARTESIANPOINT((-127.0068801738004,-153.88961417631634));
#387=IFCCARTESIANPOINT((-101.39586529492576,-82.410788678130018));
#388=IFCCARTESIANPOINT((-128.7049972657878,-60.971080004992452));
#389=IFCCARTESIANPOINT((-143.66840142244723,-35.729387728797519));
#390=IFCCARTESIANPOINT((-147.44720432415806,-2.7700905225850909));
#391=IFCCARTESIANPOINT((-141.20253253017384,41.822432940607079));
#392=IFCCARTESIANPOINT((-125.3218349058824,87.957257352888149));
#393=IFCCARTESIANPOINT((-114.51457363904476,105.12613966637859));
#394=IFCCARTESIANPOINT((-101.79603740240759,118.36266871810119));
#395=IFCCARTESIANPOINT((-90.50067422485381,125.1414552435217));
#396=IFCCARTESIANPOINT((-76.934125188149224,128.75564030746403));
#397=IFCCARTESIANPOINT((-42.987469537298374,126.49020605090547));
#398=IFCCARTESIANPOINT((-26.711479953178934,122.40343097414261));
#399=IFCCARTESIANPOINT((-24.757329400436614,67.008874973738912));
#400=IFCCARTESIANPOINT((-29.912856813036608,-10.771615471370454));
#401=IFCCARTESIANPOINT((-33.06124921267201,-76.862757961499767));
#402=IFCCARTESIANPOINT((-29.001489238983464,-106.2849938657767));
#403=IFCCARTESIANPOINT((-20.430729924763536,-133.73669586447778));
#404=IFCCARTESIANPOINT((-6.5263178086381064,-158.57229013961233));
#405=IFCCARTESIANPOINT((13.53440057076998,-180.14620287318593));
#406=IFCCARTESIANPOINT((38.859229648039843,-196.88336641044137));
#407=IFCCARTESIANPOINT((68.555973857754793,-207.20871309662249));
#408=IFCCARTESIANPOINT((95.007724887966546,-210.67000139171117));
#409=IFCCARTESIANPOINT((120.07621549525462,-208.93157950884688));
#410=IFCCARTESIANPOINT((143.76144567961691,-201.99344744802912));
#411=IFCCARTESIANPOINT((166.06341544105717,-189.85560520926097));
#412=IFCCARTESIANPOINT((185.94256618415332,-172.6157428910812));
#413=IFCCARTESIANPOINT((202.35933931349115,-150.37155059202357));
#414=IFCCARTESIANPOINT((215.31373482906758,-123.12302831209185));
#415=IFCCARTESIANPOINT((224.80575273088516,-90.870176051284389));
#416=IFCCARTESIANPOINT((230.27517821211705,-49.327396288759488));
#417=IFCCARTESIANPOINT((227.89070321104245,-8.8579004277459674));
#418=IFCCARTESIANPOINT((216.25695408109993,31.716867189763136));
#419=IFCPOLYLINE((#366,#367,#368,#369,#370,#371,#372,#373,#374,#375,#376,#377,#378,#379,#380,#381,#382,#383,#384,#385,#386,#387,#388,#389,#390,#391,#392,#393,#394,#395,#396,#397,#398,#399,#400,#401,#402,#403,#404,#405,#406,#407,#408,#409,#410,#411,#412,#413,#414,#415,#416,#417,#418,#366));
#420=IFCCARTESIANPOINT((46.916004839886675,106.41467293755373));
#421=IFCCARTESIANPOINT((67.644083410737835,101.33374206763722));
#422=IFCCARTESIANPOINT((100.02630315707574,91.04952805452433));
#423=IFCCARTESIANPOINT((121.91829694297979,77.001325873644575));
#424=IFCCARTESIANPOINT((140.66486127603972,52.15875995900624));
#425=IFCCARTESIANPOINT((153.78914693175963,19.525038317592905));
#426=IFCCARTESIANPOINT((159.19094750980963,-18.319983852448157));
#427=IFCCARTESIANPOINT((154.77005660985651,-58.79645135296456));
#428=IFCCARTESIANPOINT((142.46668150563613,-95.156862890802216));
#429=IFCCARTESIANPOINT((124.47758580459745,-119.5047909826901));
#430=IFCCARTESIANPOINT((102.89356419374541,-131.93016977821665));
#431=IFCCARTESIANPOINT((79.805411360081763,-132.52293342697411));
#432=IFCCARTESIANPOINT((65.538299698803684,-126.69847720404383));
#433=IFCCARTESIANPOINT((53.757971848307989,-116.1521295456122));
#434=IFCCARTESIANPOINT((45.241939904187483,-101.453299108097));
#435=IFCCARTESIANPOINT((40.767715962034686,-83.171394547927036));
#436=IFCCARTESIANPOINT((42.97423986479118,-17.246874241922256));
#437=IFCCARTESIANPOINT((48.127327203565628,54.276918331059939));
#438=IFCPOLYLINE((#420,#421,#422,#423,#424,#425,#426,#427,#428,#429,#430,#431,#432,#433,#434,#435,#436,#437,#420));
#439=IFCARBITRARYPROFILEDEFWITHVOIDS(.AREA.,'600mm Arial',#419,(#438));
#440=IFCCARTESIANPOINT((-12814.112828272568,-13738.438391620513,0.));
#441=IFCDIRECTION((0.21793361821912582,-0.97596359463348858,0.));
#442=IFCAXIS2PLACEMENT3D(#440,#9,#441);
#443=IFCEXTRUDEDAREASOLID(#439,#442,#9,149.99999999999991);
#444=IFCCARTESIANPOINT((-113.93305390625379,-345.60857977881568));
#445=IFCCARTESIANPOINT((-38.590821294044851,-345.60857977881568));
#446=IFCCARTESIANPOINT((-38.590821294044851,-112.96000602901205));
#447=IFCCARTESIANPOINT((-35.537400734078709,-67.048333030949536));
#448=IFCCARTESIANPOINT((-26.377139054175938,-24.962632782724295));
#449=IFCCARTESIANPOINT((-15.469437897185145,-1.4917614904452534));
#450=IFCCARTESIANPOINT((0.77255218987113494,16.240150677076787));
#451=IFCCARTESIANPOINT((20.87730322628309,27.386975130933902));
#452=IFCCARTESIANPOINT((43.373287231343078,31.102583282220326));
#453=IFCCARTESIANPOINT((69.860790884072031,27.239822332862484));
#454=IFCCARTESIANPOINT((96.348294536800992,15.651539484793297));
#455=IFCCARTESIANPOINT((121.51142300689372,83.19467379925409));
#456=IFCCARTESIANPOINT((83.398848306579339,100.6322803706333));
#457=IFCCARTESIANPOINT((45.87488479854629,106.44481589442709));
#458=IFCCARTESIANPOINT((21.300367520734888,102.8027841421753));
#459=IFCCARTESIANPOINT((-1.2140105840832121,91.87668888542639));
#460=IFCCARTESIANPOINT((-23.654812289868854,69.50946357867754));
#461=IFCCARTESIANPOINT((-48.008600370572047,31.544041676432403));
#462=IFCCARTESIANPOINT((-48.008600370572047,97.027036817899898));
#463=IFCCARTESIANPOINT((-113.93305390625379,97.027036817899898));
#464=IFCPOLYLINE((#444,#445,#446,#447,#448,#449,#450,#451,#452,#453,#454,#455,#456,#457,#458,#459,#460,#461,#462,#463,#444));
#465=IFCARBITRARYCLOSEDPROFILEDEF(.AREA.,'600mm Arial',#464);
#466=IFCCARTESIANPOINT((-12407.160550503299,-13622.61792954976,0.));
#467=IFCAXIS2PLACEMENT3D(#466,$,$);
#468=IFCEXTRUDEDAREASOLID(#465,#467,#9,149.99999999999997);
#469=IFCCARTESIANPOINT((98.400633588196158,-172.98764738459184));
#470=IFCCARTESIANPOINT((131.64780798533735,-172.98764738459184));
#471=IFCCARTESIANPOINT((160.88574377934967,-166.52677380224034));
#472=IFCCARTESIANPOINT((186.11444097023335,-153.605026637533));
#473=IFCCARTESIANPOINT((207.33389955798597,-134.22240589047399));
#474=IFCCARTESIANPOINT((224.47872349479908,-109.60050830942919));
#475=IFCCARTESIANPOINT((237.48351673286422,-80.960930642764353));
#476=IFCCARTESIANPOINT((246.34827927217898,-48.303672890483668));
#477=IFCCARTESIANPOINT((251.07301111274364,-11.628735052582833));
#478=IFCCARTESIANPOINT((251.66132303636331,19.780422927386677));
#479=IFCCARTESIANPOINT((248.95303633250018,48.825364119526952));
#480=IFCCARTESIANPOINT((242.94815100115227,75.506088523842465));
#481=IFCCARTESIANPOINT((233.646667042324,99.822596140332919));
#482=IFCCARTESIANPOINT((221.46993667850697,121.53394154096391));
#483=IFCCARTESIANPOINT((206.83931213219728,140.39917929770075));
#484=IFCCARTESIANPOINT((189.75479340339308,156.41830941054789));
#485=IFCCARTESIANPOINT((170.21638049209611,169.59133187950081));
#486=IFCCARTESIANPOINT((145.60551115584124,180.31458740977229));
#487=IFCCARTESIANPOINT((113.30362315216941,188.9844167065724));
#488=IFCCARTESIANPOINT((25.626791142570681,200.16379659975883));
#489=IFCCARTESIANPOINT((-355.63230242935987,226.32811814671143));
#490=IFCCARTESIANPOINT((-360.79061303083819,151.1626749781235));
#491=IFCCARTESIANPOINT((-304.41653065439613,147.29394202701462));
#492=IFCCARTESIANPOINT((-334.93437633703735,123.86173376436713));
#493=IFCCARTESIANPOINT((-357.45390718494514,96.617219205261662));
#494=IFCCARTESIANPOINT((-371.97512319811983,65.560398349696072));
#495=IFCCARTESIANPOINT((-378.49802437656143,30.691271197668176));
#496=IFCCARTESIANPOINT((-378.50891778151896,3.9347960638893249));
#497=IFCCARTESIANPOINT((-374.76353847382251,-21.281814516707325));
#498=IFCCARTESIANPOINT((-367.26188645347395,-44.958560544117304));
#499=IFCCARTESIANPOINT((-356.00396172047351,-67.095442018342766));
#500=IFCCARTESIANPOINT((-341.26687285609859,-87.364616234220378));
#501=IFCCARTESIANPOINT((-323.32772844162702,-105.43824048658892));
#502=IFCCARTESIANPOINT((-302.18652847706079,-121.316314775444));
#503=IFCCARTESIANPOINT((-277.84327296239576,-134.99883910079018));
#504=IFCCARTESIANPOINT((-223.14504111254612,-154.95900684597694));
#505=IFCCARTESIANPOINT((-162.82747872184905,-164.50051270717952));
#506=IFCCARTESIANPOINT((-118.3777771385576,-164.54102253698807));
#507=IFCCARTESIANPOINT((-76.78336375658948,-158.36578615546406));
#508=IFCCARTESIANPOINT((-38.044238575947169,-145.97480356261164));
#509=IFCCARTESIANPOINT((-2.1604015966306691,-127.36807475843081));
#510=IFCCARTESIANPOINT((28.363424741513203,-102.9083939509234));
#511=IFCCARTESIANPOINT((51.022517998637156,-72.95855534809769));
#512=IFCCARTESIANPOINT((65.816878174739202,-37.518558949951405));
#513=IFCCARTESIANPOINT((72.746505269819181,3.4115952435133097));
#514=IFCCARTESIANPOINT((71.536556902277468,37.364064661527181));
#515=IFCCARTESIANPOINT((63.080870436157532,68.900677451203606));
#516=IFCCARTESIANPOINT((47.379445871461527,98.021433612542424));
#517=IFCCARTESIANPOINT((24.432283208187446,124.72633314554595));
#518=IFCCARTESIANPOINT((79.668968680659589,119.86628825867101));
#519=IFCCARTESIANPOINT((111.72374551403871,113.57339966901549));
#520=IFCCARTESIANPOINT((141.15579088270752,97.541197724634927));
#521=IFCCARTESIANPOINT((162.34935640595413,73.224436329399424));
#522=IFCCARTESIANPOINT((169.6059134931624,57.663121801737994));
#523=IFCCARTESIANPOINT((174.30125915425603,39.43821933941426));
#524=IFCCARTESIANPOINT((176.00831619808869,-5.0023493892173025));
#525=IFCCARTESIANPOINT((168.98572021709049,-46.078231734156276));
#526=IFCCARTESIANPOINT((154.26507227200702,-76.817149870117547));
#527=IFCCARTESIANPOINT((137.01305321066465,-91.784341004488084));
#528=IFCCARTESIANPOINT((112.95462458574777,-98.466993041184352));
#529=IFCPOLYLINE((#469,#470,#471,#472,#473,#474,#475,#476,#477,#478,#479,#480,#481,#482,#483,#484,#485,#486,#487,#488,#489,#490,#491,#492,#493,#494,#495,#496,#497,#498,#499,#500,#501,#502,#503,#504,#505,#506,#507,#508,#509,#510,#511,#512,#513,#514,#515,#516,#517,#518,#519,#520,#521,#522,#523,#524,#525,#526,#527,#528,#469));
#530=IFCCARTESIANPOINT((-162.80743083697399,-88.982450649816428));
#531=IFCCARTESIANPOINT((-197.04385259391765,-84.59100090246838));
#532=IFCCARTESIANPOINT((-226.49617227661534,-76.44398953178235));
#533=IFCCARTESIANPOINT((-251.16438988506764,-64.541416537764903));
#534=IFCCARTESIANPOINT((-271.04850541927198,-48.883281920411811));
#535=IFCCARTESIANPOINT((-286.15508405269372,-30.639907672792923));
#536=IFCCARTESIANPOINT((-296.49069095880441,-10.981615787975425));
#537=IFCCARTESIANPOINT((-302.0553261376001,10.091593734036053));
#538=IFCCARTESIANPOINT((-302.84898958908263,32.579720893245991));
#539=IFCCARTESIANPOINT((-298.92785673329871,55.126865285624696));
#540=IFCCARTESIANPOINT((-290.39847711726844,75.643088976209171));
#541=IFCCARTESIANPOINT((-277.26085074098995,94.128391964994933));
#542=IFCCARTESIANPOINT((-259.51497760446506,110.58277425198646));
#543=IFCCARTESIANPOINT((-237.32844326918089,123.77321459299658));
#544=IFCCARTESIANPOINT((-210.86883329662604,132.46669174384476));
#545=IFCCARTESIANPOINT((-180.13614768680287,136.66320570452896));
#546=IFCCARTESIANPOINT((-145.13038643970671,136.3627564750532));
#547=IFCCARTESIANPOINT((-108.88912467637296,131.83372239342273));
#548=IFCCARTESIANPOINT((-78.120125172546182,123.59635243249083));
#549=IFCCARTESIANPOINT((-52.823387928224342,111.65064659225527));
#550=IFCCARTESIANPOINT((-32.998912943409479,95.996604872718322));
#551=IFCCARTESIANPOINT((-18.251886637624779,77.68571848233394));
#552=IFCCARTESIANPOINT((-8.1874954303888128,57.769478629560041));
#553=IFCCARTESIANPOINT((-2.8057393217059046,36.247885314396953));
#554=IFCCARTESIANPOINT((-2.1066183115720287,13.120938536840043));
#555=IFCCARTESIANPOINT((-5.9880351116698867,-9.9221308670555466));
#556=IFCCARTESIANPOINT((-14.307593132104211,-30.604862036486224));
#557=IFCCARTESIANPOINT((-27.065292372874996,-48.927254971452001));
#558=IFCCARTESIANPOINT((-44.261132833982394,-64.889309671955033));
#559=IFCCARTESIANPOINT((-66.231459762627239,-77.481545170522978));
#560=IFCCARTESIANPOINT((-93.31261840600628,-85.694480499688211));
#561=IFCCARTESIANPOINT((-125.50460876412188,-89.528115659452681));
#562=IFCPOLYLINE((#530,#531,#532,#533,#534,#535,#536,#537,#538,#539,#540,#541,#542,#543,#544,#545,#546,#547,#548,#549,#550,#551,#552,#553,#554,#555,#556,#557,#558,#559,#560,#561,#530));
#563=IFCARBITRARYPROFILEDEFWITHVOIDS(.AREA.,'600mm Arial',#529,(#562));
#564=IFCCARTESIANPOINT((-12091.551061305345,-13895.884277744952,0.));
#565=IFCDIRECTION((0.068465061661084611,-0.99765351466916807,0.));
#566=IFCAXIS2PLACEMENT3D(#564,#9,#565);
#567=IFCEXTRUDEDAREASOLID(#563,#566,#9,149.99999999999997);
#568=IFCCARTESIANPOINT((-34.298333227774577,-135.00287082234004));
#569=IFCCARTESIANPOINT((-69.36354729519131,-200.69918980517699));
#570=IFCCARTESIANPOINT((-38.679389576641945,-208.58270005558961));
#571=IFCCARTESIANPOINT((-8.5667779951060368,-211.20036263423137));
#572=IFCCARTESIANPOINT((20.974287449416412,-208.55217754110214));
#573=IFCCARTESIANPOINT((49.943806756924111,-200.63814477620375));
#574=IFCCARTESIANPOINT((77.87337244507016,-187.41911912198717));
#575=IFCCARTESIANPOINT((104.29457703150207,-168.85595536090744));
#576=IFCCARTESIANPOINT((129.20742051622287,-144.94865349296401));
#577=IFCCARTESIANPOINT((152.61190289923022,-115.69721351815264));
#578=IFCCARTESIANPOINT((176.62188910737765,-75.412464038950091));
#579=IFCCARTESIANPOINT((191.60033559820599,-34.967054131121202));
#580=IFCCARTESIANPOINT((197.54724237171089,5.6390162053316972));
#581=IFCCARTESIANPOINT((194.46260942789664,46.405746970410924));
#582=IFCCARTESIANPOINT((182.32165344925991,86.042606939489019));
#583=IFCCARTESIANPOINT((161.09959111829184,123.25906488793454));
#584=IFCCARTESIANPOINT((130.79642243499492,158.05512081575094));
#585=IFCCARTESIANPOINT((91.412147399367896,190.43077472293652));
#586=IFCCARTESIANPOINT((46.417111933715177,217.87864654864094));
#587=IFCCARTESIANPOINT((2.2819917562238681,235.76256846583479));
#588=IFCCARTESIANPOINT((-40.99321313310427,244.08254047451686));
#589=IFCCARTESIANPOINT((-83.408502734269746,242.83856257469012));
#590=IFCCARTESIANPOINT((-123.51447483669882,232.81783192537591));
#591=IFCCARTESIANPOINT((-159.86172722981522,214.80754568559897));
#592=IFCCARTESIANPOINT((-192.45025991361896,188.80770385535931));
#593=IFCCARTESIANPOINT((-221.28007288811003,154.8183064346569));
#594=IFCCARTESIANPOINT((-243.01913116958292,117.55144276020427));
#595=IFCCARTESIANPOINT((-256.1235814979263,79.198925140171212));
#596=IFCCARTESIANPOINT((-260.59342387313899,39.760753574559594));
#597=IFCCARTESIANPOINT((-256.42865829522043,-0.76307193663360728));
#598=IFCCARTESIANPOINT((-243.33622412081826,-40.719801738198363));
#599=IFCCARTESIANPOINT((-221.02306070658454,-78.456686174926887));
#600=IFCCARTESIANPOINT((-189.48916805251804,-113.97372524681739));
#601=IFCCARTESIANPOINT((-148.7345461586182,-147.27091895387289));
#602=IFCCARTESIANPOINT((-131.91727115337773,-158.66178784767888));
#603=IFCCARTESIANPOINT((64.016354845800592,117.48856656579289));
#604=IFCCARTESIANPOINT((86.011275615058395,96.531907326319157));
#605=IFCCARTESIANPOINT((102.46485798564652,74.218080983838675));
#606=IFCCARTESIANPOINT((113.37710195756199,50.547087538350929));
#607=IFCCARTESIANPOINT((118.74800753080726,25.51892698985948));
#608=IFCCARTESIANPOINT((118.92103643887467,0.062700228925500784));
#609=IFCCARTESIANPOINT((114.23965041526073,-24.892491853887513));
#610=IFCCARTESIANPOINT((104.70384945996369,-49.346649258578317));
#611=IFCCARTESIANPOINT((90.313633572985339,-73.299771985148155));
#612=IFCCARTESIANPOINT((63.899494040028095,-103.72556385050926));
#613=IFCCARTESIANPOINT((34.726163701700749,-124.43518264731719));
#614=IFCCARTESIANPOINT((2.1935765988240465,-135.00287082234004));
#615=IFCPOLYLINE((#568,#569,#570,#571,#572,#573,#574,#575,#576,#577,#578,#579,#580,#581,#582,#583,#584,#585,#586,#587,#588,#589,#590,#591,#592,#593,#594,#595,#596,#597,#598,#599,#600,#601,#602,#603,#604,#605,#606,#607,#608,#609,#610,#611,#612,#613,#614,#568));
#616=IFCCARTESIANPOINT((2.569600626027857,161.0861400171527));
#617=IFCCARTESIANPOINT((-150.02190645373216,-53.977499752052744));
#618=IFCCARTESIANPOINT((-176.58873273291718,-22.63310258738062));
#619=IFCCARTESIANPOINT((-184.28329916149377,-6.4268249035825189));
#620=IFCCARTESIANPOINT((-188.25196778272866,10.13550551451906));
#621=IFCCARTESIANPOINT((-188.96407325134157,35.833256042504509));
#622=IFCCARTESIANPOINT((-184.43661638493256,61.286715193907064));
#623=IFCCARTESIANPOINT((-174.66959718349867,86.495882968727202));
#624=IFCCARTESIANPOINT((-159.66301564704335,111.46075936696747));
#625=IFCCARTESIANPOINT((-142.89667485605943,132.04772716654207));
#626=IFCCARTESIANPOINT((-124.52946897580739,148.80368362695685));
#627=IFCCARTESIANPOINT((-104.56139800628604,161.72862874821351));
#628=IFCCARTESIANPOINT((-82.992461947494832,170.82256253030906));
#629=IFCCARTESIANPOINT((-60.867806584078679,175.59785720762289));
#630=IFCCARTESIANPOINT((-39.232577700686029,175.56688501453684));
#631=IFCCARTESIANPOINT((-18.086775297317583,170.72964595104619));
#632=IFCPOLYLINE((#616,#617,#618,#619,#620,#621,#622,#623,#624,#625,#626,#627,#628,#629,#630,#631,#616));
#633=IFCARBITRARYPROFILEDEFWITHVOIDS(.AREA.,'600mm Arial',#615,(#632));
#634=IFCCARTESIANPOINT((-11597.136448512687,-13786.229415857249,0.));
#635=IFCDIRECTION((-0.578660492791081,-0.81556853426476872,0.));
#636=IFCAXIS2PLACEMENT3D(#634,#10,#635);
#637=IFCEXTRUDEDAREASOLID(#633,#636,#10,149.99999999999997);
#638=IFCCARTESIANPOINT((-233.2644589520697,-139.98988191290317));
#639=IFCCARTESIANPOINT((-233.2644589520697,-215.33211452510994));
#640=IFCCARTESIANPOINT((369.4734019455866,-215.33211452510994));
#641=IFCCARTESIANPOINT((369.4734019455866,-139.98988191290317));
#642=IFCCARTESIANPOINT((145.94830167616735,-139.98988191290317));
#643=IFCCARTESIANPOINT((177.81607950835817,-115.21302953774601));
#644=IFCCARTESIANPOINT((200.57877795992056,-87.235603804551289));
#645=IFCCARTESIANPOINT((214.23639703085885,-56.057604713316842));
#646=IFCCARTESIANPOINT((218.78893672117306,-21.679032264047006));
#647=IFCCARTESIANPOINT((214.68705247495109,17.132518227103883));
#648=IFCCARTESIANPOINT((202.38139973628725,53.810353146231179));
#649=IFCCARTESIANPOINT((182.64453069505277,86.257545120823181));
#650=IFCCARTESIANPOINT((156.24899754111871,112.37716677837685));
#651=IFCCARTESIANPOINT((123.45231767110737,132.84979980996627));
#652=IFCCARTESIANPOINT((84.512008481643178,148.35602590666764));
#653=IFCCARTESIANPOINT((41.046750751505201,158.12329287861201));
#654=IFCCARTESIANPOINT((-5.3247747405296764,161.37904853592607));
#655=IFCCARTESIANPOINT((-58.833210938994576,158.00832975511892));
#656=IFCCARTESIANPOINT((-105.9037122218638,147.89617341269744));
#657=IFCCARTESIANPOINT((-146.53627858914166,131.04257950865949));
#658=IFCCARTESIANPOINT((-180.73091004082386,107.44754804300722));
#659=IFCCARTESIANPOINT((-207.83461603547457,79.12523293933323));
#660=IFCCARTESIANPOINT((-227.19440603165364,48.089788121232289));
#661=IFCCARTESIANPOINT((-238.81028002935892,14.341213588702244));
#662=IFCCARTESIANPOINT((-242.68223802859475,-22.120490658259083));
#663=IFCCARTESIANPOINT((-237.68823994407063,-57.630300242697366));
#664=IFCCARTESIANPOINT((-222.70624569049608,-89.111801979952617));
#665=IFCCARTESIANPOINT((-197.73625526787114,-116.5649958700205));
#666=IFCCARTESIANPOINT((-162.77826867619578,-139.98988191290317));
#667=IFCPOLYLINE((#638,#639,#640,#641,#642,#643,#644,#645,#646,#647,#648,#649,#650,#651,#652,#653,#654,#655,#656,#657,#658,#659,#660,#661,#662,#663,#664,#665,#666,#638));
#668=IFCCARTESIANPOINT((-8.8564418942262932,-139.98988191290317));
#669=IFCCARTESIANPOINT((-71.690686670423489,-134.83953398042749));
#670=IFCCARTESIANPOINT((-95.492651758361589,-128.40159906483399));
#671=IFCCARTESIANPOINT((-114.2178453128608,-119.38849018300263));
#672=IFCCARTESIANPOINT((-137.45879035815366,-101.13234617235373));
#673=IFCCARTESIANPOINT((-154.05946539050726,-79.914752100533619));
#674=IFCCARTESIANPOINT((-164.01987040991725,-55.735707967537927));
#675=IFCCARTESIANPOINT((-167.34000541638798,-28.59521377337099));
#676=IFCCARTESIANPOINT((-164.89359014846343,-6.0624415687904447));
#677=IFCCARTESIANPOINT((-157.55434434468549,14.888438056527271));
#678=IFCCARTESIANPOINT((-145.32226800505845,34.257425102584321));
#679=IFCCARTESIANPOINT((-128.19736112957801,52.044519569382871));
#680=IFCCARTESIANPOINT((-106.22560896764487,66.916149224404379));
#681=IFCCARTESIANPOINT((-79.452996768653236,77.538741835134658));
#682=IFCCARTESIANPOINT((-47.879524532605245,83.912297401573682));
#683=IFCCARTESIANPOINT((-11.505192259498756,86.036815923717143));
#684=IFCCARTESIANPOINT((25.55891875456194,83.99966937542635));
#685=IFCCARTESIANPOINT((57.43589363663073,77.888229730551828));
#686=IFCCARTESIANPOINT((84.125732386707611,67.702496989095735));
#687=IFCCARTESIANPOINT((105.62843500479042,53.442471151055891));
#688=IFCCARTESIANPOINT((122.1739277378675,36.294571650877273));
#689=IFCCARTESIANPOINT((133.99213683292072,17.445217923006993));
#690=IFCCARTESIANPOINT((141.08306228995437,-3.1055900325592747));
#691=IFCCARTESIANPOINT((143.44670410896632,-25.357852215815036));
#692=IFCCARTESIANPOINT((141.00028884103961,-47.890624420393415));
#693=IFCCARTESIANPOINT((133.66104303726166,-68.841504045711133));
#694=IFCCARTESIANPOINT((121.42896669763462,-88.210491091770351));
#695=IFCCARTESIANPOINT((104.30405982215419,-105.99758555856673));
#696=IFCCARTESIANPOINT((82.553036857327086,-120.86921521358825));
#697=IFCCARTESIANPOINT((56.442612249653557,-131.49180782431853));
#698=IFCCARTESIANPOINT((25.972785999135763,-137.86536339075755));
#699=IFCPOLYLINE((#668,#669,#670,#671,#672,#673,#674,#675,#676,#677,#678,#679,#680,#681,#682,#683,#684,#685,#686,#687,#688,#689,#690,#691,#692,#693,#694,#695,#696,#697,#698,#668));
#700=IFCARBITRARYPROFILEDEFWITHVOIDS(.AREA.,'600mm Arial',#667,(#699));
#701=IFCCARTESIANPOINT((-10864.841291175982,-13734.962050376505,0.));
#702=IFCAXIS2PLACEMENT3D(#701,#10,#7);
#703=IFCEXTRUDEDAREASOLID(#700,#702,#10,149.99999999999997);
#704=IFCCARTESIANPOINT((122.04900540629798,-124.31266639274683));
#705=IFCCARTESIANPOINT((197.39123801850474,-124.31266639274683));
#706=IFCCARTESIANPOINT((197.39123801850474,318.32295020396873));
#707=IFCCARTESIANPOINT((122.04900540629798,318.32295020396873));
#708=IFCCARTESIANPOINT((122.04900540629798,88.028821223296916));
#709=IFCCARTESIANPOINT((118.99558484632966,39.523580159238449));
#710=IFCCARTESIANPOINT((109.83532316642906,4.0781499239546468));
#711=IFCCARTESIANPOINT((93.335815682748347,-21.802348436732707));
#712=IFCCARTESIANPOINT((68.264657711450525,-41.612793877004002));
#713=IFCCARTESIANPOINT((37.859210810089387,-54.194358112050359));
#714=IFCCARTESIANPOINT((5.356836536218708,-58.388212857065099));
#715=IFCCARTESIANPOINT((-25.379704160801491,-54.286328610845267));
#716=IFCCARTESIANPOINT((-50.781955927760542,-41.98067587218145));
#717=IFCCARTESIANPOINT((-69.599119981052496,-22.501324227569217));
#718=IFCCARTESIANPOINT((-80.580397537080074,3.1216567364937022));
#719=IFCCARTESIANPOINT((-84.001700092223672,32.257910754495121));
#720=IFCCARTESIANPOINT((-85.142134277272262,79.935417329408111));
#721=IFCCARTESIANPOINT((-85.142134277272262,318.32295020396873));
#722=IFCCARTESIANPOINT((-160.48436688947902,318.32295020396873));
#723=IFCCARTESIANPOINT((-160.48436688947902,44.471592994366198));
#724=IFCCARTESIANPOINT((-156.06978294735825,-25.573138887295642));
#725=IFCCARTESIANPOINT((-147.22222096335645,-55.849827090345649));
#726=IFCCARTESIANPOINT((-133.62898124157263,-81.049743759956769));
#727=IFCCARTESIANPOINT((-113.43225970636793,-101.79828828792657));
#728=IFCCARTESIANPOINT((-84.774252282094807,-118.72086006605907));
#729=IFCCARTESIANPOINT((-50.616409029931013,-129.97804911846922));
#730=IFCCARTESIANPOINT((-13.920180011045602,-133.73044546927187));
#731=IFCCARTESIANPOINT((26.804356855025009,-128.38695948933056));
#732=IFCCARTESIANPOINT((63.040733379940228,-112.35650154950018));
#733=IFCCARTESIANPOINT((94.788949563697884,-85.639071649787212));
#734=IFCCARTESIANPOINT((122.04900540629798,-48.234669790185158));
#735=IFCPOLYLINE((#704,#705,#706,#707,#708,#709,#710,#711,#712,#713,#714,#715,#716,#717,#718,#719,#720,#721,#722,#723,#724,#725,#726,#727,#728,#729,#730,#731,#732,#733,#734,#704));
#736=IFCARBITRARYCLOSEDPROFILEDEF(.AREA.,'600mm Arial',#735);
#737=IFCCARTESIANPOINT((-10458.217864061846,-13843.913842935828,0.));
#738=IFCAXIS2PLACEMENT3D(#737,$,$);
#739=IFCEXTRUDEDAREASOLID(#736,#738,#9,149.99999999999997);
#740=IFCCARTESIANPOINT((-1.0835776720341528E-12,1.0800249583553523E-12));
#741=IFCAXIS2PLACEMENT2D(#740,#11);
#742=IFCRECTANGLEPROFILEDEF(.AREA.,'600mm Arial',#741,75.342232612206772,442.63561659671558);
#743=IFCCARTESIANPOINT((-10119.559939895453,-13746.908701030219,0.));
#744=IFCAXIS2PLACEMENT3D(#743,$,$);
#745=IFCEXTRUDEDAREASOLID(#742,#744,#9,149.99999999999997);
#746=IFCCARTESIANPOINT((-1.0835776720341528E-12,-1.0800249583553523E-12));
#747=IFCAXIS2PLACEMENT2D(#746,#11);
#748=IFCRECTANGLEPROFILEDEF(.AREA.,'600mm Arial',#747,75.342232612206772,602.73786089765633);
#749=IFCCARTESIANPOINT((-9931.2043583649338,-13666.857578879746,0.));
#750=IFCAXIS2PLACEMENT3D(#749,$,$);
#751=IFCEXTRUDEDAREASOLID(#748,#750,#9,149.99999999999997);
#752=IFCCARTESIANPOINT((149.21347824664028,-228.16812270045341));
#753=IFCCARTESIANPOINT((224.55571085884705,-228.16812270045341));
#754=IFCCARTESIANPOINT((224.55571085884705,374.56973819720292));
#755=IFCCARTESIANPOINT((149.21347824664028,374.56973819720292));
#756=IFCCARTESIANPOINT((149.21347824664028,150.01456834128808));
#757=IFCCARTESIANPOINT((127.25092313458511,179.75782765133326));
#758=IFCCARTESIANPOINT((99.622985296808636,203.35745764192345));
#759=IFCCARTESIANPOINT((67.028640524144137,218.7533191400718));
#760=IFCCARTESIANPOINT((30.166864607430288,223.88527297278935));
#761=IFCCARTESIANPOINT((4.2357824724054129,222.09184824630279));
#762=IFCCARTESIANPOINT((-20.435303829137716,216.71157406684094));
#763=IFCCARTESIANPOINT((-43.846394297201265,207.74445043440596));
#764=IFCCARTESIANPOINT((-65.997488931783067,195.19047734900002));
#765=IFCCARTESIANPOINT((-86.175816367230723,179.27038400772267));
#766=IFCCARTESIANPOINT((-103.66860523788644,160.2048996076864));
#767=IFCCARTESIANPOINT((-118.47585554375131,137.99402414888695));
#768=IFCCARTESIANPOINT((-130.59756728482748,112.63775763132644));
#769=IFCCARTESIANPOINT((-146.76598097284915,55.726412977476052));
#770=IFCCARTESIANPOINT((-152.15545220218681,-7.291772796306617));
#771=IFCCARTESIANPOINT((-146.30612847887679,-71.100904859722874));
#772=IFCCARTESIANPOINT((-138.9944738247371,-100.09460460459294));
#773=IFCCARTESIANPOINT((-128.75815730894456,-127.14772682490721));
#774=IFCCARTESIANPOINT((-115.86389337799724,-151.79122197681102));
#775=IFCCARTESIANPOINT((-100.5783964784019,-173.55604051645832));
#776=IFCCARTESIANPOINT((-82.901666610156369,-192.442182443847));
#777=IFCCARTESIANPOINT((-62.833703773262812,-208.44964775897702));
#778=IFCCARTESIANPOINT((-41.055089658796369,-221.19675889185291));
#779=IFCCARTESIANPOINT((-18.246405957835446,-230.30183827247919));
#780=IFCCARTESIANPOINT((5.5923473296199688,-235.76488590085364));
#781=IFCCARTESIANPOINT((30.461170203572035,-237.58590177697846));
#782=IFCCARTESIANPOINT((67.295354970647637,-232.55511549293593));
#783=IFCCARTESIANPOINT((99.365467900185294,-217.46275664080838));
#784=IFCCARTESIANPOINT((126.67150899218176,-192.30882522059579));
#785=IFCCARTESIANPOINT((149.21347824664028,-157.09332123229817));
#786=IFCPOLYLINE((#752,#753,#754,#755,#756,#757,#758,#759,#760,#761,#762,#763,#764,#765,#766,#767,#768,#769,#770,#771,#772,#773,#774,#775,#776,#777,#778,#779,#780,#781,#782,#783,#784,#785,#752));
#787=IFCCARTESIANPOINT((-76.813219589981117,-6.9974672001659544));
#788=IFCCARTESIANPOINT((-74.82665681602677,30.623065331599907));
#789=IFCCARTESIANPOINT((-68.866968494162649,62.844929584147962));
#790=IFCCARTESIANPOINT((-58.934154624388746,89.668125557476046));
#791=IFCCARTESIANPOINT((-45.02821520670615,111.09265325158417));
#792=IFCCARTESIANPOINT((-28.15162867797109,127.47719761176963));
#793=IFCCARTESIANPOINT((-9.306873475039799,139.18044358333191));
#794=IFCCARTESIANPOINT((11.506050402087723,146.20239116626885));
#795=IFCCARTESIANPOINT((34.287142953410395,148.54304036058261));
#796=IFCCARTESIANPOINT((57.606262922679036,146.10582214253603));
#797=IFCCARTESIANPOINT((79.003199467148903,138.79416748839634));
#798=IFCCARTESIANPOINT((98.477952586821061,126.60807639816568));
#799=IFCCARTESIANPOINT((116.03052228169337,109.5475488718419));
#800=IFCCARTESIANPOINT((130.54806551635764,87.281491113765924));
#801=IFCCARTESIANPOINT((140.91773925540355,59.478809328280875));
#802=IFCCARTESIANPOINT((147.1395434988311,26.139503515384582));
#803=IFCCARTESIANPOINT((149.21347824664028,-12.736426324922958));
#804=IFCCARTESIANPOINT((147.17633169834949,-48.195652135026968));
#805=IFCCARTESIANPOINT((141.06489205347495,-78.789638558917986));
#806=IFCCARTESIANPOINT((130.8791593120167,-104.51838559659386));
#807=IFCCARTESIANPOINT((116.61913347397686,-125.38189324805674));
#808=IFCCARTESIANPOINT((99.44364282415998,-141.50892021161994));
#809=IFCCARTESIANPOINT((80.511515647373855,-153.02822518559458));
#810=IFCCARTESIANPOINT((59.822751943619565,-159.93980816997848));
#811=IFCCARTESIANPOINT((37.377351712894935,-162.24366916477169));
#812=IFCCARTESIANPOINT((15.03771755578434,-159.82944357142546));
#813=IFCCARTESIANPOINT((-5.775206321343183,-152.5867667913825));
#814=IFCCARTESIANPOINT((-25.061419918485466,-140.51563882464276));
#815=IFCCARTESIANPOINT((-42.820923235645765,-123.61605967120843));
#816=IFCCARTESIANPOINT((-57.69255289066728,-101.84204408168314));
#817=IFCCARTESIANPOINT((-68.315145501397552,-75.14760680666619));
#818=IFCCARTESIANPOINT((-74.688701067835495,-43.532747846161904));
#819=IFCPOLYLINE((#787,#788,#789,#790,#791,#792,#793,#794,#795,#796,#797,#798,#799,#800,#801,#802,#803,#804,#805,#806,#807,#808,#809,#810,#811,#812,#813,#814,#815,#816,#817,#818,#787));
#820=IFCARBITRARYPROFILEDEFWITHVOIDS(.AREA.,'600mm Arial',#786,(#819));
#821=IFCCARTESIANPOINT((-9656.6177781679107,-13740.058386628121,0.));
#822=IFCAXIS2PLACEMENT3D(#821,$,$);
#823=IFCEXTRUDEDAREASOLID(#820,#822,#9,149.99999999999997);
#824=IFCCARTESIANPOINT((-5.4001247917767614E-13,1.0800249583553523E-12));
#825=IFCAXIS2PLACEMENT2D(#824,#11);
#826=IFCRECTANGLEPROFILEDEF(.AREA.,'600mm Arial',#825,75.342232612207852,442.63561659671558);
#827=IFCCARTESIANPOINT((-9281.377602084649,-13746.908701030219,0.));
#828=IFCAXIS2PLACEMENT3D(#827,$,$);
#829=IFCEXTRUDEDAREASOLID(#826,#828,#9,149.99999999999997);
#830=IFCCARTESIANPOINT((-192.42569414988557,-322.87999402134443));
#831=IFCCARTESIANPOINT((-117.08346153767772,-322.87999402134443));
#832=IFCCARTESIANPOINT((-117.08346153767772,-88.024128300480399));
#833=IFCCARTESIANPOINT((-114.93595039083283,-49.994327049078613));
#834=IFCCARTESIANPOINT((-108.49341695029923,-18.604795810620438));
#835=IFCCARTESIANPOINT((-97.755861216076966,6.1444654148984688));
#836=IFCCARTESIANPOINT((-82.723283188164913,24.253456627475938));
#837=IFCCARTESIANPOINT((-64.729255099080532,37.193705807819612));
#838=IFCCARTESIANPOINT((-45.107349181339117,46.436740936637143));
#839=IFCCARTESIANPOINT((-23.857565434939584,51.982562013926362));
#840=IFCCARTESIANPOINT((-0.97990385988302087,53.831169039691602));
#841=IFCCARTESIANPOINT((26.813580875724053,50.538625182859136));
#842=IFCCARTESIANPOINT((50.744304661974375,40.660993612361743));
#843=IFCCARTESIANPOINT((69.414315917197072,25.26513211421339));
#844=IFCCARTESIANPOINT((81.425663059719142,5.4178984744258685));
#845=IFCCARTESIANPOINT((87.937174374348373,-22.283615762388468));
#846=IFCCARTESIANPOINT((90.107678145891441,-61.242319051610771));
#847=IFCCARTESIANPOINT((90.107678145891441,-322.87999402134443));
#848=IFCCARTESIANPOINT((165.44991075809821,-322.87999402134443));
#849=IFCCARTESIANPOINT((165.44991075809821,-51.08877598473083));
#850=IFCCARTESIANPOINT((161.47678521018952,21.751859060274889));
#851=IFCCARTESIANPOINT((152.59243502666931,51.642271168389328));
#852=IFCCARTESIANPOINT((138.88883070633463,77.154887533899227));
#853=IFCCARTESIANPOINT((118.69210917112777,98.234525857530244));
#854=IFCCARTESIANPOINT((90.32840734299748,114.82600384000369));
#855=IFCCARTESIANPOINT((56.317716888902929,125.58655219892307));
#856=IFCCARTESIANPOINT((19.180029475805444,129.17340165189836));
#857=IFCCARTESIANPOINT((-22.776912074106495,124.7220295102592));
#858=IFCCARTESIANPOINT((-59.473141092991902,111.3679130853417));
#859=IFCCARTESIANPOINT((-90.908657580848612,89.111052377145867));
#860=IFCCARTESIANPOINT((-117.08346153767772,57.951447385671713));
#861=IFCCARTESIANPOINT((-117.08346153767772,119.75562257537118));
#862=IFCCARTESIANPOINT((-192.42569414988557,119.75562257537118));
#863=IFCPOLYLINE((#830,#831,#832,#833,#834,#835,#836,#837,#838,#839,#840,#841,#842,#843,#844,#845,#846,#847,#848,#849,#850,#851,#852,#853,#854,#855,#856,#857,#858,#859,#860,#861,#862,#830));
#864=IFCARBITRARYCLOSEDPROFILEDEF(.AREA.,'600mm Arial',#863);
#865=IFCCARTESIANPOINT((-8938.267442710352,-13645.34651530723,0.));
#866=IFCAXIS2PLACEMENT3D(#865,$,$);
#867=IFCEXTRUDEDAREASOLID(#864,#866,#9,149.99999999999997);
#868=IFCCARTESIANPOINT((98.400633588201558,-172.98764738459187));
#869=IFCCARTESIANPOINT((131.64780798534267,-172.98764738459187));
#870=IFCCARTESIANPOINT((160.88574377935484,-166.52677380223832));
#871=IFCCARTESIANPOINT((186.11444097023804,-153.60502663753124));
#872=IFCCARTESIANPOINT((207.33389955799004,-134.22240589047155));
#873=IFCCARTESIANPOINT((224.47872349480235,-109.60050830942616));
#874=IFCCARTESIANPOINT((237.48351673286658,-80.9609306427609));
#875=IFCCARTESIANPOINT((246.34827927218041,-48.30367289047777));
#876=IFCCARTESIANPOINT((251.07301111274379,-11.628735052577861));
#877=IFCCARTESIANPOINT((251.6613230363624,19.780422927390585));
#878=IFCCARTESIANPOINT((248.95303633249836,48.825364119531848));
#879=IFCCARTESIANPOINT((242.9481510011496,75.506088523847183));
#880=IFCCARTESIANPOINT((233.64666704232044,99.822596140336245));
#881=IFCCARTESIANPOINT((221.46993667850273,121.53394154096682));
#882=IFCCARTESIANPOINT((206.83931213219248,140.39917929770425));
#883=IFCCARTESIANPOINT((189.75479340338765,156.41830941054974));
#884=IFCCARTESIANPOINT((170.21638049209034,169.59133187950206));
#885=IFCCARTESIANPOINT((145.60551115583505,180.31458740977274));
#886=IFCCARTESIANPOINT((113.30362315216297,188.98441670657181));
#887=IFCCARTESIANPOINT((25.626791142563949,200.16379659975644));
#888=IFCCARTESIANPOINT((-355.63230242936737,226.32811814669651));
#889=IFCCARTESIANPOINT((-360.79061303084342,151.16267497810628));
#890=IFCCARTESIANPOINT((-304.41653065440124,147.29394202699928));
#891=IFCCARTESIANPOINT((-334.9343763370415,123.86173376435401));
#892=IFCCARTESIANPOINT((-357.45390718494849,96.617219205246727));
#893=IFCCARTESIANPOINT((-371.97512319812228,65.560398349679573));
#894=IFCCARTESIANPOINT((-378.49802437656257,30.691271197652551));
#895=IFCCARTESIANPOINT((-378.50891778151947,3.9347960638715378));
#896=IFCCARTESIANPOINT((-374.76353847382217,-21.281814516723902));
#897=IFCCARTESIANPOINT((-367.26188645347281,-44.95856054413364));
#898=IFCCARTESIANPOINT((-356.00396172047158,-67.095442018358725));
#899=IFCCARTESIANPOINT((-341.26687285609597,-87.364616234235868));
#900=IFCCARTESIANPOINT((-323.32772844162389,-105.43824048660277));
#901=IFCCARTESIANPOINT((-302.18652847705715,-121.31631477545821));
#902=IFCCARTESIANPOINT((-277.84327296239161,-134.99883910080248));
#903=IFCCARTESIANPOINT((-223.14504111254132,-154.95900684598746));
#904=IFCCARTESIANPOINT((-162.82747872184402,-164.50051270718919));
#905=IFCCARTESIANPOINT((-118.37777713855247,-164.54102253699517));
#906=IFCCARTESIANPOINT((-76.783363756584635,-158.36578615547089));
#907=IFCCARTESIANPOINT((-38.044238575942728,-145.97480356261721));
#908=IFCCARTESIANPOINT((-2.1604015966267509,-127.36807475843412));
#909=IFCCARTESIANPOINT((28.363424741516248,-102.90839395092678));
#910=IFCCARTESIANPOINT((51.022517998639316,-72.958555348099267));
#911=IFCCARTESIANPOINT((65.816878174740125,-37.518558949953572));
#912=IFCCARTESIANPOINT((72.746505269818769,3.4115952435113694));
#913=IFCCARTESIANPOINT((71.536556902275947,37.364064661525198));
#914=IFCCARTESIANPOINT((63.080870436154996,68.900677451201361));
#915=IFCCARTESIANPOINT((47.379445871458117,98.021433612540733));
#916=IFCCARTESIANPOINT((24.432283208183019,124.72633314554135));
#917=IFCCARTESIANPOINT((79.668968680655382,119.86628825866929));
#918=IFCCARTESIANPOINT((111.72374551403472,113.57339966901483));
#919=IFCCARTESIANPOINT((141.15579088270411,97.541197724636305));
#920=IFCCARTESIANPOINT((162.34935640595148,73.224436329401485));
#921=IFCCARTESIANPOINT((169.60591349316024,57.66312180173923));
#922=IFCCARTESIANPOINT((174.30125915425447,39.438219339415632));
#923=IFCCARTESIANPOINT((176.00831619808858,-5.0023493892158637));
#924=IFCCARTESIANPOINT((168.98572021709177,-46.078231734153981));
#925=IFCCARTESIANPOINT((154.26507227200923,-76.817149870116822));
#926=IFCCARTESIANPOINT((137.01305321066735,-91.784341004487928));
#927=IFCCARTESIANPOINT((112.95462458575061,-98.466993041186043));
#928=IFCPOLYLINE((#868,#869,#870,#871,#872,#873,#874,#875,#876,#877,#878,#879,#880,#881,#882,#883,#884,#885,#886,#887,#888,#889,#890,#891,#892,#893,#894,#895,#896,#897,#898,#899,#900,#901,#902,#903,#904,#905,#906,#907,#908,#909,#910,#911,#912,#913,#914,#915,#916,#917,#918,#919,#920,#921,#922,#923,#924,#925,#926,#927,#868));
#929=IFCCARTESIANPOINT((-162.80743083697132,-88.982450649824997));
#930=IFCCARTESIANPOINT((-197.04385259391503,-84.591000902476978));
#931=IFCCARTESIANPOINT((-226.49617227661318,-76.443989531794074));
#932=IFCCARTESIANPOINT((-251.16438988506582,-64.541416537777437));
#933=IFCCARTESIANPOINT((-271.04850541927061,-48.883281920423919));
#934=IFCCARTESIANPOINT((-286.15508405269287,-30.639907672804441));
#935=IFCCARTESIANPOINT((-296.49069095880435,-10.981615787989448));
#936=IFCCARTESIANPOINT((-302.05532613760067,10.091593734022933));
#937=IFCCARTESIANPOINT((-302.848989589084,32.579720893231752));
#938=IFCCARTESIANPOINT((-298.92785673330064,55.126865285612745));
#939=IFCCARTESIANPOINT((-290.39847711727106,75.643088976196424));
#940=IFCCARTESIANPOINT((-277.26085074099313,94.128391964983706));
#941=IFCCARTESIANPOINT((-259.51497760446898,110.58277425197365));
#942=IFCCARTESIANPOINT((-237.32844326918521,123.7732145929845));
#943=IFCCARTESIANPOINT((-210.86883329663067,132.46669174383354));
#944=IFCCARTESIANPOINT((-180.13614768680756,136.66320570451873));
#945=IFCCARTESIANPOINT((-145.13038643971151,136.36275647504306));
#946=IFCCARTESIANPOINT((-108.88912467637752,131.83372239341483));
#947=IFCCARTESIANPOINT((-78.120125172550487,123.59635243248395));
#948=IFCCARTESIANPOINT((-52.823387928228115,111.65064659225138));
#949=IFCCARTESIANPOINT((-32.998912943412819,95.996604872714002));
#950=IFCCARTESIANPOINT((-18.251886637627528,77.685718482330103));
#951=IFCCARTESIANPOINT((-8.1874954303909124,57.769478629556538));
#952=IFCCARTESIANPOINT((-2.8057393217073794,36.247885314392533));
#953=IFCCARTESIANPOINT((-2.106618311572678,13.120938536836734));
#954=IFCCARTESIANPOINT((-5.9880351116698609,-9.9221308670600639));
#955=IFCCARTESIANPOINT((-14.307593132103513,-30.604862036491014));
#956=IFCCARTESIANPOINT((-27.065292372873706,-48.927254971457202));
#957=IFCCARTESIANPOINT((-44.261132833980518,-64.889309671959708));
#958=IFCCARTESIANPOINT((-66.231459762625008,-77.481545170529472));
#959=IFCCARTESIANPOINT((-93.312618406003807,-85.694480499695587));
#960=IFCCARTESIANPOINT((-125.50460876411927,-89.528115659461108));
#961=IFCPOLYLINE((#929,#930,#931,#932,#933,#934,#935,#936,#937,#938,#939,#940,#941,#942,#943,#944,#945,#946,#947,#948,#949,#950,#951,#952,#953,#954,#955,#956,#957,#958,#959,#960,#929));
#962=IFCARBITRARYPROFILEDEFWITHVOIDS(.AREA.,'600mm Arial',#928,(#961));
#963=IFCCARTESIANPOINT((-8522.212791302034,-13895.884277744952,0.));
#964=IFCDIRECTION((0.068465061661052179,-0.99765351466917029,0.));
#965=IFCAXIS2PLACEMENT3D(#963,#9,#964);
#966=IFCEXTRUDEDAREASOLID(#962,#965,#9,149.99999999999997);
#967=IFCCARTESIANPOINT((-272.65574072527852,-197.77336060704303));
#968=IFCCARTESIANPOINT((-193.04607696902133,-197.77336060704303));
#969=IFCCARTESIANPOINT((-124.17856747192538,-9.4177790765250347));
#970=IFCCARTESIANPOINT((124.06820287337345,-9.4177790765250347));
#971=IFCCARTESIANPOINT((193.08286516853971,-197.77336060704303));
#972=IFCCARTESIANPOINT((272.69252892479801,-197.77336060704303));
#973=IFCCARTESIANPOINT((32.097704079175912,404.96450029061327));
#974=IFCCARTESIANPOINT((-32.060915879656434,404.96450029061327));
#975=IFCPOLYLINE((#967,#968,#969,#970,#971,#972,#973,#974,#967));
#976=IFCCARTESIANPOINT((-96.513841434630521,65.924453535681735));
#977=IFCCARTESIANPOINT((-37.505569408273857,227.05676742311587));
#978=IFCCARTESIANPOINT((0.018394099759197504,329.6222676784065));
#979=IFCCARTESIANPOINT((42.251247146054766,214.10732119289423));
#980=IFCCARTESIANPOINT((96.550629634149999,65.924453535681735));
#981=IFCPOLYLINE((#976,#977,#978,#979,#980,#976));
#982=IFCARBITRARYPROFILEDEFWITHVOIDS(.AREA.,'600mm Arial',#975,(#981));
#983=IFCCARTESIANPOINT((-7760.424675325482,-13770.453148721532,0.));
#984=IFCAXIS2PLACEMENT3D(#983,$,$);
#985=IFCEXTRUDEDAREASOLID(#982,#984,#9,149.99999999999997);
#986=IFCCARTESIANPOINT((-1.0835776720341528E-12,1.0835776720341528E-12));
#987=IFCAXIS2PLACEMENT2D(#986,#11);
#988=IFCRECTANGLEPROFILEDEF(.AREA.,'600mm Arial',#987,75.342232612206772,75.342232612206772);
#989=IFCCARTESIANPOINT((-10119.559939895453,-13403.159764737024,0.));
#990=IFCAXIS2PLACEMENT3D(#989,$,$);
#991=IFCEXTRUDEDAREASOLID(#988,#990,#9,149.99999999999997);
#992=IFCCARTESIANPOINT((-5.4001247917767614E-13,1.0835776720341528E-12));
#993=IFCAXIS2PLACEMENT2D(#992,#11);
#994=IFCRECTANGLEPROFILEDEF(.AREA.,'600mm Arial',#993,75.342232612207852,75.342232612206772);
#995=IFCCARTESIANPOINT((-9281.377602084649,-13403.159764737024,0.));
#996=IFCAXIS2PLACEMENT3D(#995,$,$);
#997=IFCEXTRUDEDAREASOLID(#994,#996,#9,149.99999999999997);
#998=IFCSHAPEREPRESENTATION(#101,'Body','SweptSolid',(#365,#443,#468,#567,#637,#703,#739,#745,#751,#823,#829,#867,#966,#985,#991,#997));
#999=IFCPRODUCTDEFINITIONSHAPE($,$,(#998));
#1000=IFCBUILDINGELEMENTPROXY('0GGYMLdkHC8AnJCv0l2s_7',#18,'Model Text:600mm Arial:352583',$,'Model Text:600mm Arial',#354,#999,'352583',$);
#1001=IFCBUILDINGELEMENTPROXYTYPE('0jcJ1wPir4ER5pN8ZIKb$6',#18,'Model Text:600mm Arial',$,$,$,$,'7848',$,.NOTDEFINED.);
#1002=IFCPROPERTYSINGLEVALUE('Reference',$,IFCIDENTIFIER('600mm Arial'),$);
#1003=IFCPROPERTYSET('2NWAMLre5bPiOQ5xTG0BYd',#18,'Pset_BuildingElementProxyCommon',$,(#1002));
#1004=IFCPROPERTYSET('1kx_WH3BqntJfp57asGiue',#18,'Pset_QuantityTakeOff',$,(#1002));
#1005=IFCRELDEFINESBYPROPERTIES('3ZpwzqdDB6sJOHbnFck3My',#18,$,$,(#1000),#1003);
#1006=IFCRELDEFINESBYPROPERTIES('3k8GOLtXQ_SOmEmCvtXm3P',#18,$,$,(#1000),#1004);
#1007=IFCCARTESIANPOINT((-14682.667853681824,-10448.298444644719,0.));
#1008=IFCAXIS2PLACEMENT3D(#1007,#9,#7);
#1009=IFCLOCALPLACEMENT(#111,#1008);
#1010=IFCCARTESIANPOINT((20000.,0.));
#1011=IFCPOLYLINE((#4,#1010));
#1012=IFCSHAPEREPRESENTATION(#100,'Axis','Curve2D',(#1011));
#1013=IFCCARTESIANPOINT((10000.000000000018,-7.9580786405131221E-13));
#1014=IFCAXIS2PLACEMENT2D(#1013,#11);
#1015=IFCRECTANGLEPROFILEDEF(.AREA.,$,#1014,20000.000000000029,200.);
#1016=IFCAXIS2PLACEMENT3D(#3,$,$);
#1017=IFCEXTRUDEDAREASOLID(#1015,#1016,#9,3850.0000000000005);
#1018=IFCCARTESIANPOINT((7900.,0.));
#1019=IFCCARTESIANPOINT((8100.,0.));
#1020=IFCCARTESIANPOINT((14500.,0.));
#1021=IFCCARTESIANPOINT((14700.,0.));
#1022=IFCCARTESIANPOINT((19800.,0.));
#1023=IFCCARTESIANPOINT((20000.,0.));
#1024=IFCCARTESIANPOINT((20000.,200.));
#1025=IFCCARTESIANPOINT((0.,200.));
#1026=IFCPOLYLINE((#4,#1018,#1019,#1020,#1021,#1022,#1023,#1024,#1025,#4));
#1027=IFCCARTESIANPOINT((0.,-100.,3850.));
#1028=IFCAXIS2PLACEMENT3D(#1027,#10,#8);
#1029=IFCPLANE(#1028);
#1030=IFCCARTESIANPOINT((0.,-100.,3850.));
#1031=IFCAXIS2PLACEMENT3D(#1030,$,$);
#1032=IFCPOLYGONALBOUNDEDHALFSPACE(#1029,.T.,#1031,#1026);
#1033=IFCBOOLEANCLIPPINGRESULT(.DIFFERENCE.,#1017,#1032);
#1034=IFCSTYLEDITEM(#1017,(#315),$);
#1035=IFCSHAPEREPRESENTATION(#101,'Body','Clipping',(#1033));
#1036=IFCPRODUCTDEFINITIONSHAPE($,$,(#1012,#1035));
#1037=IFCWALLSTANDARDCASE('2cXV28XOjE6f6irgi0COkg',#18,'Basic Wall:Outside wall:352966',$,'Basic Wall:Outside wall',#1009,#1036,'352966');
#1038=IFCPROPERTYSINGLEVALUE('FireRating',$,IFCLABEL('_FIRE-RATING_'),$);
#1039=IFCPROPERTYSET('2qFWymiO5bbwpljQl6u91_',#18,'Pset_ConcreteElementGeneral',$,(#1038));
#1040=IFCPROPERTYSET('19kA0jV8LsO5VLAVURt12z',#18,'Pset_QuantityTakeOff',$,(#331));
#1041=IFCPROPERTYSINGLEVALUE('Reference',$,IFCLABEL('Outside wall'),$);
#1042=IFCPROPERTYSET('20_AKcPzS$TX75QCqFPyVM',#18,'Pset_ReinforcementBarPitchOfWall',$,(#1041));
#1043=IFCPROPERTYSINGLEVALUE('FireRating',$,IFCLABEL('_FIRE-RATING_'),$);
#1044=IFCPROPERTYSET('2oNeuqIi73jtbT0__2xHN1',#18,'Pset_WallCommon',$,(#331,#336,#337,#338,#1043));
#1045=IFCRELDEFINESBYPROPERTIES('3ucfuoJ280uxPkxjn8nkJZ',#18,$,$,(#1037),#1039);
#1046=IFCRELDEFINESBYPROPERTIES('1Vrlb309wzFIIxujLVo_pA',#18,$,$,(#1037),#1040);
#1047=IFCRELDEFINESBYPROPERTIES('2xEqvXgczgt9Qr2WpdCGdM',#18,$,$,(#1037),#1042);
#1048=IFCRELDEFINESBYPROPERTIES('3yLEl2CbsHv7gnzoiNKMjv',#18,$,$,(#1037),#1044);
#1049=IFCCARTESIANPOINT((-6682.6678536818199,-10448.298444644744,0.));
#1050=IFCAXIS2PLACEMENT3D(#1049,#9,#7);
#1051=IFCLOCALPLACEMENT(#111,#1050);
#1052=IFCCARTESIANPOINT((20000.,0.));
#1053=IFCPOLYLINE((#4,#1052));
#1054=IFCSHAPEREPRESENTATION(#100,'Axis','Curve2D',(#1053));
#1055=IFCCARTESIANPOINT((10000.000000000018,-5.4711790653527714E-13));
#1056=IFCAXIS2PLACEMENT2D(#1055,#11);
#1057=IFCRECTANGLEPROFILEDEF(.AREA.,$,#1056,20000.000000000029,200.00000000000108);
#1058=IFCAXIS2PLACEMENT3D(#3,$,$);
#1059=IFCEXTRUDEDAREASOLID(#1057,#1058,#9,3850.0000000000005);
#1060=IFCCARTESIANPOINT((20000.,0.));
#1061=IFCCARTESIANPOINT((20000.,200.));
#1062=IFCCARTESIANPOINT((19800.,200.));
#1063=IFCCARTESIANPOINT((14700.,200.));
#1064=IFCCARTESIANPOINT((14500.,200.));
#1065=IFCCARTESIANPOINT((8100.,200.));
#1066=IFCCARTESIANPOINT((7900.,200.));
#1067=IFCCARTESIANPOINT((0.,200.));
#1068=IFCPOLYLINE((#4,#1060,#1061,#1062,#1063,#1064,#1065,#1066,#1067,#4));
#1069=IFCCARTESIANPOINT((0.,-100.,3850.));
#1070=IFCAXIS2PLACEMENT3D(#1069,#10,#8);
#1071=IFCPLANE(#1070);
#1072=IFCCARTESIANPOINT((0.,-100.,3850.));
#1073=IFCAXIS2PLACEMENT3D(#1072,$,$);
#1074=IFCPOLYGONALBOUNDEDHALFSPACE(#1071,.T.,#1073,#1068);
#1075=IFCBOOLEANCLIPPINGRESULT(.DIFFERENCE.,#1059,#1074);
#1076=IFCSTYLEDITEM(#1059,(#315),$);
#1077=IFCSHAPEREPRESENTATION(#101,'Body','Clipping',(#1075));
#1078=IFCPRODUCTDEFINITIONSHAPE($,$,(#1054,#1077));
#1079=IFCWALLSTANDARDCASE('2cXV28XOjE6f6irgi0COfF',#18,'Basic Wall:Outside wall:353059',$,'Basic Wall:Outside wall',#1051,#1078,'353059');
#1080=IFCPROPERTYSINGLEVALUE('FireRating',$,IFCLABEL('_FIRE-RATING_'),$);
#1081=IFCPROPERTYSET('0ld2T9Wr4C3$kT9aFQ1c4W',#18,'Pset_ConcreteElementGeneral',$,(#1080));
#1082=IFCPROPERTYSET('3vzSgsCrTaOmV46bJJsV8y',#18,'Pset_QuantityTakeOff',$,(#331));
#1083=IFCPROPERTYSINGLEVALUE('Reference',$,IFCLABEL('Outside wall'),$);
#1084=IFCPROPERTYSET('2As2tDJHj_8TbI74d62Rly',#18,'Pset_ReinforcementBarPitchOfWall',$,(#1083));
#1085=IFCPROPERTYSINGLEVALUE('FireRating',$,IFCLABEL('_FIRE-RATING_'),$);
#1086=IFCPROPERTYSET('212iY1zXtJ0MkKoQ8hn4Qz',#18,'Pset_WallCommon',$,(#331,#336,#337,#338,#1085));
#1087=IFCRELDEFINESBYPROPERTIES('1sQezv86tYkVupuADCLyAF',#18,$,$,(#1079),#1081);
#1088=IFCRELDEFINESBYPROPERTIES('2IRYUoogJhwWmNokZ6eTa2',#18,$,$,(#1079),#1082);
#1089=IFCRELDEFINESBYPROPERTIES('1ltiSf$4oq88oyTW69rOfA',#18,$,$,(#1079),#1084);
#1090=IFCRELDEFINESBYPROPERTIES('1CTowAWIo_o$xbhfPUxrGq',#18,$,$,(#1079),#1086);
#1091=IFCCARTESIANPOINT((-6782.6678536817872,9451.7015553552883,0.));
#1092=IFCAXIS2PLACEMENT3D(#1091,#9,#6);
#1093=IFCLOCALPLACEMENT(#111,#1092);
#1094=IFCCARTESIANPOINT((7800.,0.));
#1095=IFCPOLYLINE((#4,#1094));
#1096=IFCSHAPEREPRESENTATION(#100,'Axis','Curve2D',(#1095));
#1097=IFCCARTESIANPOINT((3900.0000000000009,-3.1974423109204508E-13));
#1098=IFCAXIS2PLACEMENT2D(#1097,#12);
#1099=IFCRECTANGLEPROFILEDEF(.AREA.,$,#1098,7800.0000000000018,200.);
#1100=IFCAXIS2PLACEMENT3D(#3,$,$);
#1101=IFCEXTRUDEDAREASOLID(#1099,#1100,#9,3850.0000000000005);
#1102=IFCCARTESIANPOINT((7800.,0.));
#1103=IFCCARTESIANPOINT((7800.,200.));
#1104=IFCCARTESIANPOINT((-0.,200.));
#1105=IFCPOLYLINE((#4,#1102,#1103,#1104,#4));
#1106=IFCCARTESIANPOINT((0.,-100.,3850.));
#1107=IFCAXIS2PLACEMENT3D(#1106,#10,#6);
#1108=IFCPLANE(#1107);
#1109=IFCCARTESIANPOINT((0.,-100.,3850.));
#1110=IFCAXIS2PLACEMENT3D(#1109,$,$);
#1111=IFCPOLYGONALBOUNDEDHALFSPACE(#1108,.T.,#1110,#1105);
#1112=IFCBOOLEANCLIPPINGRESULT(.DIFFERENCE.,#1101,#1111);
#1113=IFCSTYLEDITEM(#1101,(#315),$);
#1114=IFCSHAPEREPRESENTATION(#101,'Body','Clipping',(#1112));
#1115=IFCPRODUCTDEFINITIONSHAPE($,$,(#1096,#1114));
#1116=IFCWALLSTANDARDCASE('2cXV28XOjE6f6irgi0COez',#18,'Basic Wall:Outside wall:353105',$,'Basic Wall:Outside wall',#1093,#1115,'353105');
#1117=IFCPROPERTYSINGLEVALUE('FireRating',$,IFCLABEL('_FIRE-RATING_'),$);
#1118=IFCPROPERTYSET('1IQnz6JJ$9LciJFpTtrJPe',#18,'Pset_ConcreteElementGeneral',$,(#1117));
#1119=IFCPROPERTYSET('0iWScGRaRyCtwM7tSAbpA3',#18,'Pset_QuantityTakeOff',$,(#331));
#1120=IFCPROPERTYSINGLEVALUE('Reference',$,IFCLABEL('Outside wall'),$);
#1121=IFCPROPERTYSET('0gQhGVgKpXRndgFVJ4$kk1',#18,'Pset_ReinforcementBarPitchOfWall',$,(#1120));
#1122=IFCPROPERTYSINGLEVALUE('FireRating',$,IFCLABEL('_FIRE-RATING_'),$);
#1123=IFCPROPERTYSET('0XLi5GCd5NUiZJJ0ze_Cz6',#18,'Pset_WallCommon',$,(#331,#336,#337,#338,#1122));
#1124=IFCRELDEFINESBYPROPERTIES('1b164TdHHcaDnmdtsgmehL',#18,$,$,(#1116),#1118);
#1125=IFCRELDEFINESBYPROPERTIES('3wOi86xznAbR3P_NR4gfYI',#18,$,$,(#1116),#1119);
#1126=IFCRELDEFINESBYPROPERTIES('0X83HWVGQP0ZeDvL2etUE0',#18,$,$,(#1116),#1121);
#1127=IFCRELDEFINESBYPROPERTIES('1g7ObOlhLATfP1wY73Xm4z',#18,$,$,(#1116),#1123);
#1128=IFCCARTESIANPOINT((-533.49999999999989,-1124.));
#1129=IFCCARTESIANPOINT((533.49999999999977,-1124.));
#1130=IFCCARTESIANPOINT((533.49999999999977,1086.));
#1131=IFCCARTESIANPOINT((457.49999999999977,1086.));
#1132=IFCCARTESIANPOINT((457.49999999999977,-1048.));
#1133=IFCCARTESIANPOINT((-457.4999999999996,-1048.));
#1134=IFCCARTESIANPOINT((-457.4999999999996,1086.));
#1135=IFCCARTESIANPOINT((-533.49999999999989,1086.));
#1136=IFCPOLYLINE((#1128,#1129,#1130,#1131,#1132,#1133,#1134,#1135,#1128));
#1137=IFCARBITRARYCLOSEDPROFILEDEF(.AREA.,'Inside Door',#1136);
#1138=IFCCARTESIANPOINT((457.50000000000057,200.,1086.));
#1139=IFCAXIS2PLACEMENT3D(#1138,#7,#5);
#1140=IFCEXTRUDEDAREASOLID(#1137,#1139,#9,24.999999999994451);
#1141=IFCCARTESIANPOINT((-1124.,-533.49999999999727));
#1142=IFCCARTESIANPOINT((1086.,-533.49999999999727));
#1143=IFCCARTESIANPOINT((1086.,-457.50000000000716));
#1144=IFCCARTESIANPOINT((-1048.,-457.50000000000716));
#1145=IFCCARTESIANPOINT((-1048.,457.50000000000193));
#1146=IFCCARTESIANPOINT((1086.,457.50000000000193));
#1147=IFCCARTESIANPOINT((1086.,533.5000000000025));
#1148=IFCCARTESIANPOINT((-1124.,533.5000000000025));
#1149=IFCPOLYLINE((#1141,#1142,#1143,#1144,#1145,#1146,#1147,#1148,#1141));
#1150=IFCARBITRARYCLOSEDPROFILEDEF(.AREA.,'Inside Door',#1149);
#1151=IFCCARTESIANPOINT((457.50000000000318,-25.,1086.));
#1152=IFCAXIS2PLACEMENT3D(#1151,#7,#10);
#1153=IFCEXTRUDEDAREASOLID(#1150,#1152,#9,25.000000000005567);
#1154=IFCCARTESIANPOINT((-5.3290705182007514E-15,0.));
#1155=IFCAXIS2PLACEMENT2D(#1154,#11);
#1156=IFCRECTANGLEPROFILEDEF(.AREA.,'Inside Door',#1155,51.,914.99999999999977);
#1157=IFCCARTESIANPOINT((457.50000000000034,174.50000000000088,0.));
#1158=IFCAXIS2PLACEMENT3D(#1157,#9,#7);
#1159=IFCEXTRUDEDAREASOLID(#1156,#1158,#9,2133.9999999999991);
#1160=IFCCOLOURRGB($,0.46274509803921571,0.27450980392156865,0.20000000000000001);
#1161=IFCSURFACESTYLERENDERING(#1160,0.,$,$,$,$,IFCNORMALISEDRATIOMEASURE(0.5),IFCSPECULAREXPONENT(128.),.NOTDEFINED.);
#1162=IFCSURFACESTYLE('Door - Frame',.BOTH.,(#1161));
#1163=IFCPRESENTATIONSTYLEASSIGNMENT((#1162));
#1164=IFCSTYLEDITEM(#1140,(#1163),$);
#1165=IFCSTYLEDITEM(#1153,(#1163),$);
#1166=IFCCOLOURRGB($,0.82352941176470584,0.62352941176470589,0.37254901960784315);
#1167=IFCSURFACESTYLERENDERING(#1166,0.,$,$,$,$,IFCNORMALISEDRATIOMEASURE(0.5),IFCSPECULAREXPONENT(128.),.NOTDEFINED.);
#1168=IFCSURFACESTYLE('Door - Panel',.BOTH.,(#1167));
#1169=IFCPRESENTATIONSTYLEASSIGNMENT((#1168));
#1170=IFCSTYLEDITEM(#1159,(#1169),$);
#1171=IFCSHAPEREPRESENTATION(#101,'Body','SweptSolid',(#1140,#1153,#1159));
#1172=IFCAXIS2PLACEMENT3D(#3,$,$);
#1173=IFCREPRESENTATIONMAP(#1172,#1171);
#1174=IFCDOORLININGPROPERTIES('2cXV28XOjE6f6irge0COhu',#18,'M_Single-Flush:Inside Door:353172',$,$,$,$,$,$,$,$,$,$,$,$);
#1175=IFCDOORPANELPROPERTIES('2cXV28XOjE6f6irga0COhu',#18,'M_Single-Flush:Inside Door:353172:1',$,$,.SWINGING.,$,.NOTDEFINED.,$);
#1176=IFCDOORSTYLE('2DwTiDsvXis76neRnrm_RK',#18,'M_Single-Flush:Inside Door',$,$,(#1174,#1175,#1208,#1211,#1213),(#1173),'347678',.SINGLE_SWING_RIGHT.,.NOTDEFINED.,.F.,.F.);
#1177=IFCMATERIAL('Door - Frame');
#1178=IFCPRESENTATIONSTYLEASSIGNMENT((#1162));
#1179=IFCSTYLEDITEM($,(#1178),$);
#1180=IFCSTYLEDREPRESENTATION(#99,'Style','Material',(#1179));
#1181=IFCMATERIALDEFINITIONREPRESENTATION($,$,(#1180),#1177);
#1182=IFCMATERIAL('Door - Panel');
#1183=IFCPRESENTATIONSTYLEASSIGNMENT((#1168));
#1184=IFCSTYLEDITEM($,(#1183),$);
#1185=IFCSTYLEDREPRESENTATION(#99,'Style','Material',(#1184));
#1186=IFCMATERIALDEFINITIONREPRESENTATION($,$,(#1185),#1182);
#1187=IFCMATERIALLIST((#1177,#1182));
#1188=IFCCARTESIANTRANSFORMATIONOPERATOR3D($,$,#3,1.,$);
#1189=IFCMAPPEDITEM(#1173,#1188);
#1190=IFCSHAPEREPRESENTATION(#101,'Body','MappedRepresentation',(#1189));
#1191=IFCPRODUCTDEFINITIONSHAPE($,$,(#1190));
#1192=IFCCARTESIANPOINT((-6782.6678536818154,-8333.298444644739,0.));
#1193=IFCAXIS2PLACEMENT3D(#1192,#9,#8);
#1195=IFCDOOR('2cXV28XOjE6f6irgi0COhu',#18,'M_Single-Flush:Inside Door:353172',$,'M_Single-Flush:Inside Door',#14736,#1191,'353172',2133.9999999999995,914.99999999999989);
#1196=IFCPROPERTYSINGLEVALUE('FireRating',$,IFCLABEL('Inside door: Fire Rating'),$);
#1197=IFCPROPERTYSET('38rnkZfml9qXTI0EGYPUnq',#18,'Pset_ConcreteElementGeneral',$,(#1196));
#1198=IFCPROPERTYSINGLEVALUE('Reference',$,IFCIDENTIFIER('Inside Door'),$);
#1199=IFCPROPERTYSINGLEVALUE('FireRating',$,IFCLABEL('Inside door: Fire Rating'),$);
#1200=IFCPROPERTYSINGLEVALUE('IsExternal',$,IFCBOOLEAN(.F.),$);
#1201=IFCPROPERTYSET('38etoM3m5P9L8CgxtZi7Uo',#18,'Pset_DoorCommon',$,(#1198,#1199,#1200));
#1202=IFCPROPERTYSET('3Dq5zXpxRUEEqg_m3SjWWW',#18,'Pset_QuantityTakeOff',$,(#1198));
#1203=IFCRELDEFINESBYPROPERTIES('1AjWtSn6hGk9s8J1CR6zbd',#18,$,$,(#1195),#1197);
#1204=IFCRELDEFINESBYPROPERTIES('1iHbjJHu2lXnigL6UnDHEu',#18,$,$,(#1195),#1201);
#1205=IFCRELDEFINESBYPROPERTIES('09fC9nV3yzeGPwnCaWe3pt',#18,$,$,(#1195),#1202);
#1206=IFCCLASSIFICATIONREFERENCE('https://www.csiresources.org/standards/uniformat','Inside door: Assembly Code','Uniformat',#105);
#1207=IFCPROPERTYSINGLEVALUE('FireRating',$,IFCLABEL('Inside door: Fire Rating'),$);
#1208=IFCPROPERTYSET('1af7Ng9TwtG6ZNF5JS2Qxk',#18,'Pset_ConcreteElementGeneral',$,(#1207));
#1209=IFCPROPERTYSINGLEVALUE('FireRating',$,IFCLABEL('Inside door: Fire Rating'),$);
#1210=IFCPROPERTYSINGLEVALUE('ThermalTransmittance',$,IFCTHERMALTRANSMITTANCEMEASURE(3.7021000000000002),$);
#1211=IFCPROPERTYSET('1mkQYHfL1LpcQwq5SN$Tem',#18,'Pset_DoorCommon',$,(#1200,#1209,#1210));
#1212=IFCPROPERTYSINGLEVALUE('Manufacturer',$,IFCLABEL('Inside door: Manufacturer'),$);
#1213=IFCPROPERTYSET('2BRqkVkNNKDqSA98HWgPPg',#18,'Pset_ManufacturerTypeInformation',$,(#1212));
#1214=IFCMAPPEDITEM(#1173,#1188);
#1215=IFCSHAPEREPRESENTATION(#101,'Body','MappedRepresentation',(#1214));
#1216=IFCPRODUCTDEFINITIONSHAPE($,$,(#1215));
#1217=IFCCARTESIANPOINT((-6782.6678536818126,-6318.298444644739,0.));
#1218=IFCAXIS2PLACEMENT3D(#1217,#9,#8);
#1220=IFCDOOR('2cXV28XOjE6f6irgi0COgC',#18,'M_Single-Flush:Inside Door:353248',$,'M_Single-Flush:Inside Door',#14751,#1216,'353248',2133.9999999999995,914.99999999999989);
#1221=IFCPROPERTYSINGLEVALUE('FireRating',$,IFCLABEL('Inside door: Fire Rating'),$);
#1222=IFCPROPERTYSET('0RJHUCHpZ6GTdupJRAtfTh',#18,'Pset_ConcreteElementGeneral',$,(#1221));
#1223=IFCPROPERTYSINGLEVALUE('FireRating',$,IFCLABEL('Inside door: Fire Rating'),$);
#1224=IFCPROPERTYSET('2Dmsm58uGoS51Vx7zHGSvb',#18,'Pset_DoorCommon',$,(#1198,#1200,#1223));
#1225=IFCPROPERTYSET('15OPIZzZWDw5DTL7toBMmc',#18,'Pset_QuantityTakeOff',$,(#1198));
#1226=IFCRELDEFINESBYPROPERTIES('1bR59$J4NphdOncD3utS58',#18,$,$,(#1220),#1222);
#1227=IFCRELDEFINESBYPROPERTIES('04sTzYu0L1XCkmFoK8WaBH',#18,$,$,(#1220),#1224);
#1228=IFCRELDEFINESBYPROPERTIES('0aj1T8u0ovkA_udN$Y1DT3',#18,$,$,(#1220),#1225);
#1229=IFCMAPPEDITEM(#1173,#1188);
#1230=IFCSHAPEREPRESENTATION(#101,'Body','MappedRepresentation',(#1229));
#1231=IFCPRODUCTDEFINITIONSHAPE($,$,(#1230));
#1232=IFCCARTESIANPOINT((-6782.6678536818081,-3503.2984446447394,0.));
#1233=IFCAXIS2PLACEMENT3D(#1232,#9,#8);
#1235=IFCDOOR('2cXV28XOjE6f6irgi0COgH',#18,'M_Single-Flush:Inside Door:353277',$,'M_Single-Flush:Inside Door',#14766,#1231,'353277',2133.9999999999995,915.00000000000045);
#1236=IFCPROPERTYSINGLEVALUE('FireRating',$,IFCLABEL('Inside door: Fire Rating'),$);
#1237=IFCPROPERTYSET('2wxt6zQd_1f5mqaAmrh3HR',#18,'Pset_ConcreteElementGeneral',$,(#1236));
#1238=IFCPROPERTYSINGLEVALUE('FireRating',$,IFCLABEL('Inside door: Fire Rating'),$);
#1239=IFCPROPERTYSET('0j0Ur_n7CSYr2$SgumLlGE',#18,'Pset_DoorCommon',$,(#1198,#1200,#1238));
#1240=IFCPROPERTYSET('2XTFqzNqtVswwqKdAVtyKI',#18,'Pset_QuantityTakeOff',$,(#1198));
#1241=IFCRELDEFINESBYPROPERTIES('2CENc73s9ikGBQ1kbgZikV',#18,$,$,(#1235),#1237);
#1242=IFCRELDEFINESBYPROPERTIES('33POibLPZzT58Aon6kl3X1',#18,$,$,(#1235),#1239);
#1243=IFCRELDEFINESBYPROPERTIES('08Y$ygG_XU_Pb4C$6IVR3Q',#18,$,$,(#1235),#1240);
#1244=IFCMAPPEDITEM(#1173,#1188);
#1245=IFCSHAPEREPRESENTATION(#101,'Body','MappedRepresentation',(#1244));
#1246=IFCPRODUCTDEFINITIONSHAPE($,$,(#1245));
#1247=IFCCARTESIANPOINT((-14582.667853681791,7036.7015553553138,0.));
#1248=IFCAXIS2PLACEMENT3D(#1247,#9,#7);
#1250=IFCDOOR('2cXV28XOjE6f6irgi0COru',#18,'M_Single-Flush:Inside Door:353300',$,'M_Single-Flush:Inside Door',#14601,#1246,'353300',2133.9999999999995,914.99999999999989);
#1251=IFCPROPERTYSINGLEVALUE('FireRating',$,IFCLABEL('Inside door: Fire Rating'),$);
#1252=IFCPROPERTYSET('1WEr4vxbypk_E$qM9hAmhp',#18,'Pset_ConcreteElementGeneral',$,(#1251));
#1253=IFCPROPERTYSINGLEVALUE('FireRating',$,IFCLABEL('Inside door: Fire Rating'),$);
#1254=IFCPROPERTYSET('134nePWNqqHEgHzuQtup6U',#18,'Pset_DoorCommon',$,(#1198,#1200,#1253));
#1255=IFCPROPERTYSET('2bpxh3InZyA6R02FvBA$a9',#18,'Pset_QuantityTakeOff',$,(#1198));
#1256=IFCRELDEFINESBYPROPERTIES('3hM$ljZZhI4knqw$ReW5Uh',#18,$,$,(#1250),#1252);
#1257=IFCRELDEFINESBYPROPERTIES('1R94esp5EXwQAzjVjKfATL',#18,$,$,(#1250),#1254);
#1258=IFCRELDEFINESBYPROPERTIES('1rotAnMbHifbrV2pLQIxfP',#18,$,$,(#1250),#1255);
#1259=IFCMAPPEDITEM(#1173,#1188);
#1260=IFCSHAPEREPRESENTATION(#101,'Body','MappedRepresentation',(#1259));
#1261=IFCPRODUCTDEFINITIONSHAPE($,$,(#1260));
#1262=IFCCARTESIANPOINT((-14582.667853681793,5421.7015553553128,0.));
#1263=IFCAXIS2PLACEMENT3D(#1262,#9,#7);
#1265=IFCDOOR('2cXV28XOjE6f6irgi0COtb',#18,'M_Single-Flush:Inside Door:353417',$,'M_Single-Flush:Inside Door',#14616,#1261,'353417',2133.9999999999995,914.99999999999989);
#1266=IFCPROPERTYSINGLEVALUE('FireRating',$,IFCLABEL('Inside door: Fire Rating'),$);
#1267=IFCPROPERTYSET('2DrC$3$WZhKeKZ45DzaHDx',#18,'Pset_ConcreteElementGeneral',$,(#1266));
#1268=IFCPROPERTYSINGLEVALUE('FireRating',$,IFCLABEL('Inside door: Fire Rating'),$);
#1269=IFCPROPERTYSET('2koAH_ojePi$cX5EL5khpt',#18,'Pset_DoorCommon',$,(#1198,#1200,#1268));
#1270=IFCPROPERTYSET('19yNED42Q7hP_9IN01PkI_',#18,'Pset_QuantityTakeOff',$,(#1198));
#1271=IFCRELDEFINESBYPROPERTIES('0UcllcIvl8zsajkOjOPimU',#18,$,$,(#1265),#1267);
#1272=IFCRELDEFINESBYPROPERTIES('0DtG2two2JUr3veLIbD7WE',#18,$,$,(#1265),#1269);
#1273=IFCRELDEFINESBYPROPERTIES('2sXtf3tuAt3KIyUjo32G_T',#18,$,$,(#1265),#1270);
#1274=IFCCARTESIANPOINT((-14582.667853681809,-2448.2984446447153,0.));
#1275=IFCAXIS2PLACEMENT3D(#1274,$,$);
#1276=IFCLOCALPLACEMENT(#111,#1275);
#1277=IFCCARTESIANPOINT((7800.,0.));
#1278=IFCPOLYLINE((#4,#1277));
#1279=IFCSHAPEREPRESENTATION(#100,'Axis','Curve2D',(#1278));
#1280=IFCCARTESIANPOINT((3900.0000000000009,8.5265128291212022E-14));
#1281=IFCAXIS2PLACEMENT2D(#1280,#12);
#1282=IFCRECTANGLEPROFILEDEF(.AREA.,$,#1281,7800.0000000000018,200.);
#1283=IFCAXIS2PLACEMENT3D(#3,$,$);
#1284=IFCEXTRUDEDAREASOLID(#1282,#1283,#9,3850.0000000000005);
#1285=IFCCARTESIANPOINT((7800.,0.));
#1286=IFCCARTESIANPOINT((7800.,200.));
#1287=IFCCARTESIANPOINT((0.,200.));
#1288=IFCPOLYLINE((#4,#1285,#1286,#1287,#4));
#1289=IFCCARTESIANPOINT((-0.,-100.,3850.));
#1290=IFCAXIS2PLACEMENT3D(#1289,#10,#5);
#1291=IFCPLANE(#1290);
#1292=IFCCARTESIANPOINT((-0.,-100.,3850.));
#1293=IFCAXIS2PLACEMENT3D(#1292,$,$);
#1294=IFCPOLYGONALBOUNDEDHALFSPACE(#1291,.T.,#1293,#1288);
#1295=IFCBOOLEANCLIPPINGRESULT(.DIFFERENCE.,#1284,#1294);
#1296=IFCSTYLEDITEM(#1284,(#315),$);
#1297=IFCSHAPEREPRESENTATION(#101,'Body','Clipping',(#1295));
#1298=IFCPRODUCTDEFINITIONSHAPE($,$,(#1279,#1297));
#1299=IFCWALLSTANDARDCASE('2cXV28XOjE6f6irgi0COsy',#18,'Basic Wall:Inside:353488',$,'Basic Wall:Inside',#1276,#1298,'353488');
#1300=IFCMATERIALLAYER(#320,200.,$);
#1301=IFCMATERIALLAYERSET((#1300),'Basic Wall:Inside');
#1302=IFCMATERIALLAYERSETUSAGE(#1301,.AXIS2.,.NEGATIVE.,100.);
#1303=IFCWALLTYPE('2cXV28XOjE6f6irgi0COsS',#18,'Basic Wall:Inside',$,$,(#1317,#1319,#1321,#1323),$,'353520',$,.STANDARD.);
#1304=IFCPROPERTYSINGLEVALUE('FireRating',$,IFCLABEL('_FIRE-RATING_'),$);
#1305=IFCPROPERTYSET('1JRm4totc4LVnPllr9QFTK',#18,'Pset_ConcreteElementGeneral',$,(#1304));
#1306=IFCPROPERTYSINGLEVALUE('Reference',$,IFCIDENTIFIER('Inside'),$);
#1307=IFCPROPERTYSET('1_3tC5cn69FL2D1nun3qPq',#18,'Pset_QuantityTakeOff',$,(#1306));
#1308=IFCPROPERTYSINGLEVALUE('Reference',$,IFCLABEL('Inside'),$);
#1309=IFCPROPERTYSET('1_8YrzDgf11WCVuBxGgO05',#18,'Pset_ReinforcementBarPitchOfWall',$,(#1308));
#1310=IFCPROPERTYSINGLEVALUE('FireRating',$,IFCLABEL('_FIRE-RATING_'),$);
#1311=IFCPROPERTYSET('3YBkUQg$efmdsx73XRPNAE',#18,'Pset_WallCommon',$,(#336,#337,#338,#1306,#1310));
#1312=IFCRELDEFINESBYPROPERTIES('0n31Rl9K7u7uTSxfKu$9Rq',#18,$,$,(#1299),#1305);
#1313=IFCRELDEFINESBYPROPERTIES('0CbI8m6yRX36N5OQue0zl4',#18,$,$,(#1299),#1307);
#1314=IFCRELDEFINESBYPROPERTIES('0qlgVvkqd4_iYogebfMVMq',#18,$,$,(#1299),#1309);
#1315=IFCRELDEFINESBYPROPERTIES('0cTl_Fh8q7ThstiJQICV9Q',#18,$,$,(#1299),#1311);
#1316=IFCPROPERTYSINGLEVALUE('FireRating',$,IFCLABEL('_FIRE-RATING_'),$);
#1317=IFCPROPERTYSET('0s3JL7bn1OZGDbtEugh9TO',#18,'Pset_ConcreteElementGeneral',$,(#1316));
#1318=IFCPROPERTYSINGLEVALUE('Manufacturer',$,IFCLABEL('_MANUFACTURER_'),$);
#1319=IFCPROPERTYSET('10LwtcekF1tiLsJ7ZUDDhL',#18,'Pset_ManufacturerTypeInformation',$,(#1318));
#1320=IFCPROPERTYSINGLEVALUE('Description',$,IFCTEXT('_DESCRIPTION_'),$);
#1321=IFCPROPERTYSET('2S5_4M6PLBHR7Kyy6jxQMz',#18,'Pset_ReinforcementBarPitchOfWall',$,(#1320));
#1322=IFCPROPERTYSINGLEVALUE('FireRating',$,IFCLABEL('_FIRE-RATING_'),$);
#1323=IFCPROPERTYSET('2ChwwxfiMcD1uJh72xfgUN',#18,'Pset_WallCommon',$,(#336,#1322));
#1324=IFCCARTESIANPOINT((-14582.667853681798,4151.7015553552847,0.));
#1325=IFCAXIS2PLACEMENT3D(#1324,$,$);
#1326=IFCLOCALPLACEMENT(#111,#1325);
#1327=IFCCARTESIANPOINT((7800.,0.));
#1328=IFCPOLYLINE((#4,#1327));
#1329=IFCSHAPEREPRESENTATION(#100,'Axis','Curve2D',(#1328));
#1330=IFCCARTESIANPOINT((3900.0000000000009,8.5265128291212022E-14));
#1331=IFCAXIS2PLACEMENT2D(#1330,#12);
#1332=IFCRECTANGLEPROFILEDEF(.AREA.,$,#1331,7800.0000000000018,200.);
#1333=IFCAXIS2PLACEMENT3D(#3,$,$);
#1334=IFCEXTRUDEDAREASOLID(#1332,#1333,#9,3850.0000000000005);
#1335=IFCCARTESIANPOINT((7800.,0.));
#1336=IFCCARTESIANPOINT((7800.,200.));
#1337=IFCCARTESIANPOINT((-0.,200.));
#1338=IFCPOLYLINE((#4,#1335,#1336,#1337,#4));
#1339=IFCCARTESIANPOINT((-0.,-100.,3850.));
#1340=IFCAXIS2PLACEMENT3D(#1339,#10,#5);
#1341=IFCPLANE(#1340);
#1342=IFCCARTESIANPOINT((-0.,-100.,3850.));
#1343=IFCAXIS2PLACEMENT3D(#1342,$,$);
#1344=IFCPOLYGONALBOUNDEDHALFSPACE(#1341,.T.,#1343,#1338);
#1345=IFCBOOLEANCLIPPINGRESULT(.DIFFERENCE.,#1334,#1344);
#1346=IFCSTYLEDITEM(#1334,(#315),$);
#1347=IFCSHAPEREPRESENTATION(#101,'Body','Clipping',(#1345));
#1348=IFCPRODUCTDEFINITIONSHAPE($,$,(#1329,#1347));
#1349=IFCWALLSTANDARDCASE('2cXV28XOjE6f6irgi0COn5',#18,'Basic Wall:Inside:353577',$,'Basic Wall:Inside',#1326,#1348,'353577');
#1350=IFCPROPERTYSINGLEVALUE('FireRating',$,IFCLABEL('_FIRE-RATING_'),$);
#1351=IFCPROPERTYSET('00bRpN9Dd9b_7znCOsygjs',#18,'Pset_ConcreteElementGeneral',$,(#1350));
#1352=IFCPROPERTYSET('1rj8jWqQbX5xocChQzMh$D',#18,'Pset_QuantityTakeOff',$,(#1306));
#1353=IFCPROPERTYSINGLEVALUE('Reference',$,IFCLABEL('Inside'),$);
#1354=IFCPROPERTYSET('3r0mR7THlONfbcT8WRyy9M',#18,'Pset_ReinforcementBarPitchOfWall',$,(#1353));
#1355=IFCPROPERTYSINGLEVALUE('FireRating',$,IFCLABEL('_FIRE-RATING_'),$);
#1356=IFCPROPERTYSET('3bE6zXB46wOvDZwumZtg4e',#18,'Pset_WallCommon',$,(#336,#337,#338,#1306,#1355));
#1357=IFCRELDEFINESBYPROPERTIES('1QFrEufFsxBURyBaJ$2Zms',#18,$,$,(#1349),#1351);
#1358=IFCRELDEFINESBYPROPERTIES('1OJM4EElCM1DgH6M5nT02U',#18,$,$,(#1349),#1352);
#1359=IFCRELDEFINESBYPROPERTIES('0Bw4aNigDPh10PA1PdaBgr',#18,$,$,(#1349),#1354);
#1360=IFCRELDEFINESBYPROPERTIES('0l4RzKQu$$_TY3HrYaPGFa',#18,$,$,(#1349),#1356);
#1361=IFCCARTESIANPOINT((-533.49999999999989,-1124.));
#1362=IFCCARTESIANPOINT((533.49999999999977,-1124.));
#1363=IFCCARTESIANPOINT((533.49999999999977,1086.));
#1364=IFCCARTESIANPOINT((457.49999999999977,1086.));
#1365=IFCCARTESIANPOINT((457.49999999999977,-1048.));
#1366=IFCCARTESIANPOINT((-457.4999999999996,-1048.));
#1367=IFCCARTESIANPOINT((-457.4999999999996,1086.));
#1368=IFCCARTESIANPOINT((-533.49999999999989,1086.));
#1369=IFCPOLYLINE((#1361,#1362,#1363,#1364,#1365,#1366,#1367,#1368,#1361));
#1370=IFCARBITRARYCLOSEDPROFILEDEF(.AREA.,'Inside Door',#1369);
#1371=IFCCARTESIANPOINT((457.50000000000057,200.,1086.));
#1372=IFCAXIS2PLACEMENT3D(#1371,#7,#5);
#1373=IFCEXTRUDEDAREASOLID(#1370,#1372,#9,24.999999999994451);
#1374=IFCCARTESIANPOINT((-1124.,-533.49999999999727));
#1375=IFCCARTESIANPOINT((1086.,-533.49999999999727));
#1376=IFCCARTESIANPOINT((1086.,-457.50000000000716));
#1377=IFCCARTESIANPOINT((-1048.,-457.50000000000716));
#1378=IFCCARTESIANPOINT((-1048.,457.50000000000193));
#1379=IFCCARTESIANPOINT((1086.,457.50000000000193));
#1380=IFCCARTESIANPOINT((1086.,533.5000000000025));
#1381=IFCCARTESIANPOINT((-1124.,533.5000000000025));
#1382=IFCPOLYLINE((#1374,#1375,#1376,#1377,#1378,#1379,#1380,#1381,#1374));
#1383=IFCARBITRARYCLOSEDPROFILEDEF(.AREA.,'Inside Door',#1382);
#1384=IFCCARTESIANPOINT((457.50000000000318,-25.,1086.));
#1385=IFCAXIS2PLACEMENT3D(#1384,#7,#10);
#1386=IFCEXTRUDEDAREASOLID(#1383,#1385,#9,25.000000000005567);
#1387=IFCCARTESIANPOINT((-5.3290705182007514E-15,0.));
#1388=IFCAXIS2PLACEMENT2D(#1387,#11);
#1389=IFCRECTANGLEPROFILEDEF(.AREA.,'Inside Door',#1388,51.,914.99999999999977);
#1390=IFCCARTESIANPOINT((457.50000000000034,174.49999999999918,0.));
#1391=IFCAXIS2PLACEMENT3D(#1390,#9,#7);
#1392=IFCEXTRUDEDAREASOLID(#1389,#1391,#9,2133.9999999999991);
#1393=IFCSTYLEDITEM(#1373,(#1163),$);
#1394=IFCSTYLEDITEM(#1386,(#1163),$);
#1395=IFCSTYLEDITEM(#1392,(#1169),$);
#1396=IFCSHAPEREPRESENTATION(#101,'Body','SweptSolid',(#1373,#1386,#1392));
#1397=IFCAXIS2PLACEMENT3D(#3,$,$);
#1398=IFCREPRESENTATIONMAP(#1397,#1396);
#1399=IFCDOORLININGPROPERTIES('2cXV28XOjE6f6irge0COmZ',#18,'M_Single-Flush:Inside Door:353615',$,$,$,$,$,$,$,$,$,$,$,$);
#1400=IFCDOORPANELPROPERTIES('2cXV28XOjE6f6irga0COmZ',#18,'M_Single-Flush:Inside Door:353615:1',$,$,.SWINGING.,$,.NOTDEFINED.,$);
#1401=IFCDOORSTYLE('2eq4MRhT$URvWwHeYWlPe7',#18,'M_Single-Flush:Inside Door',$,$,(#1399,#1400,#1418,#1421,#1423),(#1398),'347678',.SINGLE_SWING_RIGHT.,.NOTDEFINED.,.F.,.F.);
#1402=IFCMAPPEDITEM(#1398,#1188);
#1403=IFCSHAPEREPRESENTATION(#101,'Body','MappedRepresentation',(#1402));
#1404=IFCPRODUCTDEFINITIONSHAPE($,$,(#1403));
#1405=IFCCARTESIANPOINT((-7997.6678536817953,4051.7015553552656,0.));
#1406=IFCAXIS2PLACEMENT3D(#1405,$,$);
#1408=IFCDOOR('2cXV28XOjE6f6irgi0COmZ',#18,'M_Single-Flush:Inside Door:353615',$,'M_Single-Flush:Inside Door',#14886,#1404,'353615',2133.9999999999995,914.99999999999989);
#1409=IFCPROPERTYSINGLEVALUE('FireRating',$,IFCLABEL('Inside door: Fire Rating'),$);
#1410=IFCPROPERTYSET('3dsQ7n3jv3WAILoe9_A2ZG',#18,'Pset_ConcreteElementGeneral',$,(#1409));
#1411=IFCPROPERTYSINGLEVALUE('FireRating',$,IFCLABEL('Inside door: Fire Rating'),$);
#1412=IFCPROPERTYSET('1i2LSb0NOUng4c2drj_hN9',#18,'Pset_DoorCommon',$,(#1198,#1200,#1411));
#1413=IFCPROPERTYSET('3r2MHZMa97RW6EMpLazB4H',#18,'Pset_QuantityTakeOff',$,(#1198));
#1414=IFCRELDEFINESBYPROPERTIES('27eBLpQJrodE3JBdB1IsFG',#18,$,$,(#1408),#1410);
#1415=IFCRELDEFINESBYPROPERTIES('32xtY4VwJnYjCXfobN1vS0',#18,$,$,(#1408),#1412);
#1416=IFCRELDEFINESBYPROPERTIES('0pvS4IFZHo0QpYwafd1GdD',#18,$,$,(#1408),#1413);
#1417=IFCPROPERTYSINGLEVALUE('FireRating',$,IFCLABEL('Inside door: Fire Rating'),$);
#1418=IFCPROPERTYSET('0p0mdHv37UJMv9cIEi_dPo',#18,'Pset_ConcreteElementGeneral',$,(#1417));
#1419=IFCPROPERTYSINGLEVALUE('FireRating',$,IFCLABEL('Inside door: Fire Rating'),$);
#1420=IFCPROPERTYSINGLEVALUE('ThermalTransmittance',$,IFCTHERMALTRANSMITTANCEMEASURE(3.7021000000000002),$);
#1421=IFCPROPERTYSET('3X3j1rU17hILOeSxpvDapv',#18,'Pset_DoorCommon',$,(#1200,#1419,#1420));
#1422=IFCPROPERTYSINGLEVALUE('Manufacturer',$,IFCLABEL('Inside door: Manufacturer'),$);
#1423=IFCPROPERTYSET('01S53GCV14FIPaHtoT4qvu',#18,'Pset_ManufacturerTypeInformation',$,(#1422));
#1424=IFCMAPPEDITEM(#1398,#1188);
#1425=IFCSHAPEREPRESENTATION(#101,'Body','MappedRepresentation',(#1424));
#1426=IFCPRODUCTDEFINITIONSHAPE($,$,(#1425));
#1427=IFCCARTESIANPOINT((-14182.667853681818,-2548.2984446447153,0.));
#1428=IFCAXIS2PLACEMENT3D(#1427,$,$);
#1430=IFCDOOR('2cXV28XOjE6f6irgi0COp7',#18,'M_Single-Flush:Inside Door:353707',$,'M_Single-Flush:Inside Door',#14856,#1426,'353707',2133.9999999999995,914.99999999999989);
#1431=IFCPROPERTYSINGLEVALUE('FireRating',$,IFCLABEL('Inside door: Fire Rating'),$);
#1432=IFCPROPERTYSET('1wZ3l$e2EGCpKCY5b_x8zz',#18,'Pset_ConcreteElementGeneral',$,(#1431));
#1433=IFCPROPERTYSINGLEVALUE('FireRating',$,IFCLABEL('Inside door: Fire Rating'),$);
#1434=IFCPROPERTYSET('0wriTqhfKsqhUPWeHwyTZW',#18,'Pset_DoorCommon',$,(#1198,#1200,#1433));
#1435=IFCPROPERTYSET('3rnSCSG295XZ4rpQsHb_Uq',#18,'Pset_QuantityTakeOff',$,(#1198));
#1436=IFCRELDEFINESBYPROPERTIES('0SEeqJYLZdUiyUoSINBuk3',#18,$,$,(#1430),#1432);
#1437=IFCRELDEFINESBYPROPERTIES('3VYNJHq4s6J9RCcLXpskF$',#18,$,$,(#1430),#1434);
#1438=IFCRELDEFINESBYPROPERTIES('0Yarsv2c$MKPdxzfjYMDz_',#18,$,$,(#1430),#1435);
#1439=IFCMAPPEDITEM(#1398,#1188);
#1440=IFCSHAPEREPRESENTATION(#101,'Body','MappedRepresentation',(#1439));
#1441=IFCPRODUCTDEFINITIONSHAPE($,$,(#1440));
#1442=IFCCARTESIANPOINT((-8297.6678536818054,-2548.2984446447344,0.));
#1443=IFCAXIS2PLACEMENT3D(#1442,$,$);
#1445=IFCDOOR('2cXV28XOjE6f6irgi0COok',#18,'M_Single-Flush:Inside Door:353730',$,'M_Single-Flush:Inside Door',#14871,#1441,'353730',2133.9999999999995,914.99999999999989);
#1446=IFCPROPERTYSINGLEVALUE('FireRating',$,IFCLABEL('Inside door: Fire Rating'),$);
#1447=IFCPROPERTYSET('3Z5OhKFskAcj32C9qUpRoK',#18,'Pset_ConcreteElementGeneral',$,(#1446));
#1448=IFCPROPERTYSINGLEVALUE('FireRating',$,IFCLABEL('Inside door: Fire Rating'),$);
#1449=IFCPROPERTYSET('22IGrymbSRrA8HRgAqJYQF',#18,'Pset_DoorCommon',$,(#1198,#1200,#1448));
#1450=IFCPROPERTYSET('26J5PtDngcWLkp7fS_9odj',#18,'Pset_QuantityTakeOff',$,(#1198));
#1451=IFCRELDEFINESBYPROPERTIES('1X7oYS0oX5gdx1eArJD9Jl',#18,$,$,(#1445),#1447);
#1452=IFCRELDEFINESBYPROPERTIES('1Ra8e3w7ZYggaHP3fGUiyg',#18,$,$,(#1445),#1449);
#1453=IFCRELDEFINESBYPROPERTIES('3C5UswIbOSW_etXy31FG9Z',#18,$,$,(#1445),#1450);
#1454=IFCCARTESIANPOINT((-11082.667853681805,-2548.2984446447254,0.));
#1455=IFCAXIS2PLACEMENT3D(#1454,#9,#8);
#1456=IFCLOCALPLACEMENT(#111,#1455);
#1457=IFCCARTESIANPOINT((7900.,-0.));
#1458=IFCPOLYLINE((#4,#1457));
#1459=IFCSHAPEREPRESENTATION(#100,'Axis','Curve2D',(#1458));
#1460=IFCCARTESIANPOINT((3950.0000000000009,-1.2434497875801753E-12));
#1461=IFCAXIS2PLACEMENT2D(#1460,#11);
#1462=IFCRECTANGLEPROFILEDEF(.AREA.,$,#1461,7900.0000000000018,200.);
#1463=IFCAXIS2PLACEMENT3D(#3,$,$);
#1464=IFCEXTRUDEDAREASOLID(#1462,#1463,#9,4000.0000000000005);
#1465=IFCSTYLEDITEM(#1464,(#315),$);
#1466=IFCSHAPEREPRESENTATION(#101,'Body','SweptSolid',(#1464));
#1467=IFCPRODUCTDEFINITIONSHAPE($,$,(#1459,#1466));
#1468=IFCWALLSTANDARDCASE('2cXV28XOjE6f6irgi0COzR',#18,'Basic Wall:Outside wall:353847',$,'Basic Wall:Outside wall',#1456,#1467,'353847');
#1469=IFCPROPERTYSINGLEVALUE('FireRating',$,IFCLABEL('_FIRE-RATING_'),$);
#1470=IFCPROPERTYSET('0cXukHgdQ0uR1lGrzL9opK',#18,'Pset_ConcreteElementGeneral',$,(#1469));
#1471=IFCPROPERTYSET('3xv2rmVFBdGxw3HQSSeZFO',#18,'Pset_QuantityTakeOff',$,(#331));
#1472=IFCPROPERTYSINGLEVALUE('Reference',$,IFCLABEL('Outside wall'),$);
#1473=IFCPROPERTYSET('0dZtmYn11Eu1l_4MOpR94d',#18,'Pset_ReinforcementBarPitchOfWall',$,(#1472));
#1474=IFCPROPERTYSINGLEVALUE('FireRating',$,IFCLABEL('_FIRE-RATING_'),$);
#1475=IFCPROPERTYSINGLEVALUE('ExtendToStructure',$,IFCBOOLEAN(.F.),$);
#1476=IFCPROPERTYSET('3qbCgHx3GLgZdmQi6Md4d3',#18,'Pset_WallCommon',$,(#331,#336,#338,#1474,#1475));
#1477=IFCRELDEFINESBYPROPERTIES('2IWFAcV3uToNiXcJLQyO38',#18,$,$,(#1468),#1470);
#1478=IFCRELDEFINESBYPROPERTIES('3OHU$rJJvEkNE8YxinGrkf',#18,$,$,(#1468),#1471);
#1479=IFCRELDEFINESBYPROPERTIES('1mcfwmyo4gzI$xRoG8NRz0',#18,$,$,(#1468),#1473);
#1480=IFCRELDEFINESBYPROPERTIES('1MFhQUFVgHXWCJHY3tmF6A',#18,$,$,(#1468),#1476);
#1481=IFCCARTESIANPOINT((710.,206.,914.39999999999702));
#1482=IFCCARTESIANPOINT((700.,206.,914.39999999999702));
#1483=IFCCARTESIANPOINT((705.,206.,905.73974596215305));
#1484=IFCCARTESIANPOINT((715.,206.,905.73974596215305));
#1485=IFCCARTESIANPOINT((720.,206.,914.39999999999702));
#1486=IFCCARTESIANPOINT((715.,206.,923.06025403784099));
#1487=IFCCARTESIANPOINT((705.,206.,923.06025403784099));
#1488=IFCCARTESIANPOINT((689.52413241764918,255.,914.39999999999691));
#1489=IFCCARTESIANPOINT((710.,255.,914.39999999999702));
#1490=IFCCARTESIANPOINT((730.47586758235911,255.,914.39999999999702));
#1491=IFCCARTESIANPOINT((724.47862481816526,255.,899.92137518183608));
#1492=IFCCARTESIANPOINT((710.,255.,893.92413241764211));
#1493=IFCCARTESIANPOINT((695.52137518184315,255.,899.92137518183597));
#1494=IFCCARTESIANPOINT((695.52137518184304,255.,928.87862481815807));
#1495=IFCCARTESIANPOINT((710.,255.,934.87586758235193));
#1496=IFCCARTESIANPOINT((724.47862481816492,255.,928.87862481815819));
#1497=IFCCARTESIANPOINT((685.,253.17213185412365,914.39999999999691));
#1498=IFCCARTESIANPOINT((735.,253.17213185412365,914.39999999999714));
#1499=IFCCARTESIANPOINT((730.22542485937458,253.17213185412365,899.70536869268778));
#1500=IFCCARTESIANPOINT((717.72542485937663,253.17213185412365,890.62358709262219));
#1501=IFCCARTESIANPOINT((702.27457514063178,253.17213185412365,890.62358709262207));
#1502=IFCCARTESIANPOINT((689.77457514063383,253.17213185412365,899.70536869268744));
#1503=IFCCARTESIANPOINT((702.76068759092368,255.,896.9227537997391));
#1504=IFCCARTESIANPOINT((717.23931240908473,255.,896.9227537997391));
#1505=IFCCARTESIANPOINT((727.47724620026224,255.,907.16068759091661));
#1506=IFCCARTESIANPOINT((692.52275379974617,255.,907.16068759091638));
#1507=IFCCARTESIANPOINT((723.97542485937561,253.17213185412365,895.16447789265487));
#1508=IFCCARTESIANPOINT((696.02457514063281,253.17213185412365,895.16447789265476));
#1509=IFCCARTESIANPOINT((710.,253.17213185412365,890.62358709262207));
#1510=IFCCARTESIANPOINT((713.61965620454453,255.,895.42344310869055));
#1511=IFCCARTESIANPOINT((706.38034379546389,255.,895.42344310869066));
#1512=IFCCARTESIANPOINT((725.97793550921369,255.,903.5410313863764));
#1513=IFCCARTESIANPOINT((732.61271242968735,253.17213185412365,907.0526843463424));
#1514=IFCCARTESIANPOINT((687.38728757032106,253.17213185412365,907.05268434634229));
#1515=IFCCARTESIANPOINT((691.02344310869762,255.,910.7803437954567));
#1516=IFCCARTESIANPOINT((688.58093135547745,253.17213185412365,903.3790265195147));
#1517=IFCCARTESIANPOINT((720.85896861362505,255.,898.42206449078753));
#1518=IFCCARTESIANPOINT((699.14103138638347,255.,898.42206449078753));
#1519=IFCCARTESIANPOINT((728.97655689131068,255.,910.78034379545682));
#1520=IFCCARTESIANPOINT((694.02206449079472,255.,903.54103138637618));
#1521=IFCCARTESIANPOINT((689.77457514063371,253.17213185412365,929.09463130730637));
#1522=IFCCARTESIANPOINT((702.27457514063155,253.17213185412365,938.17641290737185));
#1523=IFCCARTESIANPOINT((717.72542485937629,253.17213185412365,938.17641290737208));
#1524=IFCCARTESIANPOINT((730.22542485937436,253.17213185412365,929.0946313073066));
#1525=IFCCARTESIANPOINT((717.2393124090845,255.,931.87724620025506));
#1526=IFCCARTESIANPOINT((702.76068759092345,255.,931.87724620025506));
#1527=IFCCARTESIANPOINT((692.52275379974606,255.,921.63931240907743));
#1528=IFCCARTESIANPOINT((727.47724620026213,255.,921.63931240907777));
#1529=IFCCARTESIANPOINT((696.02457514063269,253.17213185412365,933.63552210733917));
#1530=IFCCARTESIANPOINT((723.97542485937527,253.17213185412365,933.63552210733928));
#1531=IFCCARTESIANPOINT((710.,253.17213185412365,938.17641290737208));
#1532=IFCCARTESIANPOINT((706.38034379546377,255.,933.37655689130361));
#1533=IFCCARTESIANPOINT((713.61965620454419,255.,933.37655689130361));
#1534=IFCCARTESIANPOINT((694.02206449079449,255.,925.25896861361787));
#1535=IFCCARTESIANPOINT((687.38728757032095,253.17213185412365,921.74731565365153));
#1536=IFCCARTESIANPOINT((732.61271242968724,253.17213185412365,921.74731565365198));
#1537=IFCCARTESIANPOINT((728.97655689131068,255.,918.01965620453745));
#1538=IFCCARTESIANPOINT((731.41906864453085,253.17213185412365,925.42097348047923));
#1539=IFCCARTESIANPOINT((699.14103138638325,255.,930.3779355092064));
#1540=IFCCARTESIANPOINT((720.85896861362471,255.,930.37793550920674));
#1541=IFCCARTESIANPOINT((691.02344310869762,255.,918.01965620453711));
#1542=IFCCARTESIANPOINT((725.97793550921347,255.,925.25896861361787));
#1543=IFCCARTESIANPOINT((685.,249.70845373536636,914.39999999999691));
#1544=IFCCARTESIANPOINT((735.,249.70845373536636,914.39999999999714));
#1545=IFCCARTESIANPOINT((730.22542485937458,249.70845373536636,899.70536869268778));
#1546=IFCCARTESIANPOINT((717.72542485937663,249.70845373536636,890.62358709262219));
#1547=IFCCARTESIANPOINT((702.27457514063178,249.70845373536636,890.62358709262207));
#1548=IFCCARTESIANPOINT((689.77457514063383,249.70845373536636,899.70536869268744));
#1549=IFCCARTESIANPOINT((731.68332923034018,253.17213185412365,904.19233697398442));
#1550=IFCCARTESIANPOINT((732.61271242968735,249.70845373536636,907.0526843463424));
#1551=IFCCARTESIANPOINT((723.97542485937561,249.70845373536636,895.16447789265487));
#1552=IFCCARTESIANPOINT((710.,249.70845373536636,890.62358709262207));
#1553=IFCCARTESIANPOINT((688.31667086782511,249.70845373536636,904.19233667188848));
#1554=IFCCARTESIANPOINT((696.02457514063281,249.70845373536636,895.16447789265476));
#1555=IFCCARTESIANPOINT((733.34166461517009,253.17213185412365,909.29616848699084));
#1556=IFCCARTESIANPOINT((686.6583354339167,249.70845373536636,909.29616833594264));
#1557=IFCCARTESIANPOINT((689.77457514063371,249.70845373536636,929.09463130730637));
#1558=IFCCARTESIANPOINT((702.27457514063155,249.70845373536636,938.17641290737185));
#1559=IFCCARTESIANPOINT((717.72542485937629,249.70845373536636,938.17641290737208));
#1560=IFCCARTESIANPOINT((730.22542485937436,249.70845373536636,929.0946313073066));
#1561=IFCCARTESIANPOINT((688.31667070808703,253.17213185412365,924.60766283648275));
#1562=IFCCARTESIANPOINT((687.38728757032095,249.70845373536636,921.74731565365153));
#1563=IFCCARTESIANPOINT((696.02457514063269,249.70845373536636,933.63552210733917));
#1564=IFCCARTESIANPOINT((710.,249.70845373536636,938.17641290737208));
#1565=IFCCARTESIANPOINT((723.97542485937527,249.70845373536636,933.63552210733928));
#1566=IFCCARTESIANPOINT((731.68332928753637,249.70845373536636,924.6076628499776));
#1567=IFCCARTESIANPOINT((686.65833535404772,253.17213185412365,919.50383141823988));
#1568=IFCCARTESIANPOINT((733.34166464376813,249.70845373536636,919.50383142498754));
#1569=IFCCARTESIANPOINT((691.36376396749006,225.,914.39999999999691));
#1570=IFCCARTESIANPOINT((728.63623603251835,225.,914.39999999999702));
#1571=IFCCARTESIANPOINT((723.17780887438801,225.,901.22219112561334));
#1572=IFCCARTESIANPOINT((710.,225.,895.76376396748287));
#1573=IFCCARTESIANPOINT((696.82219112562041,225.,901.22219112561322));
#1574=IFCCARTESIANPOINT((716.58890443719622,225.,898.49297754654799));
#1575=IFCCARTESIANPOINT((703.41109556281231,225.,898.49297754654799));
#1576=IFCCARTESIANPOINT((725.90702245345312,225.,907.81109556280512));
#1577=IFCCARTESIANPOINT((694.09297754655518,225.,907.81109556280512));
#1578=IFCCARTESIANPOINT((687.38728757032106,249.70845373536636,907.05268434634229));
#1579=IFCCARTESIANPOINT((713.29445221860021,225.,897.12837075701555));
#1580=IFCCARTESIANPOINT((706.70554778140831,225.,897.12837075701543));
#1581=IFCCARTESIANPOINT((724.54241566392056,225.,904.51664334420911));
#1582=IFCCARTESIANPOINT((727.2716292429858,225.,911.10554778140124));
#1583=IFCCARTESIANPOINT((695.45758433608785,225.,904.51664334420911));
#1584=IFCCARTESIANPOINT((692.72837075702262,225.,911.1055477814009));
#1585=IFCCARTESIANPOINT((719.883356655792,225.,899.85758433608055));
#1586=IFCCARTESIANPOINT((700.11664334421641,225.,899.85758433608055));
#1587=IFCCARTESIANPOINT((696.82219112562018,225.,927.57780887438082));
#1588=IFCCARTESIANPOINT((710.,225.,933.03623603251128));
#1589=IFCCARTESIANPOINT((723.17780887438789,225.,927.57780887438105));
#1590=IFCCARTESIANPOINT((703.41109556281208,225.,930.30702245344605));
#1591=IFCCARTESIANPOINT((716.58890443719588,225.,930.30702245344605));
#1592=IFCCARTESIANPOINT((694.09297754655506,225.,920.98890443718903));
#1593=IFCCARTESIANPOINT((725.90702245345301,225.,920.98890443718915));
#1594=IFCCARTESIANPOINT((732.61271242968724,249.70845373536636,921.74731565365198));
#1595=IFCCARTESIANPOINT((706.70554778140809,225.,931.67162924297872));
#1596=IFCCARTESIANPOINT((713.29445221859999,225.,931.67162924297884));
#1597=IFCCARTESIANPOINT((695.45758433608773,225.,924.28335665578493));
#1598=IFCCARTESIANPOINT((692.7283707570225,225.,917.69445221859303));
#1599=IFCCARTESIANPOINT((724.54241566392045,225.,924.28335665578527));
#1600=IFCCARTESIANPOINT((727.27162924298568,225.,917.69445221859303));
#1601=IFCCARTESIANPOINT((700.11664334421607,225.,928.94241566391349));
#1602=IFCCARTESIANPOINT((719.88335665579189,225.,928.94241566391349));
#1603=IFCCARTESIANPOINT((700.,225.,914.39999999999702));
#1604=IFCCARTESIANPOINT((720.,225.,914.39999999999702));
#1605=IFCCARTESIANPOINT((715.,225.,905.73974596215305));
#1606=IFCCARTESIANPOINT((705.,225.,905.73974596215305));
#1607=IFCCARTESIANPOINT((705.,225.,923.06025403784099));
#1608=IFCCARTESIANPOINT((715.,225.,923.06025403784099));
#1609=IFCPOLYLOOP((#1481,#1482,#1483));
#1610=IFCFACEOUTERBOUND(#1609,.T.);
#1611=IFCFACE((#1610));
#1612=IFCPOLYLOOP((#1483,#1484,#1481));
#1613=IFCFACEOUTERBOUND(#1612,.T.);
#1614=IFCFACE((#1613));
#1615=IFCPOLYLOOP((#1484,#1485,#1481));
#1616=IFCFACEOUTERBOUND(#1615,.T.);
#1617=IFCFACE((#1616));
#1618=IFCPOLYLOOP((#1481,#1487,#1482));
#1619=IFCFACEOUTERBOUND(#1618,.T.);
#1620=IFCFACE((#1619));
#1621=IFCPOLYLOOP((#1485,#1486,#1481));
#1622=IFCFACEOUTERBOUND(#1621,.T.);
#1623=IFCFACE((#1622));
#1624=IFCPOLYLOOP((#1487,#1481,#1486));
#1625=IFCFACEOUTERBOUND(#1624,.T.);
#1626=IFCFACE((#1625));
#1627=IFCPOLYLOOP((#1489,#1493,#1520));
#1628=IFCFACEOUTERBOUND(#1627,.T.);
#1629=IFCFACE((#1628));
#1630=IFCPOLYLOOP((#1489,#1520,#1506));
#1631=IFCFACEOUTERBOUND(#1630,.T.);
#1632=IFCFACE((#1631));
#1633=IFCPOLYLOOP((#1489,#1506,#1515));
#1634=IFCFACEOUTERBOUND(#1633,.T.);
#1635=IFCFACE((#1634));
#1636=IFCPOLYLOOP((#1489,#1515,#1488));
#1637=IFCFACEOUTERBOUND(#1636,.T.);
#1638=IFCFACE((#1637));
#1639=IFCPOLYLOOP((#1489,#1488,#1541));
#1640=IFCFACEOUTERBOUND(#1639,.T.);
#1641=IFCFACE((#1640));
#1642=IFCPOLYLOOP((#1489,#1518,#1493));
#1643=IFCFACEOUTERBOUND(#1642,.T.);
#1644=IFCFACE((#1643));
#1645=IFCPOLYLOOP((#1489,#1503,#1518));
#1646=IFCFACEOUTERBOUND(#1645,.T.);
#1647=IFCFACE((#1646));
#1648=IFCPOLYLOOP((#1489,#1511,#1503));
#1649=IFCFACEOUTERBOUND(#1648,.T.);
#1650=IFCFACE((#1649));
#1651=IFCPOLYLOOP((#1489,#1492,#1511));
#1652=IFCFACEOUTERBOUND(#1651,.T.);
#1653=IFCFACE((#1652));
#1654=IFCPOLYLOOP((#1489,#1510,#1492));
#1655=IFCFACEOUTERBOUND(#1654,.T.);
#1656=IFCFACE((#1655));
#1657=IFCPOLYLOOP((#1489,#1504,#1510));
#1658=IFCFACEOUTERBOUND(#1657,.T.);
#1659=IFCFACE((#1658));
#1660=IFCPOLYLOOP((#1489,#1517,#1504));
#1661=IFCFACEOUTERBOUND(#1660,.T.);
#1662=IFCFACE((#1661));
#1663=IFCPOLYLOOP((#1489,#1491,#1517));
#1664=IFCFACEOUTERBOUND(#1663,.T.);
#1665=IFCFACE((#1664));
#1666=IFCPOLYLOOP((#1489,#1512,#1491));
#1667=IFCFACEOUTERBOUND(#1666,.T.);
#1668=IFCFACE((#1667));
#1669=IFCPOLYLOOP((#1489,#1505,#1512));
#1670=IFCFACEOUTERBOUND(#1669,.T.);
#1671=IFCFACE((#1670));
#1672=IFCPOLYLOOP((#1489,#1519,#1505));
#1673=IFCFACEOUTERBOUND(#1672,.T.);
#1674=IFCFACE((#1673));
#1675=IFCPOLYLOOP((#1489,#1490,#1519));
#1676=IFCFACEOUTERBOUND(#1675,.T.);
#1677=IFCFACE((#1676));
#1678=IFCPOLYLOOP((#1489,#1541,#1527));
#1679=IFCFACEOUTERBOUND(#1678,.T.);
#1680=IFCFACE((#1679));
#1681=IFCPOLYLOOP((#1489,#1527,#1534));
#1682=IFCFACEOUTERBOUND(#1681,.T.);
#1683=IFCFACE((#1682));
#1684=IFCPOLYLOOP((#1489,#1534,#1494));
#1685=IFCFACEOUTERBOUND(#1684,.T.);
#1686=IFCFACE((#1685));
#1687=IFCPOLYLOOP((#1489,#1494,#1539));
#1688=IFCFACEOUTERBOUND(#1687,.T.);
#1689=IFCFACE((#1688));
#1690=IFCPOLYLOOP((#1489,#1539,#1526));
#1691=IFCFACEOUTERBOUND(#1690,.T.);
#1692=IFCFACE((#1691));
#1693=IFCPOLYLOOP((#1489,#1526,#1532));
#1694=IFCFACEOUTERBOUND(#1693,.T.);
#1695=IFCFACE((#1694));
#1696=IFCPOLYLOOP((#1489,#1532,#1495));
#1697=IFCFACEOUTERBOUND(#1696,.T.);
#1698=IFCFACE((#1697));
#1699=IFCPOLYLOOP((#1489,#1495,#1533));
#1700=IFCFACEOUTERBOUND(#1699,.T.);
#1701=IFCFACE((#1700));
#1702=IFCPOLYLOOP((#1489,#1537,#1490));
#1703=IFCFACEOUTERBOUND(#1702,.T.);
#1704=IFCFACE((#1703));
#1705=IFCPOLYLOOP((#1489,#1528,#1537));
#1706=IFCFACEOUTERBOUND(#1705,.T.);
#1707=IFCFACE((#1706));
#1708=IFCPOLYLOOP((#1489,#1542,#1528));
#1709=IFCFACEOUTERBOUND(#1708,.T.);
#1710=IFCFACE((#1709));
#1711=IFCPOLYLOOP((#1489,#1496,#1542));
#1712=IFCFACEOUTERBOUND(#1711,.T.);
#1713=IFCFACE((#1712));
#1714=IFCPOLYLOOP((#1489,#1533,#1525));
#1715=IFCFACEOUTERBOUND(#1714,.T.);
#1716=IFCFACE((#1715));
#1717=IFCPOLYLOOP((#1489,#1525,#1540));
#1718=IFCFACEOUTERBOUND(#1717,.T.);
#1719=IFCFACE((#1718));
#1720=IFCPOLYLOOP((#1489,#1540,#1496));
#1721=IFCFACEOUTERBOUND(#1720,.T.);
#1722=IFCFACE((#1721));
#1723=IFCPOLYLOOP((#1520,#1493,#1502));
#1724=IFCFACEOUTERBOUND(#1723,.T.);
#1725=IFCFACE((#1724));
#1726=IFCPOLYLOOP((#1499,#1491,#1512,#1505));
#1727=IFCFACEOUTERBOUND(#1726,.T.);
#1728=IFCFACE((#1727));
#1729=IFCPOLYLOOP((#1516,#1514,#1506));
#1730=IFCFACEOUTERBOUND(#1729,.T.);
#1731=IFCFACE((#1730));
#1732=IFCPOLYLOOP((#1504,#1517,#1491,#1507));
#1733=IFCFACEOUTERBOUND(#1732,.T.);
#1734=IFCFACE((#1733));
#1735=IFCPOLYLOOP((#1519,#1498,#1555,#1513));
#1736=IFCFACEOUTERBOUND(#1735,.T.);
#1737=IFCFACE((#1736));
#1738=IFCPOLYLOOP((#1505,#1513,#1549,#1499));
#1739=IFCFACEOUTERBOUND(#1738,.T.);
#1740=IFCFACE((#1739));
#1741=IFCPOLYLOOP((#1492,#1510,#1509));
#1742=IFCFACEOUTERBOUND(#1741,.T.);
#1743=IFCFACE((#1742));
#1744=IFCPOLYLOOP((#1501,#1511,#1509));
#1745=IFCFACEOUTERBOUND(#1744,.T.);
#1746=IFCFACE((#1745));
#1747=IFCPOLYLOOP((#1509,#1510,#1500));
#1748=IFCFACEOUTERBOUND(#1747,.T.);
#1749=IFCFACE((#1748));
#1750=IFCPOLYLOOP((#1508,#1502,#1493));
#1751=IFCFACEOUTERBOUND(#1750,.T.);
#1752=IFCFACE((#1751));
#1753=IFCPOLYLOOP((#1492,#1509,#1511));
#1754=IFCFACEOUTERBOUND(#1753,.T.);
#1755=IFCFACE((#1754));
#1756=IFCPOLYLOOP((#1510,#1504,#1500));
#1757=IFCFACEOUTERBOUND(#1756,.T.);
#1758=IFCFACE((#1757));
#1759=IFCPOLYLOOP((#1488,#1515,#1497));
#1760=IFCFACEOUTERBOUND(#1759,.T.);
#1761=IFCFACE((#1760));
#1762=IFCPOLYLOOP((#1518,#1503,#1508,#1493));
#1763=IFCFACEOUTERBOUND(#1762,.T.);
#1764=IFCFACE((#1763));
#1765=IFCPOLYLOOP((#1515,#1514,#1497));
#1766=IFCFACEOUTERBOUND(#1765,.T.);
#1767=IFCFACE((#1766));
#1768=IFCPOLYLOOP((#1491,#1499,#1507));
#1769=IFCFACEOUTERBOUND(#1768,.T.);
#1770=IFCFACE((#1769));
#1771=IFCPOLYLOOP((#1507,#1500,#1504));
#1772=IFCFACEOUTERBOUND(#1771,.T.);
#1773=IFCFACE((#1772));
#1774=IFCPOLYLOOP((#1490,#1498,#1519));
#1775=IFCFACEOUTERBOUND(#1774,.T.);
#1776=IFCFACE((#1775));
#1777=IFCPOLYLOOP((#1501,#1503,#1511));
#1778=IFCFACEOUTERBOUND(#1777,.T.);
#1779=IFCFACE((#1778));
#1780=IFCPOLYLOOP((#1514,#1515,#1506));
#1781=IFCFACEOUTERBOUND(#1780,.T.);
#1782=IFCFACE((#1781));
#1783=IFCPOLYLOOP((#1516,#1520,#1502));
#1784=IFCFACEOUTERBOUND(#1783,.T.);
#1785=IFCFACE((#1784));
#1786=IFCPOLYLOOP((#1516,#1506,#1520));
#1787=IFCFACEOUTERBOUND(#1786,.T.);
#1788=IFCFACE((#1787));
#1789=IFCPOLYLOOP((#1501,#1508,#1503));
#1790=IFCFACEOUTERBOUND(#1789,.T.);
#1791=IFCFACE((#1790));
#1792=IFCPOLYLOOP((#1513,#1505,#1519));
#1793=IFCFACEOUTERBOUND(#1792,.T.);
#1794=IFCFACE((#1793));
#1795=IFCPOLYLOOP((#1542,#1496,#1524));
#1796=IFCFACEOUTERBOUND(#1795,.T.);
#1797=IFCFACE((#1796));
#1798=IFCPOLYLOOP((#1521,#1494,#1534,#1527));
#1799=IFCFACEOUTERBOUND(#1798,.T.);
#1800=IFCFACE((#1799));
#1801=IFCPOLYLOOP((#1538,#1536,#1528));
#1802=IFCFACEOUTERBOUND(#1801,.T.);
#1803=IFCFACE((#1802));
#1804=IFCPOLYLOOP((#1526,#1539,#1494,#1529));
#1805=IFCFACEOUTERBOUND(#1804,.T.);
#1806=IFCFACE((#1805));
#1807=IFCPOLYLOOP((#1541,#1497,#1567,#1535));
#1808=IFCFACEOUTERBOUND(#1807,.T.);
#1809=IFCFACE((#1808));
#1810=IFCPOLYLOOP((#1527,#1535,#1561,#1521));
#1811=IFCFACEOUTERBOUND(#1810,.T.);
#1812=IFCFACE((#1811));
#1813=IFCPOLYLOOP((#1495,#1532,#1531));
#1814=IFCFACEOUTERBOUND(#1813,.T.);
#1815=IFCFACE((#1814));
#1816=IFCPOLYLOOP((#1523,#1533,#1531));
#1817=IFCFACEOUTERBOUND(#1816,.T.);
#1818=IFCFACE((#1817));
#1819=IFCPOLYLOOP((#1531,#1532,#1522));
#1820=IFCFACEOUTERBOUND(#1819,.T.);
#1821=IFCFACE((#1820));
#1822=IFCPOLYLOOP((#1530,#1524,#1496));
#1823=IFCFACEOUTERBOUND(#1822,.T.);
#1824=IFCFACE((#1823));
#1825=IFCPOLYLOOP((#1495,#1531,#1533));
#1826=IFCFACEOUTERBOUND(#1825,.T.);
#1827=IFCFACE((#1826));
#1828=IFCPOLYLOOP((#1532,#1526,#1522));
#1829=IFCFACEOUTERBOUND(#1828,.T.);
#1830=IFCFACE((#1829));
#1831=IFCPOLYLOOP((#1490,#1537,#1498));
#1832=IFCFACEOUTERBOUND(#1831,.T.);
#1833=IFCFACE((#1832));
#1834=IFCPOLYLOOP((#1540,#1525,#1530,#1496));
#1835=IFCFACEOUTERBOUND(#1834,.T.);
#1836=IFCFACE((#1835));
#1837=IFCPOLYLOOP((#1537,#1536,#1498));
#1838=IFCFACEOUTERBOUND(#1837,.T.);
#1839=IFCFACE((#1838));
#1840=IFCPOLYLOOP((#1494,#1521,#1529));
#1841=IFCFACEOUTERBOUND(#1840,.T.);
#1842=IFCFACE((#1841));
#1843=IFCPOLYLOOP((#1529,#1522,#1526));
#1844=IFCFACEOUTERBOUND(#1843,.T.);
#1845=IFCFACE((#1844));
#1846=IFCPOLYLOOP((#1488,#1497,#1541));
#1847=IFCFACEOUTERBOUND(#1846,.T.);
#1848=IFCFACE((#1847));
#1849=IFCPOLYLOOP((#1523,#1525,#1533));
#1850=IFCFACEOUTERBOUND(#1849,.T.);
#1851=IFCFACE((#1850));
#1852=IFCPOLYLOOP((#1536,#1537,#1528));
#1853=IFCFACEOUTERBOUND(#1852,.T.);
#1854=IFCFACE((#1853));
#1855=IFCPOLYLOOP((#1538,#1542,#1524));
#1856=IFCFACEOUTERBOUND(#1855,.T.);
#1857=IFCFACE((#1856));
#1858=IFCPOLYLOOP((#1538,#1528,#1542));
#1859=IFCFACEOUTERBOUND(#1858,.T.);
#1860=IFCFACE((#1859));
#1861=IFCPOLYLOOP((#1523,#1530,#1525));
#1862=IFCFACEOUTERBOUND(#1861,.T.);
#1863=IFCFACE((#1862));
#1864=IFCPOLYLOOP((#1535,#1527,#1541));
#1865=IFCFACEOUTERBOUND(#1864,.T.);
#1866=IFCFACE((#1865));
#1867=IFCPOLYLOOP((#1549,#1513,#1555,#1498,#1544,#1550,#1545,#1499));
#1868=IFCFACEOUTERBOUND(#1867,.T.);
#1869=IFCFACE((#1868));
#1870=IFCPOLYLOOP((#1507,#1499,#1545,#1551,#1546,#1500));
#1871=IFCFACEOUTERBOUND(#1870,.T.);
#1872=IFCFACE((#1871));
#1873=IFCPOLYLOOP((#1543,#1497,#1514,#1516,#1502,#1548,#1553,#1578,#1556));
#1874=IFCFACEOUTERBOUND(#1873,.T.);
#1875=IFCFACE((#1874));
#1876=IFCPOLYLOOP((#1501,#1509,#1500,#1546,#1552,#1547));
#1877=IFCFACEOUTERBOUND(#1876,.T.);
#1878=IFCFACE((#1877));
#1879=IFCPOLYLOOP((#1554,#1548,#1502,#1508,#1501,#1547));
#1880=IFCFACEOUTERBOUND(#1879,.T.);
#1881=IFCFACE((#1880));
#1882=IFCPOLYLOOP((#1561,#1535,#1567,#1497,#1543,#1562,#1557,#1521));
#1883=IFCFACEOUTERBOUND(#1882,.T.);
#1884=IFCFACE((#1883));
#1885=IFCPOLYLOOP((#1529,#1521,#1557,#1563,#1558,#1522));
#1886=IFCFACEOUTERBOUND(#1885,.T.);
#1887=IFCFACE((#1886));
#1888=IFCPOLYLOOP((#1544,#1498,#1536,#1538,#1524,#1560,#1566,#1594,#1568));
#1889=IFCFACEOUTERBOUND(#1888,.T.);
#1890=IFCFACE((#1889));
#1891=IFCPOLYLOOP((#1523,#1531,#1522,#1558,#1564,#1559));
#1892=IFCFACEOUTERBOUND(#1891,.T.);
#1893=IFCFACE((#1892));
#1894=IFCPOLYLOOP((#1530,#1523,#1559,#1565,#1560,#1524));
#1895=IFCFACEOUTERBOUND(#1894,.T.);
#1896=IFCFACE((#1895));
#1897=IFCPOLYLOOP((#1545,#1576,#1581,#1571));
#1898=IFCFACEOUTERBOUND(#1897,.T.);
#1899=IFCFACE((#1898));
#1900=IFCPOLYLOOP((#1551,#1545,#1571));
#1901=IFCFACEOUTERBOUND(#1900,.T.);
#1902=IFCFACE((#1901));
#1903=IFCPOLYLOOP((#1550,#1576,#1545));
#1904=IFCFACEOUTERBOUND(#1903,.T.);
#1905=IFCFACE((#1904));
#1906=IFCPOLYLOOP((#1586,#1573,#1554,#1575));
#1907=IFCFACEOUTERBOUND(#1906,.T.);
#1908=IFCFACE((#1907));
#1909=IFCPOLYLOOP((#1585,#1574,#1551,#1571));
#1910=IFCFACEOUTERBOUND(#1909,.T.);
#1911=IFCFACE((#1910));
#1912=IFCPOLYLOOP((#1583,#1577,#1548,#1573));
#1913=IFCFACEOUTERBOUND(#1912,.T.);
#1914=IFCFACE((#1913));
#1915=IFCPOLYLOOP((#1544,#1570,#1582));
#1916=IFCFACEOUTERBOUND(#1915,.T.);
#1917=IFCFACE((#1916));
#1918=IFCPOLYLOOP((#1580,#1575,#1547));
#1919=IFCFACEOUTERBOUND(#1918,.T.);
#1920=IFCFACE((#1919));
#1921=IFCPOLYLOOP((#1546,#1579,#1552));
#1922=IFCFACEOUTERBOUND(#1921,.T.);
#1923=IFCFACE((#1922));
#1924=IFCPOLYLOOP((#1552,#1580,#1547));
#1925=IFCFACEOUTERBOUND(#1924,.T.);
#1926=IFCFACE((#1925));
#1927=IFCPOLYLOOP((#1569,#1543,#1584));
#1928=IFCFACEOUTERBOUND(#1927,.T.);
#1929=IFCFACE((#1928));
#1930=IFCPOLYLOOP((#1546,#1551,#1574));
#1931=IFCFACEOUTERBOUND(#1930,.T.);
#1932=IFCFACE((#1931));
#1933=IFCPOLYLOOP((#1580,#1552,#1572));
#1934=IFCFACEOUTERBOUND(#1933,.T.);
#1935=IFCFACE((#1934));
#1936=IFCPOLYLOOP((#1584,#1543,#1556,#1578));
#1937=IFCFACEOUTERBOUND(#1936,.T.);
#1938=IFCFACE((#1937));
#1939=IFCPOLYLOOP((#1550,#1544,#1582));
#1940=IFCFACEOUTERBOUND(#1939,.T.);
#1941=IFCFACE((#1940));
#1942=IFCPOLYLOOP((#1573,#1548,#1554));
#1943=IFCFACEOUTERBOUND(#1942,.T.);
#1944=IFCFACE((#1943));
#1945=IFCPOLYLOOP((#1572,#1552,#1579));
#1946=IFCFACEOUTERBOUND(#1945,.T.);
#1947=IFCFACE((#1946));
#1948=IFCPOLYLOOP((#1546,#1574,#1579));
#1949=IFCFACEOUTERBOUND(#1948,.T.);
#1950=IFCFACE((#1949));
#1951=IFCPOLYLOOP((#1554,#1547,#1575));
#1952=IFCFACEOUTERBOUND(#1951,.T.);
#1953=IFCFACE((#1952));
#1954=IFCPOLYLOOP((#1582,#1576,#1550));
#1955=IFCFACEOUTERBOUND(#1954,.T.);
#1956=IFCFACE((#1955));
#1957=IFCPOLYLOOP((#1577,#1578,#1553,#1548));
#1958=IFCFACEOUTERBOUND(#1957,.T.);
#1959=IFCFACE((#1958));
#1960=IFCPOLYLOOP((#1578,#1577,#1584));
#1961=IFCFACEOUTERBOUND(#1960,.T.);
#1962=IFCFACE((#1961));
#1963=IFCPOLYLOOP((#1557,#1592,#1597,#1587));
#1964=IFCFACEOUTERBOUND(#1963,.T.);
#1965=IFCFACE((#1964));
#1966=IFCPOLYLOOP((#1563,#1557,#1587));
#1967=IFCFACEOUTERBOUND(#1966,.T.);
#1968=IFCFACE((#1967));
#1969=IFCPOLYLOOP((#1562,#1592,#1557));
#1970=IFCFACEOUTERBOUND(#1969,.T.);
#1971=IFCFACE((#1970));
#1972=IFCPOLYLOOP((#1602,#1589,#1565,#1591));
#1973=IFCFACEOUTERBOUND(#1972,.T.);
#1974=IFCFACE((#1973));
#1975=IFCPOLYLOOP((#1601,#1590,#1563,#1587));
#1976=IFCFACEOUTERBOUND(#1975,.T.);
#1977=IFCFACE((#1976));
#1978=IFCPOLYLOOP((#1599,#1593,#1560,#1589));
#1979=IFCFACEOUTERBOUND(#1978,.T.);
#1980=IFCFACE((#1979));
#1981=IFCPOLYLOOP((#1570,#1544,#1600));
#1982=IFCFACEOUTERBOUND(#1981,.T.);
#1983=IFCFACE((#1982));
#1984=IFCPOLYLOOP((#1596,#1591,#1559));
#1985=IFCFACEOUTERBOUND(#1984,.T.);
#1986=IFCFACE((#1985));
#1987=IFCPOLYLOOP((#1558,#1595,#1564));
#1988=IFCFACEOUTERBOUND(#1987,.T.);
#1989=IFCFACE((#1988));
#1990=IFCPOLYLOOP((#1564,#1596,#1559));
#1991=IFCFACEOUTERBOUND(#1990,.T.);
#1992=IFCFACE((#1991));
#1993=IFCPOLYLOOP((#1543,#1569,#1598));
#1994=IFCFACEOUTERBOUND(#1993,.T.);
#1995=IFCFACE((#1994));
#1996=IFCPOLYLOOP((#1558,#1563,#1590));
#1997=IFCFACEOUTERBOUND(#1996,.T.);
#1998=IFCFACE((#1997));
#1999=IFCPOLYLOOP((#1588,#1596,#1564));
#2000=IFCFACEOUTERBOUND(#1999,.T.);
#2001=IFCFACE((#2000));
#2002=IFCPOLYLOOP((#1600,#1544,#1568,#1594));
#2003=IFCFACEOUTERBOUND(#2002,.T.);
#2004=IFCFACE((#2003));
#2005=IFCPOLYLOOP((#1562,#1543,#1598));
#2006=IFCFACEOUTERBOUND(#2005,.T.);
#2007=IFCFACE((#2006));
#2008=IFCPOLYLOOP((#1589,#1560,#1565));
#2009=IFCFACEOUTERBOUND(#2008,.T.);
#2010=IFCFACE((#2009));
#2011=IFCPOLYLOOP((#1588,#1564,#1595));
#2012=IFCFACEOUTERBOUND(#2011,.T.);
#2013=IFCFACE((#2012));
#2014=IFCPOLYLOOP((#1558,#1590,#1595));
#2015=IFCFACEOUTERBOUND(#2014,.T.);
#2016=IFCFACE((#2015));
#2017=IFCPOLYLOOP((#1565,#1559,#1591));
#2018=IFCFACEOUTERBOUND(#2017,.T.);
#2019=IFCFACE((#2018));
#2020=IFCPOLYLOOP((#1598,#1592,#1562));
#2021=IFCFACEOUTERBOUND(#2020,.T.);
#2022=IFCFACE((#2021));
#2023=IFCPOLYLOOP((#1593,#1594,#1566,#1560));
#2024=IFCFACEOUTERBOUND(#2023,.T.);
#2025=IFCFACE((#2024));
#2026=IFCPOLYLOOP((#1594,#1593,#1600));
#2027=IFCFACEOUTERBOUND(#2026,.T.);
#2028=IFCFACE((#2027));
#2029=IFCPOLYLOOP((#1603,#1569,#1584));
#2030=IFCFACEOUTERBOUND(#2029,.T.);
#2031=IFCFACE((#2030));
#2032=IFCPOLYLOOP((#1603,#1584,#1577));
#2033=IFCFACEOUTERBOUND(#2032,.T.);
#2034=IFCFACE((#2033));
#2035=IFCPOLYLOOP((#1603,#1577,#1583));
#2036=IFCFACEOUTERBOUND(#2035,.T.);
#2037=IFCFACE((#2036));
#2038=IFCPOLYLOOP((#1603,#1583,#1573));
#2039=IFCFACEOUTERBOUND(#2038,.T.);
#2040=IFCFACE((#2039));
#2041=IFCPOLYLOOP((#1603,#1573,#1606));
#2042=IFCFACEOUTERBOUND(#2041,.T.);
#2043=IFCFACE((#2042));
#2044=IFCPOLYLOOP((#1603,#1598,#1569));
#2045=IFCFACEOUTERBOUND(#2044,.T.);
#2046=IFCFACE((#2045));
#2047=IFCPOLYLOOP((#1603,#1592,#1598));
#2048=IFCFACEOUTERBOUND(#2047,.T.);
#2049=IFCFACE((#2048));
#2050=IFCPOLYLOOP((#1603,#1597,#1592));
#2051=IFCFACEOUTERBOUND(#2050,.T.);
#2052=IFCFACE((#2051));
#2053=IFCPOLYLOOP((#1603,#1587,#1597));
#2054=IFCFACEOUTERBOUND(#2053,.T.);
#2055=IFCFACE((#2054));
#2056=IFCPOLYLOOP((#1603,#1607,#1587));
#2057=IFCFACEOUTERBOUND(#2056,.T.);
#2058=IFCFACE((#2057));
#2059=IFCPOLYLOOP((#1607,#1601,#1587));
#2060=IFCFACEOUTERBOUND(#2059,.T.);
#2061=IFCFACE((#2060));
#2062=IFCPOLYLOOP((#1607,#1590,#1601));
#2063=IFCFACEOUTERBOUND(#2062,.T.);
#2064=IFCFACE((#2063));
#2065=IFCPOLYLOOP((#1607,#1595,#1590));
#2066=IFCFACEOUTERBOUND(#2065,.T.);
#2067=IFCFACE((#2066));
#2068=IFCPOLYLOOP((#1607,#1588,#1595));
#2069=IFCFACEOUTERBOUND(#2068,.T.);
#2070=IFCFACE((#2069));
#2071=IFCPOLYLOOP((#1607,#1608,#1588));
#2072=IFCFACEOUTERBOUND(#2071,.T.);
#2073=IFCFACE((#2072));
#2074=IFCPOLYLOOP((#1608,#1596,#1588));
#2075=IFCFACEOUTERBOUND(#2074,.T.);
#2076=IFCFACE((#2075));
#2077=IFCPOLYLOOP((#1608,#1591,#1596));
#2078=IFCFACEOUTERBOUND(#2077,.T.);
#2079=IFCFACE((#2078));
#2080=IFCPOLYLOOP((#1608,#1602,#1591));
#2081=IFCFACEOUTERBOUND(#2080,.T.);
#2082=IFCFACE((#2081));
#2083=IFCPOLYLOOP((#1608,#1589,#1602));
#2084=IFCFACEOUTERBOUND(#2083,.T.);
#2085=IFCFACE((#2084));
#2086=IFCPOLYLOOP((#1608,#1604,#1589));
#2087=IFCFACEOUTERBOUND(#2086,.T.);
#2088=IFCFACE((#2087));
#2089=IFCPOLYLOOP((#1604,#1599,#1589));
#2090=IFCFACEOUTERBOUND(#2089,.T.);
#2091=IFCFACE((#2090));
#2092=IFCPOLYLOOP((#1604,#1593,#1599));
#2093=IFCFACEOUTERBOUND(#2092,.T.);
#2094=IFCFACE((#2093));
#2095=IFCPOLYLOOP((#1604,#1600,#1593));
#2096=IFCFACEOUTERBOUND(#2095,.T.);
#2097=IFCFACE((#2096));
#2098=IFCPOLYLOOP((#1604,#1570,#1600));
#2099=IFCFACEOUTERBOUND(#2098,.T.);
#2100=IFCFACE((#2099));
#2101=IFCPOLYLOOP((#1604,#1582,#1570));
#2102=IFCFACEOUTERBOUND(#2101,.T.);
#2103=IFCFACE((#2102));
#2104=IFCPOLYLOOP((#1604,#1576,#1582));
#2105=IFCFACEOUTERBOUND(#2104,.T.);
#2106=IFCFACE((#2105));
#2107=IFCPOLYLOOP((#1604,#1581,#1576));
#2108=IFCFACEOUTERBOUND(#2107,.T.);
#2109=IFCFACE((#2108));
#2110=IFCPOLYLOOP((#1604,#1571,#1581));
#2111=IFCFACEOUTERBOUND(#2110,.T.);
#2112=IFCFACE((#2111));
#2113=IFCPOLYLOOP((#1604,#1605,#1571));
#2114=IFCFACEOUTERBOUND(#2113,.T.);
#2115=IFCFACE((#2114));
#2116=IFCPOLYLOOP((#1606,#1572,#1605));
#2117=IFCFACEOUTERBOUND(#2116,.T.);
#2118=IFCFACE((#2117));
#2119=IFCPOLYLOOP((#1605,#1572,#1579));
#2120=IFCFACEOUTERBOUND(#2119,.T.);
#2121=IFCFACE((#2120));
#2122=IFCPOLYLOOP((#1605,#1579,#1574));
#2123=IFCFACEOUTERBOUND(#2122,.T.);
#2124=IFCFACE((#2123));
#2125=IFCPOLYLOOP((#1605,#1574,#1585));
#2126=IFCFACEOUTERBOUND(#2125,.T.);
#2127=IFCFACE((#2126));
#2128=IFCPOLYLOOP((#1605,#1585,#1571));
#2129=IFCFACEOUTERBOUND(#2128,.T.);
#2130=IFCFACE((#2129));
#2131=IFCPOLYLOOP((#1606,#1573,#1586));
#2132=IFCFACEOUTERBOUND(#2131,.T.);
#2133=IFCFACE((#2132));
#2134=IFCPOLYLOOP((#1606,#1586,#1575));
#2135=IFCFACEOUTERBOUND(#2134,.T.);
#2136=IFCFACE((#2135));
#2137=IFCPOLYLOOP((#1606,#1575,#1580));
#2138=IFCFACEOUTERBOUND(#2137,.T.);
#2139=IFCFACE((#2138));
#2140=IFCPOLYLOOP((#1606,#1580,#1572));
#2141=IFCFACEOUTERBOUND(#2140,.T.);
#2142=IFCFACE((#2141));
#2143=IFCPOLYLOOP((#1485,#1484,#1605,#1604));
#2144=IFCFACEOUTERBOUND(#2143,.T.);
#2145=IFCFACE((#2144));
#2146=IFCPOLYLOOP((#1484,#1483,#1606,#1605));
#2147=IFCFACEOUTERBOUND(#2146,.T.);
#2148=IFCFACE((#2147));
#2149=IFCPOLYLOOP((#1483,#1482,#1603,#1606));
#2150=IFCFACEOUTERBOUND(#2149,.T.);
#2151=IFCFACE((#2150));
#2152=IFCPOLYLOOP((#1482,#1487,#1607,#1603));
#2153=IFCFACEOUTERBOUND(#2152,.T.);
#2154=IFCFACE((#2153));
#2155=IFCPOLYLOOP((#1487,#1486,#1608,#1607));
#2156=IFCFACEOUTERBOUND(#2155,.T.);
#2157=IFCFACE((#2156));
#2158=IFCPOLYLOOP((#1486,#1485,#1604,#1608));
#2159=IFCFACEOUTERBOUND(#2158,.T.);
#2160=IFCFACE((#2159));
#2161=IFCCARTESIANPOINT((740.,200.,914.39999999999714));
#2162=IFCCARTESIANPOINT((738.97777478866681,200.,922.1645713530728));
#2163=IFCCARTESIANPOINT((735.98076211352782,200.,929.39999999999714));
#2164=IFCCARTESIANPOINT((731.21320343559114,200.,935.6132034355935));
#2165=IFCCARTESIANPOINT((725.,200.,940.38076211353018));
#2166=IFCCARTESIANPOINT((717.76457135307032,200.,943.37777478866917));
#2167=IFCCARTESIANPOINT((710.,200.,944.39999999999702));
#2168=IFCCARTESIANPOINT((702.23542864691899,200.,943.37777478866917));
#2169=IFCCARTESIANPOINT((695.,200.,940.38076211353018));
#2170=IFCCARTESIANPOINT((688.78679656439829,200.,935.6132034355935));
#2171=IFCCARTESIANPOINT((684.0192378864615,200.,929.39999999999702));
#2172=IFCCARTESIANPOINT((681.02222521132273,200.,922.16457135307269));
#2173=IFCCARTESIANPOINT((680.,200.,914.39999999999691));
#2174=IFCCARTESIANPOINT((681.02222521132273,200.,906.63542864692135));
#2175=IFCCARTESIANPOINT((684.01923788646161,200.,899.39999999999691));
#2176=IFCCARTESIANPOINT((688.78679656439829,200.,893.18679656440042));
#2177=IFCCARTESIANPOINT((695.,200.,888.41923788646375));
#2178=IFCCARTESIANPOINT((702.23542864691922,200.,885.42222521132499));
#2179=IFCCARTESIANPOINT((710.,200.,884.39999999999714));
#2180=IFCCARTESIANPOINT((717.76457135307044,200.,885.4222252113251));
#2181=IFCCARTESIANPOINT((725.,200.,888.41923788646386));
#2182=IFCCARTESIANPOINT((731.21320343559125,200.,893.18679656440077));
#2183=IFCCARTESIANPOINT((735.98076211352793,200.,899.39999999999725));
#2184=IFCCARTESIANPOINT((738.97777478866681,200.,906.63542864692158));
#2185=IFCCARTESIANPOINT((740.,206.,914.39999999999714));
#2186=IFCCARTESIANPOINT((738.97777478866681,206.,906.63542864692158));
#2187=IFCCARTESIANPOINT((735.98076211352793,206.,899.39999999999725));
#2188=IFCCARTESIANPOINT((731.21320343559125,206.,893.18679656440077));
#2189=IFCCARTESIANPOINT((725.,206.,888.41923788646386));
#2190=IFCCARTESIANPOINT((717.76457135307044,206.,885.4222252113251));
#2191=IFCCARTESIANPOINT((710.,206.,884.39999999999714));
#2192=IFCCARTESIANPOINT((702.23542864691922,206.,885.42222521132499));
#2193=IFCCARTESIANPOINT((695.,206.,888.41923788646375));
#2194=IFCCARTESIANPOINT((688.78679656439829,206.,893.18679656440042));
#2195=IFCCARTESIANPOINT((684.01923788646161,206.,899.39999999999691));
#2196=IFCCARTESIANPOINT((681.02222521132273,206.,906.63542864692135));
#2197=IFCCARTESIANPOINT((680.,206.,914.39999999999702));
#2198=IFCCARTESIANPOINT((681.02222521132273,206.,922.16457135307269));
#2199=IFCCARTESIANPOINT((684.0192378864615,206.,929.39999999999702));
#2200=IFCCARTESIANPOINT((688.78679656439829,206.,935.6132034355935));
#2201=IFCCARTESIANPOINT((695.,206.,940.38076211353018));
#2202=IFCCARTESIANPOINT((702.23542864691899,206.,943.37777478866917));
#2203=IFCCARTESIANPOINT((710.,206.,944.39999999999702));
#2204=IFCCARTESIANPOINT((717.76457135307032,206.,943.37777478866917));
#2205=IFCCARTESIANPOINT((725.,206.,940.38076211353018));
#2206=IFCCARTESIANPOINT((731.21320343559114,206.,935.6132034355935));
#2207=IFCCARTESIANPOINT((735.98076211352782,206.,929.39999999999714));
#2208=IFCCARTESIANPOINT((738.97777478866681,206.,922.1645713530728));
#2209=IFCPOLYLOOP((#2177,#2178,#2179,#2180,#2181,#2182,#2183,#2184,#2161,#2162,#2163,#2164,#2165,#2166,#2167,#2168,#2169,#2170,#2171,#2172,#2173,#2174,#2175,#2176));
#2210=IFCFACEOUTERBOUND(#2209,.T.);
#2211=IFCFACE((#2210));
#2212=IFCPOLYLOOP((#2202,#2203,#2204,#2205,#2206,#2207,#2208,#2185,#2186,#2187,#2188,#2189,#2190,#2191,#2192,#2193,#2194,#2195,#2196,#2197,#2198,#2199,#2200,#2201));
#2213=IFCFACEOUTERBOUND(#2212,.T.);
#2214=IFCFACE((#2213));
#2215=IFCPOLYLOOP((#2185,#2161,#2184,#2186));
#2216=IFCFACEOUTERBOUND(#2215,.T.);
#2217=IFCFACE((#2216));
#2218=IFCPOLYLOOP((#2186,#2184,#2183,#2187));
#2219=IFCFACEOUTERBOUND(#2218,.T.);
#2220=IFCFACE((#2219));
#2221=IFCPOLYLOOP((#2189,#2188,#2182,#2181));
#2222=IFCFACEOUTERBOUND(#2221,.T.);
#2223=IFCFACE((#2222));
#2224=IFCPOLYLOOP((#2182,#2188,#2187,#2183));
#2225=IFCFACEOUTERBOUND(#2224,.T.);
#2226=IFCFACE((#2225));
#2227=IFCPOLYLOOP((#2190,#2189,#2181,#2180));
#2228=IFCFACEOUTERBOUND(#2227,.T.);
#2229=IFCFACE((#2228));
#2230=IFCPOLYLOOP((#2190,#2180,#2179,#2191));
#2231=IFCFACEOUTERBOUND(#2230,.T.);
#2232=IFCFACE((#2231));
#2233=IFCPOLYLOOP((#2191,#2179,#2178,#2192));
#2234=IFCFACEOUTERBOUND(#2233,.T.);
#2235=IFCFACE((#2234));
#2236=IFCPOLYLOOP((#2192,#2178,#2177,#2193));
#2237=IFCFACEOUTERBOUND(#2236,.T.);
#2238=IFCFACE((#2237));
#2239=IFCPOLYLOOP((#2195,#2194,#2176,#2175));
#2240=IFCFACEOUTERBOUND(#2239,.T.);
#2241=IFCFACE((#2240));
#2242=IFCPOLYLOOP((#2176,#2194,#2193,#2177));
#2243=IFCFACEOUTERBOUND(#2242,.T.);
#2244=IFCFACE((#2243));
#2245=IFCPOLYLOOP((#2196,#2195,#2175,#2174));
#2246=IFCFACEOUTERBOUND(#2245,.T.);
#2247=IFCFACE((#2246));
#2248=IFCPOLYLOOP((#2196,#2174,#2173,#2197));
#2249=IFCFACEOUTERBOUND(#2248,.T.);
#2250=IFCFACE((#2249));
#2251=IFCPOLYLOOP((#2197,#2173,#2172,#2198));
#2252=IFCFACEOUTERBOUND(#2251,.T.);
#2253=IFCFACE((#2252));
#2254=IFCPOLYLOOP((#2198,#2172,#2171,#2199));
#2255=IFCFACEOUTERBOUND(#2254,.T.);
#2256=IFCFACE((#2255));
#2257=IFCPOLYLOOP((#2201,#2200,#2170,#2169));
#2258=IFCFACEOUTERBOUND(#2257,.T.);
#2259=IFCFACE((#2258));
#2260=IFCPOLYLOOP((#2170,#2200,#2199,#2171));
#2261=IFCFACEOUTERBOUND(#2260,.T.);
#2262=IFCFACE((#2261));
#2263=IFCPOLYLOOP((#2202,#2201,#2169,#2168));
#2264=IFCFACEOUTERBOUND(#2263,.T.);
#2265=IFCFACE((#2264));
#2266=IFCPOLYLOOP((#2202,#2168,#2167,#2203));
#2267=IFCFACEOUTERBOUND(#2266,.T.);
#2268=IFCFACE((#2267));
#2269=IFCPOLYLOOP((#2203,#2167,#2166,#2204));
#2270=IFCFACEOUTERBOUND(#2269,.T.);
#2271=IFCFACE((#2270));
#2272=IFCPOLYLOOP((#2204,#2166,#2165,#2205));
#2273=IFCFACEOUTERBOUND(#2272,.T.);
#2274=IFCFACE((#2273));
#2275=IFCPOLYLOOP((#2207,#2206,#2164,#2163));
#2276=IFCFACEOUTERBOUND(#2275,.T.);
#2277=IFCFACE((#2276));
#2278=IFCPOLYLOOP((#2164,#2206,#2205,#2165));
#2279=IFCFACEOUTERBOUND(#2278,.T.);
#2280=IFCFACE((#2279));
#2281=IFCPOLYLOOP((#2208,#2207,#2163,#2162));
#2282=IFCFACEOUTERBOUND(#2281,.T.);
#2283=IFCFACE((#2282));
#2284=IFCPOLYLOOP((#2208,#2162,#2161,#2185));
#2285=IFCFACEOUTERBOUND(#2284,.T.);
#2286=IFCFACE((#2285));
#2287=IFCCARTESIANPOINT((710.,159.,914.39999999999702));
#2288=IFCCARTESIANPOINT((720.,159.,914.39999999999702));
#2289=IFCCARTESIANPOINT((715.,159.,905.73974596215305));
#2290=IFCCARTESIANPOINT((705.,159.,905.73974596215305));
#2291=IFCCARTESIANPOINT((700.,159.,914.39999999999702));
#2292=IFCCARTESIANPOINT((705.,159.,923.06025403784099));
#2293=IFCCARTESIANPOINT((715.,159.,923.06025403784099));
#2294=IFCCARTESIANPOINT((689.52413241764918,110.,914.39999999999691));
#2295=IFCCARTESIANPOINT((695.52137518184327,110.,899.92137518183597));
#2296=IFCCARTESIANPOINT((710.,110.,893.92413241764211));
#2297=IFCCARTESIANPOINT((724.47862481816537,110.,899.92137518183608));
#2298=IFCCARTESIANPOINT((730.47586758235923,110.,914.39999999999702));
#2299=IFCCARTESIANPOINT((710.,110.,914.39999999999702));
#2300=IFCCARTESIANPOINT((724.47862481816514,110.,928.87862481815819));
#2301=IFCCARTESIANPOINT((710.,110.,934.87586758235193));
#2302=IFCCARTESIANPOINT((695.52137518184315,110.,928.87862481815807));
#2303=IFCCARTESIANPOINT((685.,111.82786814587931,914.39999999999691));
#2304=IFCCARTESIANPOINT((689.77457514063394,111.82786814587931,899.70536869268744));
#2305=IFCCARTESIANPOINT((702.2745751406319,111.82786814587931,890.62358709262207));
#2306=IFCCARTESIANPOINT((717.72542485937674,111.82786814587931,890.62358709262219));
#2307=IFCCARTESIANPOINT((730.2254248593747,111.82786814587931,899.70536869268778));
#2308=IFCCARTESIANPOINT((735.,111.82786814587931,914.39999999999714));
#2309=IFCCARTESIANPOINT((717.23931240908485,110.,896.9227537997391));
#2310=IFCCARTESIANPOINT((702.76068759092391,110.,896.9227537997391));
#2311=IFCCARTESIANPOINT((727.47724620026224,110.,907.16068759091661));
#2312=IFCCARTESIANPOINT((692.52275379974628,110.,907.16068759091638));
#2313=IFCCARTESIANPOINT((723.97542485937572,111.82786814587931,895.16447789265487));
#2314=IFCCARTESIANPOINT((696.02457514063292,111.82786814587931,895.16447789265476));
#2315=IFCCARTESIANPOINT((706.38034379546411,110.,895.42344310869055));
#2316=IFCCARTESIANPOINT((710.,111.82786814587931,890.62358709262219));
#2317=IFCCARTESIANPOINT((713.61965620454464,110.,895.42344310869066));
#2318=IFCCARTESIANPOINT((725.97793550921381,110.,903.54103138637629));
#2319=IFCCARTESIANPOINT((732.61271242968746,111.82786814587931,907.05268434634252));
#2320=IFCCARTESIANPOINT((687.38728757032118,111.82786814587931,907.05268434634229));
#2321=IFCCARTESIANPOINT((691.02344310869773,110.,910.7803437954567));
#2322=IFCCARTESIANPOINT((688.58093135547756,111.82786814587931,903.37902651951492));
#2323=IFCCARTESIANPOINT((720.85896861362505,110.,898.42206449078753));
#2324=IFCCARTESIANPOINT((699.14103138638347,110.,898.42206449078742));
#2325=IFCCARTESIANPOINT((728.97655689131079,110.,910.78034379545682));
#2326=IFCCARTESIANPOINT((694.02206449079472,110.,903.54103138637618));
#2327=IFCCARTESIANPOINT((730.22542485937447,111.82786814587931,929.0946313073066));
#2328=IFCCARTESIANPOINT((717.72542485937652,111.82786814587931,938.17641290737208));
#2329=IFCCARTESIANPOINT((702.27457514063167,111.82786814587931,938.17641290737185));
#2330=IFCCARTESIANPOINT((689.77457514063383,111.82786814587931,929.09463130730637));
#2331=IFCCARTESIANPOINT((702.76068759092357,110.,931.87724620025506));
#2332=IFCCARTESIANPOINT((717.23931240908473,110.,931.87724620025506));
#2333=IFCCARTESIANPOINT((692.52275379974617,110.,921.63931240907743));
#2334=IFCCARTESIANPOINT((727.47724620026224,110.,921.63931240907777));
#2335=IFCCARTESIANPOINT((696.02457514063269,111.82786814587931,933.63552210733917));
#2336=IFCCARTESIANPOINT((723.97542485937549,111.82786814587931,933.63552210733928));
#2337=IFCCARTESIANPOINT((713.6196562045443,110.,933.37655689130372));
#2338=IFCCARTESIANPOINT((710.,111.82786814587931,938.17641290737208));
#2339=IFCCARTESIANPOINT((706.38034379546377,110.,933.37655689130361));
#2340=IFCCARTESIANPOINT((694.02206449079472,110.,925.25896861361787));
#2341=IFCCARTESIANPOINT((687.38728757032106,111.82786814587931,921.74731565365153));
#2342=IFCCARTESIANPOINT((732.61271242968735,111.82786814587931,921.74731565365198));
#2343=IFCCARTESIANPOINT((728.97655689131068,110.,918.01965620453757));
#2344=IFCCARTESIANPOINT((731.41906864453085,111.82786814587931,925.42097348047935));
#2345=IFCCARTESIANPOINT((699.14103138638336,110.,930.3779355092064));
#2346=IFCCARTESIANPOINT((720.85896861362494,110.,930.37793550920662));
#2347=IFCCARTESIANPOINT((691.02344310869773,110.,918.01965620453711));
#2348=IFCCARTESIANPOINT((725.97793550921369,110.,925.25896861361798));
#2349=IFCCARTESIANPOINT((685.,115.29154626463664,914.39999999999691));
#2350=IFCCARTESIANPOINT((689.77457514063394,115.29154626463664,899.70536869268744));
#2351=IFCCARTESIANPOINT((702.2745751406319,115.29154626463664,890.62358709262207));
#2352=IFCCARTESIANPOINT((717.72542485937674,115.29154626463664,890.62358709262219));
#2353=IFCCARTESIANPOINT((730.2254248593747,115.29154626463664,899.70536869268778));
#2354=IFCCARTESIANPOINT((735.,115.29154626463664,914.39999999999714));
#2355=IFCCARTESIANPOINT((731.68332923034018,111.82786814587931,904.19233697398442));
#2356=IFCCARTESIANPOINT((732.61271242968746,115.29154626463664,907.05268434634252));
#2357=IFCCARTESIANPOINT((723.97542485937572,115.29154626463664,895.16447789265487));
#2358=IFCCARTESIANPOINT((710.,115.29154626463664,890.62358709262207));
#2359=IFCCARTESIANPOINT((688.31667086782522,115.29154626463664,904.19233667188848));
#2360=IFCCARTESIANPOINT((696.02457514063292,115.29154626463664,895.16447789265476));
#2361=IFCCARTESIANPOINT((733.3416646151702,111.82786814587931,909.29616848699084));
#2362=IFCCARTESIANPOINT((686.65833543391682,115.29154626463664,909.29616833594253));
#2363=IFCCARTESIANPOINT((730.22542485937447,115.29154626463664,929.0946313073066));
#2364=IFCCARTESIANPOINT((717.72542485937652,115.29154626463664,938.17641290737208));
#2365=IFCCARTESIANPOINT((702.27457514063167,115.29154626463664,938.17641290737185));
#2366=IFCCARTESIANPOINT((689.77457514063383,115.29154626463664,929.09463130730637));
#2367=IFCCARTESIANPOINT((688.31667070808714,111.82786814587931,924.60766283648275));
#2368=IFCCARTESIANPOINT((687.38728757032106,115.29154626463664,921.74731565365153));
#2369=IFCCARTESIANPOINT((696.02457514063269,115.29154626463664,933.63552210733917));
#2370=IFCCARTESIANPOINT((710.,115.29154626463664,938.17641290737208));
#2371=IFCCARTESIANPOINT((723.97542485937549,115.29154626463664,933.63552210733928));
#2372=IFCCARTESIANPOINT((731.68332928753659,115.29154626463664,924.60766284997749));
#2373=IFCCARTESIANPOINT((686.65833535404784,111.82786814587931,919.50383141823988));
#2374=IFCCARTESIANPOINT((733.34166464376835,115.29154626463664,919.50383142498742));
#2375=IFCCARTESIANPOINT((691.36376396749006,140.,914.39999999999691));
#2376=IFCCARTESIANPOINT((696.82219112562052,140.,901.22219112561322));
#2377=IFCCARTESIANPOINT((710.,140.,895.76376396748287));
#2378=IFCCARTESIANPOINT((723.17780887438812,140.,901.22219112561334));
#2379=IFCCARTESIANPOINT((728.63623603251835,140.,914.39999999999702));
#2380=IFCCARTESIANPOINT((703.41109556281242,140.,898.49297754654799));
#2381=IFCCARTESIANPOINT((716.58890443719622,140.,898.49297754654799));
#2382=IFCCARTESIANPOINT((725.90702245345335,140.,907.81109556280512));
#2383=IFCCARTESIANPOINT((694.09297754655518,140.,907.81109556280512));
#2384=IFCCARTESIANPOINT((687.38728757032118,115.29154626463664,907.05268434634229));
#2385=IFCCARTESIANPOINT((706.70554778140843,140.,897.12837075701543));
#2386=IFCCARTESIANPOINT((713.29445221860021,140.,897.12837075701555));
#2387=IFCCARTESIANPOINT((724.54241566392068,140.,904.51664334420934));
#2388=IFCCARTESIANPOINT((727.27162924298591,140.,911.10554778140124));
#2389=IFCCARTESIANPOINT((695.45758433608785,140.,904.51664334420911));
#2390=IFCCARTESIANPOINT((692.72837075702262,140.,911.10554778140113));
#2391=IFCCARTESIANPOINT((719.88335665579211,140.,899.85758433608055));
#2392=IFCCARTESIANPOINT((700.11664334421653,140.,899.85758433608055));
#2393=IFCCARTESIANPOINT((723.17780887438801,140.,927.57780887438105));
#2394=IFCCARTESIANPOINT((710.,140.,933.03623603251128));
#2395=IFCCARTESIANPOINT((696.82219112562029,140.,927.57780887438082));
#2396=IFCCARTESIANPOINT((716.58890443719611,140.,930.30702245344605));
#2397=IFCCARTESIANPOINT((703.41109556281219,140.,930.30702245344605));
#2398=IFCCARTESIANPOINT((694.09297754655518,140.,920.98890443718903));
#2399=IFCCARTESIANPOINT((725.90702245345312,140.,920.98890443718926));
#2400=IFCCARTESIANPOINT((732.61271242968735,115.29154626463664,921.74731565365187));
#2401=IFCCARTESIANPOINT((706.7055477814082,140.,931.67162924297872));
#2402=IFCCARTESIANPOINT((713.2944522186001,140.,931.67162924297884));
#2403=IFCCARTESIANPOINT((695.45758433608785,140.,924.28335665578481));
#2404=IFCCARTESIANPOINT((692.72837075702262,140.,917.69445221859291));
#2405=IFCCARTESIANPOINT((724.54241566392056,140.,924.28335665578527));
#2406=IFCCARTESIANPOINT((727.2716292429858,140.,917.69445221859314));
#2407=IFCCARTESIANPOINT((700.11664334421619,140.,928.94241566391349));
#2408=IFCCARTESIANPOINT((719.883356655792,140.,928.94241566391349));
#2409=IFCCARTESIANPOINT((700.,140.,914.39999999999702));
#2410=IFCCARTESIANPOINT((705.,140.,905.73974596215305));
#2411=IFCCARTESIANPOINT((715.,140.,905.73974596215305));
#2412=IFCCARTESIANPOINT((720.,140.,914.39999999999702));
#2413=IFCCARTESIANPOINT((715.,140.,923.06025403784099));
#2414=IFCCARTESIANPOINT((705.,140.,923.06025403784099));
#2415=IFCPOLYLOOP((#2290,#2291,#2287));
#2416=IFCFACEOUTERBOUND(#2415,.T.);
#2417=IFCFACE((#2416));
#2418=IFCPOLYLOOP((#2287,#2289,#2290));
#2419=IFCFACEOUTERBOUND(#2418,.T.);
#2420=IFCFACE((#2419));
#2421=IFCPOLYLOOP((#2291,#2292,#2287));
#2422=IFCFACEOUTERBOUND(#2421,.T.);
#2423=IFCFACE((#2422));
#2424=IFCPOLYLOOP((#2293,#2287,#2292));
#2425=IFCFACEOUTERBOUND(#2424,.T.);
#2426=IFCFACE((#2425));
#2427=IFCPOLYLOOP((#2287,#2293,#2288));
#2428=IFCFACEOUTERBOUND(#2427,.T.);
#2429=IFCFACE((#2428));
#2430=IFCPOLYLOOP((#2287,#2288,#2289));
#2431=IFCFACEOUTERBOUND(#2430,.T.);
#2432=IFCFACE((#2431));
#2433=IFCPOLYLOOP((#2299,#2294,#2321));
#2434=IFCFACEOUTERBOUND(#2433,.T.);
#2435=IFCFACE((#2434));
#2436=IFCPOLYLOOP((#2299,#2321,#2312));
#2437=IFCFACEOUTERBOUND(#2436,.T.);
#2438=IFCFACE((#2437));
#2439=IFCPOLYLOOP((#2299,#2312,#2326));
#2440=IFCFACEOUTERBOUND(#2439,.T.);
#2441=IFCFACE((#2440));
#2442=IFCPOLYLOOP((#2299,#2326,#2295));
#2443=IFCFACEOUTERBOUND(#2442,.T.);
#2444=IFCFACE((#2443));
#2445=IFCPOLYLOOP((#2299,#2295,#2324));
#2446=IFCFACEOUTERBOUND(#2445,.T.);
#2447=IFCFACE((#2446));
#2448=IFCPOLYLOOP((#2299,#2324,#2310));
#2449=IFCFACEOUTERBOUND(#2448,.T.);
#2450=IFCFACE((#2449));
#2451=IFCPOLYLOOP((#2299,#2310,#2315));
#2452=IFCFACEOUTERBOUND(#2451,.T.);
#2453=IFCFACE((#2452));
#2454=IFCPOLYLOOP((#2299,#2315,#2296));
#2455=IFCFACEOUTERBOUND(#2454,.T.);
#2456=IFCFACE((#2455));
#2457=IFCPOLYLOOP((#2299,#2296,#2317));
#2458=IFCFACEOUTERBOUND(#2457,.T.);
#2459=IFCFACE((#2458));
#2460=IFCPOLYLOOP((#2299,#2317,#2309));
#2461=IFCFACEOUTERBOUND(#2460,.T.);
#2462=IFCFACE((#2461));
#2463=IFCPOLYLOOP((#2299,#2309,#2323));
#2464=IFCFACEOUTERBOUND(#2463,.T.);
#2465=IFCFACE((#2464));
#2466=IFCPOLYLOOP((#2299,#2323,#2297));
#2467=IFCFACEOUTERBOUND(#2466,.T.);
#2468=IFCFACE((#2467));
#2469=IFCPOLYLOOP((#2299,#2297,#2318));
#2470=IFCFACEOUTERBOUND(#2469,.T.);
#2471=IFCFACE((#2470));
#2472=IFCPOLYLOOP((#2299,#2318,#2311));
#2473=IFCFACEOUTERBOUND(#2472,.T.);
#2474=IFCFACE((#2473));
#2475=IFCPOLYLOOP((#2299,#2311,#2325));
#2476=IFCFACEOUTERBOUND(#2475,.T.);
#2477=IFCFACE((#2476));
#2478=IFCPOLYLOOP((#2299,#2325,#2298));
#2479=IFCFACEOUTERBOUND(#2478,.T.);
#2480=IFCFACE((#2479));
#2481=IFCPOLYLOOP((#2299,#2298,#2343));
#2482=IFCFACEOUTERBOUND(#2481,.T.);
#2483=IFCFACE((#2482));
#2484=IFCPOLYLOOP((#2299,#2347,#2294));
#2485=IFCFACEOUTERBOUND(#2484,.T.);
#2486=IFCFACE((#2485));
#2487=IFCPOLYLOOP((#2299,#2333,#2347));
#2488=IFCFACEOUTERBOUND(#2487,.T.);
#2489=IFCFACE((#2488));
#2490=IFCPOLYLOOP((#2299,#2340,#2333));
#2491=IFCFACEOUTERBOUND(#2490,.T.);
#2492=IFCFACE((#2491));
#2493=IFCPOLYLOOP((#2299,#2302,#2340));
#2494=IFCFACEOUTERBOUND(#2493,.T.);
#2495=IFCFACE((#2494));
#2496=IFCPOLYLOOP((#2299,#2345,#2302));
#2497=IFCFACEOUTERBOUND(#2496,.T.);
#2498=IFCFACE((#2497));
#2499=IFCPOLYLOOP((#2299,#2331,#2345));
#2500=IFCFACEOUTERBOUND(#2499,.T.);
#2501=IFCFACE((#2500));
#2502=IFCPOLYLOOP((#2299,#2339,#2331));
#2503=IFCFACEOUTERBOUND(#2502,.T.);
#2504=IFCFACE((#2503));
#2505=IFCPOLYLOOP((#2299,#2301,#2339));
#2506=IFCFACEOUTERBOUND(#2505,.T.);
#2507=IFCFACE((#2506));
#2508=IFCPOLYLOOP((#2299,#2343,#2334));
#2509=IFCFACEOUTERBOUND(#2508,.T.);
#2510=IFCFACE((#2509));
#2511=IFCPOLYLOOP((#2299,#2334,#2348));
#2512=IFCFACEOUTERBOUND(#2511,.T.);
#2513=IFCFACE((#2512));
#2514=IFCPOLYLOOP((#2299,#2348,#2300));
#2515=IFCFACEOUTERBOUND(#2514,.T.);
#2516=IFCFACE((#2515));
#2517=IFCPOLYLOOP((#2299,#2300,#2346));
#2518=IFCFACEOUTERBOUND(#2517,.T.);
#2519=IFCFACE((#2518));
#2520=IFCPOLYLOOP((#2299,#2346,#2332));
#2521=IFCFACEOUTERBOUND(#2520,.T.);
#2522=IFCFACE((#2521));
#2523=IFCPOLYLOOP((#2299,#2332,#2337));
#2524=IFCFACEOUTERBOUND(#2523,.T.);
#2525=IFCFACE((#2524));
#2526=IFCPOLYLOOP((#2299,#2337,#2301));
#2527=IFCFACEOUTERBOUND(#2526,.T.);
#2528=IFCFACE((#2527));
#2529=IFCPOLYLOOP((#2304,#2295,#2326));
#2530=IFCFACEOUTERBOUND(#2529,.T.);
#2531=IFCFACE((#2530));
#2532=IFCPOLYLOOP((#2318,#2297,#2307,#2311));
#2533=IFCFACEOUTERBOUND(#2532,.T.);
#2534=IFCFACE((#2533));
#2535=IFCPOLYLOOP((#2312,#2320,#2322));
#2536=IFCFACEOUTERBOUND(#2535,.T.);
#2537=IFCFACE((#2536));
#2538=IFCPOLYLOOP((#2313,#2297,#2323,#2309));
#2539=IFCFACEOUTERBOUND(#2538,.T.);
#2540=IFCFACE((#2539));
#2541=IFCPOLYLOOP((#2325,#2319,#2361,#2308));
#2542=IFCFACEOUTERBOUND(#2541,.T.);
#2543=IFCFACE((#2542));
#2544=IFCPOLYLOOP((#2316,#2315,#2305));
#2545=IFCFACEOUTERBOUND(#2544,.T.);
#2546=IFCFACE((#2545));
#2547=IFCPOLYLOOP((#2306,#2317,#2316));
#2548=IFCFACEOUTERBOUND(#2547,.T.);
#2549=IFCFACE((#2548));
#2550=IFCPOLYLOOP((#2316,#2317,#2296));
#2551=IFCFACEOUTERBOUND(#2550,.T.);
#2552=IFCFACE((#2551));
#2553=IFCPOLYLOOP((#2295,#2304,#2314));
#2554=IFCFACEOUTERBOUND(#2553,.T.);
#2555=IFCFACE((#2554));
#2556=IFCPOLYLOOP((#2306,#2309,#2317));
#2557=IFCFACEOUTERBOUND(#2556,.T.);
#2558=IFCFACE((#2557));
#2559=IFCPOLYLOOP((#2315,#2310,#2305));
#2560=IFCFACEOUTERBOUND(#2559,.T.);
#2561=IFCFACE((#2560));
#2562=IFCPOLYLOOP((#2303,#2321,#2294));
#2563=IFCFACEOUTERBOUND(#2562,.T.);
#2564=IFCFACE((#2563));
#2565=IFCPOLYLOOP((#2314,#2310,#2324,#2295));
#2566=IFCFACEOUTERBOUND(#2565,.T.);
#2567=IFCFACE((#2566));
#2568=IFCPOLYLOOP((#2303,#2320,#2321));
#2569=IFCFACEOUTERBOUND(#2568,.T.);
#2570=IFCFACE((#2569));
#2571=IFCPOLYLOOP((#2313,#2307,#2297));
#2572=IFCFACEOUTERBOUND(#2571,.T.);
#2573=IFCFACE((#2572));
#2574=IFCPOLYLOOP((#2309,#2306,#2313));
#2575=IFCFACEOUTERBOUND(#2574,.T.);
#2576=IFCFACE((#2575));
#2577=IFCPOLYLOOP((#2325,#2308,#2298));
#2578=IFCFACEOUTERBOUND(#2577,.T.);
#2579=IFCFACE((#2578));
#2580=IFCPOLYLOOP((#2315,#2316,#2296));
#2581=IFCFACEOUTERBOUND(#2580,.T.);
#2582=IFCFACE((#2581));
#2583=IFCPOLYLOOP((#2311,#2307,#2355,#2319));
#2584=IFCFACEOUTERBOUND(#2583,.T.);
#2585=IFCFACE((#2584));
#2586=IFCPOLYLOOP((#2312,#2321,#2320));
#2587=IFCFACEOUTERBOUND(#2586,.T.);
#2588=IFCFACE((#2587));
#2589=IFCPOLYLOOP((#2304,#2326,#2322));
#2590=IFCFACEOUTERBOUND(#2589,.T.);
#2591=IFCFACE((#2590));
#2592=IFCPOLYLOOP((#2326,#2312,#2322));
#2593=IFCFACEOUTERBOUND(#2592,.T.);
#2594=IFCFACE((#2593));
#2595=IFCPOLYLOOP((#2310,#2314,#2305));
#2596=IFCFACEOUTERBOUND(#2595,.T.);
#2597=IFCFACE((#2596));
#2598=IFCPOLYLOOP((#2325,#2311,#2319));
#2599=IFCFACEOUTERBOUND(#2598,.T.);
#2600=IFCFACE((#2599));
#2601=IFCPOLYLOOP((#2327,#2300,#2348));
#2602=IFCFACEOUTERBOUND(#2601,.T.);
#2603=IFCFACE((#2602));
#2604=IFCPOLYLOOP((#2340,#2302,#2330,#2333));
#2605=IFCFACEOUTERBOUND(#2604,.T.);
#2606=IFCFACE((#2605));
#2607=IFCPOLYLOOP((#2334,#2342,#2344));
#2608=IFCFACEOUTERBOUND(#2607,.T.);
#2609=IFCFACE((#2608));
#2610=IFCPOLYLOOP((#2335,#2302,#2345,#2331));
#2611=IFCFACEOUTERBOUND(#2610,.T.);
#2612=IFCFACE((#2611));
#2613=IFCPOLYLOOP((#2347,#2341,#2373,#2303));
#2614=IFCFACEOUTERBOUND(#2613,.T.);
#2615=IFCFACE((#2614));
#2616=IFCPOLYLOOP((#2338,#2337,#2328));
#2617=IFCFACEOUTERBOUND(#2616,.T.);
#2618=IFCFACE((#2617));
#2619=IFCPOLYLOOP((#2329,#2339,#2338));
#2620=IFCFACEOUTERBOUND(#2619,.T.);
#2621=IFCFACE((#2620));
#2622=IFCPOLYLOOP((#2338,#2339,#2301));
#2623=IFCFACEOUTERBOUND(#2622,.T.);
#2624=IFCFACE((#2623));
#2625=IFCPOLYLOOP((#2300,#2327,#2336));
#2626=IFCFACEOUTERBOUND(#2625,.T.);
#2627=IFCFACE((#2626));
#2628=IFCPOLYLOOP((#2329,#2331,#2339));
#2629=IFCFACEOUTERBOUND(#2628,.T.);
#2630=IFCFACE((#2629));
#2631=IFCPOLYLOOP((#2337,#2332,#2328));
#2632=IFCFACEOUTERBOUND(#2631,.T.);
#2633=IFCFACE((#2632));
#2634=IFCPOLYLOOP((#2308,#2343,#2298));
#2635=IFCFACEOUTERBOUND(#2634,.T.);
#2636=IFCFACE((#2635));
#2637=IFCPOLYLOOP((#2336,#2332,#2346,#2300));
#2638=IFCFACEOUTERBOUND(#2637,.T.);
#2639=IFCFACE((#2638));
#2640=IFCPOLYLOOP((#2308,#2342,#2343));
#2641=IFCFACEOUTERBOUND(#2640,.T.);
#2642=IFCFACE((#2641));
#2643=IFCPOLYLOOP((#2335,#2330,#2302));
#2644=IFCFACEOUTERBOUND(#2643,.T.);
#2645=IFCFACE((#2644));
#2646=IFCPOLYLOOP((#2331,#2329,#2335));
#2647=IFCFACEOUTERBOUND(#2646,.T.);
#2648=IFCFACE((#2647));
#2649=IFCPOLYLOOP((#2347,#2303,#2294));
#2650=IFCFACEOUTERBOUND(#2649,.T.);
#2651=IFCFACE((#2650));
#2652=IFCPOLYLOOP((#2337,#2338,#2301));
#2653=IFCFACEOUTERBOUND(#2652,.T.);
#2654=IFCFACE((#2653));
#2655=IFCPOLYLOOP((#2333,#2330,#2367,#2341));
#2656=IFCFACEOUTERBOUND(#2655,.T.);
#2657=IFCFACE((#2656));
#2658=IFCPOLYLOOP((#2334,#2343,#2342));
#2659=IFCFACEOUTERBOUND(#2658,.T.);
#2660=IFCFACE((#2659));
#2661=IFCPOLYLOOP((#2327,#2348,#2344));
#2662=IFCFACEOUTERBOUND(#2661,.T.);
#2663=IFCFACE((#2662));
#2664=IFCPOLYLOOP((#2348,#2334,#2344));
#2665=IFCFACEOUTERBOUND(#2664,.T.);
#2666=IFCFACE((#2665));
#2667=IFCPOLYLOOP((#2332,#2336,#2328));
#2668=IFCFACEOUTERBOUND(#2667,.T.);
#2669=IFCFACE((#2668));
#2670=IFCPOLYLOOP((#2347,#2333,#2341));
#2671=IFCFACEOUTERBOUND(#2670,.T.);
#2672=IFCFACE((#2671));
#2673=IFCPOLYLOOP((#2307,#2353,#2356,#2354,#2308,#2361,#2319,#2355));
#2674=IFCFACEOUTERBOUND(#2673,.T.);
#2675=IFCFACE((#2674));
#2676=IFCPOLYLOOP((#2306,#2352,#2357,#2353,#2307,#2313));
#2677=IFCFACEOUTERBOUND(#2676,.T.);
#2678=IFCFACE((#2677));
#2679=IFCPOLYLOOP((#2362,#2384,#2359,#2350,#2304,#2322,#2320,#2303,#2349));
#2680=IFCFACEOUTERBOUND(#2679,.T.);
#2681=IFCFACE((#2680));
#2682=IFCPOLYLOOP((#2358,#2352,#2306,#2316,#2305,#2351));
#2683=IFCFACEOUTERBOUND(#2682,.T.);
#2684=IFCFACE((#2683));
#2685=IFCPOLYLOOP((#2304,#2350,#2360,#2351,#2305,#2314));
#2686=IFCFACEOUTERBOUND(#2685,.T.);
#2687=IFCFACE((#2686));
#2688=IFCPOLYLOOP((#2330,#2366,#2368,#2349,#2303,#2373,#2341,#2367));
#2689=IFCFACEOUTERBOUND(#2688,.T.);
#2690=IFCFACE((#2689));
#2691=IFCPOLYLOOP((#2329,#2365,#2369,#2366,#2330,#2335));
#2692=IFCFACEOUTERBOUND(#2691,.T.);
#2693=IFCFACE((#2692));
#2694=IFCPOLYLOOP((#2374,#2400,#2372,#2363,#2327,#2344,#2342,#2308,#2354));
#2695=IFCFACEOUTERBOUND(#2694,.T.);
#2696=IFCFACE((#2695));
#2697=IFCPOLYLOOP((#2370,#2365,#2329,#2338,#2328,#2364));
#2698=IFCFACEOUTERBOUND(#2697,.T.);
#2699=IFCFACE((#2698));
#2700=IFCPOLYLOOP((#2327,#2363,#2371,#2364,#2328,#2336));
#2701=IFCFACEOUTERBOUND(#2700,.T.);
#2702=IFCFACE((#2701));
#2703=IFCPOLYLOOP((#2387,#2382,#2353,#2378));
#2704=IFCFACEOUTERBOUND(#2703,.T.);
#2705=IFCFACE((#2704));
#2706=IFCPOLYLOOP((#2378,#2353,#2357));
#2707=IFCFACEOUTERBOUND(#2706,.T.);
#2708=IFCFACE((#2707));
#2709=IFCPOLYLOOP((#2353,#2382,#2356));
#2710=IFCFACEOUTERBOUND(#2709,.T.);
#2711=IFCFACE((#2710));
#2712=IFCPOLYLOOP((#2360,#2376,#2392,#2380));
#2713=IFCFACEOUTERBOUND(#2712,.T.);
#2714=IFCFACE((#2713));
#2715=IFCPOLYLOOP((#2357,#2381,#2391,#2378));
#2716=IFCFACEOUTERBOUND(#2715,.T.);
#2717=IFCFACE((#2716));
#2718=IFCPOLYLOOP((#2350,#2383,#2389,#2376));
#2719=IFCFACEOUTERBOUND(#2718,.T.);
#2720=IFCFACE((#2719));
#2721=IFCPOLYLOOP((#2388,#2379,#2354));
#2722=IFCFACEOUTERBOUND(#2721,.T.);
#2723=IFCFACE((#2722));
#2724=IFCPOLYLOOP((#2386,#2358,#2377));
#2725=IFCFACEOUTERBOUND(#2724,.T.);
#2726=IFCFACE((#2725));
#2727=IFCPOLYLOOP((#2390,#2349,#2375));
#2728=IFCFACEOUTERBOUND(#2727,.T.);
#2729=IFCFACE((#2728));
#2730=IFCPOLYLOOP((#2381,#2357,#2352));
#2731=IFCFACEOUTERBOUND(#2730,.T.);
#2732=IFCFACE((#2731));
#2733=IFCPOLYLOOP((#2377,#2358,#2385));
#2734=IFCFACEOUTERBOUND(#2733,.T.);
#2735=IFCFACE((#2734));
#2736=IFCPOLYLOOP((#2390,#2384,#2362,#2349));
#2737=IFCFACEOUTERBOUND(#2736,.T.);
#2738=IFCFACE((#2737));
#2739=IFCPOLYLOOP((#2388,#2354,#2356));
#2740=IFCFACEOUTERBOUND(#2739,.T.);
#2741=IFCFACE((#2740));
#2742=IFCPOLYLOOP((#2358,#2386,#2352));
#2743=IFCFACEOUTERBOUND(#2742,.T.);
#2744=IFCFACE((#2743));
#2745=IFCPOLYLOOP((#2358,#2351,#2385));
#2746=IFCFACEOUTERBOUND(#2745,.T.);
#2747=IFCFACE((#2746));
#2748=IFCPOLYLOOP((#2360,#2350,#2376));
#2749=IFCFACEOUTERBOUND(#2748,.T.);
#2750=IFCFACE((#2749));
#2751=IFCPOLYLOOP((#2351,#2380,#2385));
#2752=IFCFACEOUTERBOUND(#2751,.T.);
#2753=IFCFACE((#2752));
#2754=IFCPOLYLOOP((#2380,#2351,#2360));
#2755=IFCFACEOUTERBOUND(#2754,.T.);
#2756=IFCFACE((#2755));
#2757=IFCPOLYLOOP((#2386,#2381,#2352));
#2758=IFCFACEOUTERBOUND(#2757,.T.);
#2759=IFCFACE((#2758));
#2760=IFCPOLYLOOP((#2356,#2382,#2388));
#2761=IFCFACEOUTERBOUND(#2760,.T.);
#2762=IFCFACE((#2761));
#2763=IFCPOLYLOOP((#2383,#2350,#2359,#2384));
#2764=IFCFACEOUTERBOUND(#2763,.T.);
#2765=IFCFACE((#2764));
#2766=IFCPOLYLOOP((#2390,#2383,#2384));
#2767=IFCFACEOUTERBOUND(#2766,.T.);
#2768=IFCFACE((#2767));
#2769=IFCPOLYLOOP((#2403,#2398,#2366,#2395));
#2770=IFCFACEOUTERBOUND(#2769,.T.);
#2771=IFCFACE((#2770));
#2772=IFCPOLYLOOP((#2395,#2366,#2369));
#2773=IFCFACEOUTERBOUND(#2772,.T.);
#2774=IFCFACE((#2773));
#2775=IFCPOLYLOOP((#2366,#2398,#2368));
#2776=IFCFACEOUTERBOUND(#2775,.T.);
#2777=IFCFACE((#2776));
#2778=IFCPOLYLOOP((#2371,#2393,#2408,#2396));
#2779=IFCFACEOUTERBOUND(#2778,.T.);
#2780=IFCFACE((#2779));
#2781=IFCPOLYLOOP((#2369,#2397,#2407,#2395));
#2782=IFCFACEOUTERBOUND(#2781,.T.);
#2783=IFCFACE((#2782));
#2784=IFCPOLYLOOP((#2363,#2399,#2405,#2393));
#2785=IFCFACEOUTERBOUND(#2784,.T.);
#2786=IFCFACE((#2785));
#2787=IFCPOLYLOOP((#2406,#2354,#2379));
#2788=IFCFACEOUTERBOUND(#2787,.T.);
#2789=IFCFACE((#2788));
#2790=IFCPOLYLOOP((#2364,#2396,#2402));
#2791=IFCFACEOUTERBOUND(#2790,.T.);
#2792=IFCFACE((#2791));
#2793=IFCPOLYLOOP((#2364,#2402,#2370));
#2794=IFCFACEOUTERBOUND(#2793,.T.);
#2795=IFCFACE((#2794));
#2796=IFCPOLYLOOP((#2370,#2401,#2365));
#2797=IFCFACEOUTERBOUND(#2796,.T.);
#2798=IFCFACE((#2797));
#2799=IFCPOLYLOOP((#2404,#2375,#2349));
#2800=IFCFACEOUTERBOUND(#2799,.T.);
#2801=IFCFACE((#2800));
#2802=IFCPOLYLOOP((#2397,#2369,#2365));
#2803=IFCFACEOUTERBOUND(#2802,.T.);
#2804=IFCFACE((#2803));
#2805=IFCPOLYLOOP((#2370,#2402,#2394));
#2806=IFCFACEOUTERBOUND(#2805,.T.);
#2807=IFCFACE((#2806));
#2808=IFCPOLYLOOP((#2406,#2400,#2374,#2354));
#2809=IFCFACEOUTERBOUND(#2808,.T.);
#2810=IFCFACE((#2809));
#2811=IFCPOLYLOOP((#2404,#2349,#2368));
#2812=IFCFACEOUTERBOUND(#2811,.T.);
#2813=IFCFACE((#2812));
#2814=IFCPOLYLOOP((#2371,#2363,#2393));
#2815=IFCFACEOUTERBOUND(#2814,.T.);
#2816=IFCFACE((#2815));
#2817=IFCPOLYLOOP((#2401,#2370,#2394));
#2818=IFCFACEOUTERBOUND(#2817,.T.);
#2819=IFCFACE((#2818));
#2820=IFCPOLYLOOP((#2401,#2397,#2365));
#2821=IFCFACEOUTERBOUND(#2820,.T.);
#2822=IFCFACE((#2821));
#2823=IFCPOLYLOOP((#2396,#2364,#2371));
#2824=IFCFACEOUTERBOUND(#2823,.T.);
#2825=IFCFACE((#2824));
#2826=IFCPOLYLOOP((#2368,#2398,#2404));
#2827=IFCFACEOUTERBOUND(#2826,.T.);
#2828=IFCFACE((#2827));
#2829=IFCPOLYLOOP((#2399,#2363,#2372,#2400));
#2830=IFCFACEOUTERBOUND(#2829,.T.);
#2831=IFCFACE((#2830));
#2832=IFCPOLYLOOP((#2406,#2399,#2400));
#2833=IFCFACEOUTERBOUND(#2832,.T.);
#2834=IFCFACE((#2833));
#2835=IFCPOLYLOOP((#2409,#2376,#2389));
#2836=IFCFACEOUTERBOUND(#2835,.T.);
#2837=IFCFACE((#2836));
#2838=IFCPOLYLOOP((#2410,#2376,#2409));
#2839=IFCFACEOUTERBOUND(#2838,.T.);
#2840=IFCFACE((#2839));
#2841=IFCPOLYLOOP((#2409,#2389,#2383));
#2842=IFCFACEOUTERBOUND(#2841,.T.);
#2843=IFCFACE((#2842));
#2844=IFCPOLYLOOP((#2409,#2383,#2390));
#2845=IFCFACEOUTERBOUND(#2844,.T.);
#2846=IFCFACE((#2845));
#2847=IFCPOLYLOOP((#2409,#2390,#2375));
#2848=IFCFACEOUTERBOUND(#2847,.T.);
#2849=IFCFACE((#2848));
#2850=IFCPOLYLOOP((#2409,#2375,#2404));
#2851=IFCFACEOUTERBOUND(#2850,.T.);
#2852=IFCFACE((#2851));
#2853=IFCPOLYLOOP((#2409,#2404,#2398));
#2854=IFCFACEOUTERBOUND(#2853,.T.);
#2855=IFCFACE((#2854));
#2856=IFCPOLYLOOP((#2409,#2398,#2403));
#2857=IFCFACEOUTERBOUND(#2856,.T.);
#2858=IFCFACE((#2857));
#2859=IFCPOLYLOOP((#2409,#2403,#2395));
#2860=IFCFACEOUTERBOUND(#2859,.T.);
#2861=IFCFACE((#2860));
#2862=IFCPOLYLOOP((#2395,#2414,#2409));
#2863=IFCFACEOUTERBOUND(#2862,.T.);
#2864=IFCFACE((#2863));
#2865=IFCPOLYLOOP((#2410,#2392,#2376));
#2866=IFCFACEOUTERBOUND(#2865,.T.);
#2867=IFCFACE((#2866));
#2868=IFCPOLYLOOP((#2410,#2380,#2392));
#2869=IFCFACEOUTERBOUND(#2868,.T.);
#2870=IFCFACE((#2869));
#2871=IFCPOLYLOOP((#2410,#2385,#2380));
#2872=IFCFACEOUTERBOUND(#2871,.T.);
#2873=IFCFACE((#2872));
#2874=IFCPOLYLOOP((#2410,#2377,#2385));
#2875=IFCFACEOUTERBOUND(#2874,.T.);
#2876=IFCFACE((#2875));
#2877=IFCPOLYLOOP((#2411,#2377,#2410));
#2878=IFCFACEOUTERBOUND(#2877,.T.);
#2879=IFCFACE((#2878));
#2880=IFCPOLYLOOP((#2411,#2386,#2377));
#2881=IFCFACEOUTERBOUND(#2880,.T.);
#2882=IFCFACE((#2881));
#2883=IFCPOLYLOOP((#2411,#2381,#2386));
#2884=IFCFACEOUTERBOUND(#2883,.T.);
#2885=IFCFACE((#2884));
#2886=IFCPOLYLOOP((#2411,#2391,#2381));
#2887=IFCFACEOUTERBOUND(#2886,.T.);
#2888=IFCFACE((#2887));
#2889=IFCPOLYLOOP((#2411,#2378,#2391));
#2890=IFCFACEOUTERBOUND(#2889,.T.);
#2891=IFCFACE((#2890));
#2892=IFCPOLYLOOP((#2378,#2411,#2412));
#2893=IFCFACEOUTERBOUND(#2892,.T.);
#2894=IFCFACE((#2893));
#2895=IFCPOLYLOOP((#2412,#2387,#2378));
#2896=IFCFACEOUTERBOUND(#2895,.T.);
#2897=IFCFACE((#2896));
#2898=IFCPOLYLOOP((#2412,#2382,#2387));
#2899=IFCFACEOUTERBOUND(#2898,.T.);
#2900=IFCFACE((#2899));
#2901=IFCPOLYLOOP((#2412,#2388,#2382));
#2902=IFCFACEOUTERBOUND(#2901,.T.);
#2903=IFCFACE((#2902));
#2904=IFCPOLYLOOP((#2412,#2379,#2388));
#2905=IFCFACEOUTERBOUND(#2904,.T.);
#2906=IFCFACE((#2905));
#2907=IFCPOLYLOOP((#2412,#2406,#2379));
#2908=IFCFACEOUTERBOUND(#2907,.T.);
#2909=IFCFACE((#2908));
#2910=IFCPOLYLOOP((#2412,#2399,#2406));
#2911=IFCFACEOUTERBOUND(#2910,.T.);
#2912=IFCFACE((#2911));
#2913=IFCPOLYLOOP((#2412,#2405,#2399));
#2914=IFCFACEOUTERBOUND(#2913,.T.);
#2915=IFCFACE((#2914));
#2916=IFCPOLYLOOP((#2412,#2393,#2405));
#2917=IFCFACEOUTERBOUND(#2916,.T.);
#2918=IFCFACE((#2917));
#2919=IFCPOLYLOOP((#2393,#2412,#2413));
#2920=IFCFACEOUTERBOUND(#2919,.T.);
#2921=IFCFACE((#2920));
#2922=IFCPOLYLOOP((#2394,#2413,#2414));
#2923=IFCFACEOUTERBOUND(#2922,.T.);
#2924=IFCFACE((#2923));
#2925=IFCPOLYLOOP((#2413,#2394,#2402));
#2926=IFCFACEOUTERBOUND(#2925,.T.);
#2927=IFCFACE((#2926));
#2928=IFCPOLYLOOP((#2413,#2402,#2396));
#2929=IFCFACEOUTERBOUND(#2928,.T.);
#2930=IFCFACE((#2929));
#2931=IFCPOLYLOOP((#2413,#2396,#2408));
#2932=IFCFACEOUTERBOUND(#2931,.T.);
#2933=IFCFACE((#2932));
#2934=IFCPOLYLOOP((#2413,#2408,#2393));
#2935=IFCFACEOUTERBOUND(#2934,.T.);
#2936=IFCFACE((#2935));
#2937=IFCPOLYLOOP((#2414,#2395,#2407));
#2938=IFCFACEOUTERBOUND(#2937,.T.);
#2939=IFCFACE((#2938));
#2940=IFCPOLYLOOP((#2414,#2407,#2397));
#2941=IFCFACEOUTERBOUND(#2940,.T.);
#2942=IFCFACE((#2941));
#2943=IFCPOLYLOOP((#2414,#2397,#2401));
#2944=IFCFACEOUTERBOUND(#2943,.T.);
#2945=IFCFACE((#2944));
#2946=IFCPOLYLOOP((#2414,#2401,#2394));
#2947=IFCFACEOUTERBOUND(#2946,.T.);
#2948=IFCFACE((#2947));
#2949=IFCPOLYLOOP((#2412,#2411,#2289,#2288));
#2950=IFCFACEOUTERBOUND(#2949,.T.);
#2951=IFCFACE((#2950));
#2952=IFCPOLYLOOP((#2411,#2410,#2290,#2289));
#2953=IFCFACEOUTERBOUND(#2952,.T.);
#2954=IFCFACE((#2953));
#2955=IFCPOLYLOOP((#2410,#2409,#2291,#2290));
#2956=IFCFACEOUTERBOUND(#2955,.T.);
#2957=IFCFACE((#2956));
#2958=IFCPOLYLOOP((#2409,#2414,#2292,#2291));
#2959=IFCFACEOUTERBOUND(#2958,.T.);
#2960=IFCFACE((#2959));
#2961=IFCPOLYLOOP((#2414,#2413,#2293,#2292));
#2962=IFCFACEOUTERBOUND(#2961,.T.);
#2963=IFCFACE((#2962));
#2964=IFCPOLYLOOP((#2413,#2412,#2288,#2293));
#2965=IFCFACEOUTERBOUND(#2964,.T.);
#2966=IFCFACE((#2965));
#2967=IFCCARTESIANPOINT((740.,165.,914.39999999999714));
#2968=IFCCARTESIANPOINT((738.97777478866692,165.,906.63542864692158));
#2969=IFCCARTESIANPOINT((735.98076211352804,165.,899.39999999999725));
#2970=IFCCARTESIANPOINT((731.21320343559125,165.,893.18679656440077));
#2971=IFCCARTESIANPOINT((725.,165.,888.41923788646386));
#2972=IFCCARTESIANPOINT((717.76457135307055,165.,885.4222252113251));
#2973=IFCCARTESIANPOINT((710.,165.,884.39999999999714));
#2974=IFCCARTESIANPOINT((702.23542864691933,165.,885.42222521132499));
#2975=IFCCARTESIANPOINT((695.,165.,888.41923788646375));
#2976=IFCCARTESIANPOINT((688.7867965643984,165.,893.18679656440042));
#2977=IFCCARTESIANPOINT((684.01923788646184,165.,899.39999999999691));
#2978=IFCCARTESIANPOINT((681.02222521132285,165.,906.63542864692135));
#2979=IFCCARTESIANPOINT((680.,165.,914.39999999999702));
#2980=IFCCARTESIANPOINT((681.02222521132285,165.,922.16457135307269));
#2981=IFCCARTESIANPOINT((684.01923788646161,165.,929.39999999999702));
#2982=IFCCARTESIANPOINT((688.78679656439829,165.,935.6132034355935));
#2983=IFCCARTESIANPOINT((695.,165.,940.38076211353018));
#2984=IFCCARTESIANPOINT((702.23542864691922,165.,943.37777478866917));
#2985=IFCCARTESIANPOINT((710.,165.,944.39999999999702));
#2986=IFCCARTESIANPOINT((717.76457135307044,165.,943.37777478866917));
#2987=IFCCARTESIANPOINT((725.,165.,940.38076211353018));
#2988=IFCCARTESIANPOINT((731.21320343559125,165.,935.6132034355935));
#2989=IFCCARTESIANPOINT((735.98076211352793,165.,929.39999999999714));
#2990=IFCCARTESIANPOINT((738.97777478866692,165.,922.1645713530728));
#2991=IFCCARTESIANPOINT((740.,159.,914.39999999999714));
#2992=IFCCARTESIANPOINT((738.97777478866692,159.,922.1645713530728));
#2993=IFCCARTESIANPOINT((735.98076211352793,159.,929.39999999999714));
#2994=IFCCARTESIANPOINT((731.21320343559125,159.,935.6132034355935));
#2995=IFCCARTESIANPOINT((725.,159.,940.38076211353018));
#2996=IFCCARTESIANPOINT((717.76457135307044,159.,943.37777478866917));
#2997=IFCCARTESIANPOINT((710.,159.,944.39999999999702));
#2998=IFCCARTESIANPOINT((702.23542864691922,159.,943.37777478866917));
#2999=IFCCARTESIANPOINT((695.,159.,940.38076211353018));
#3000=IFCCARTESIANPOINT((688.78679656439829,159.,935.6132034355935));
#3001=IFCCARTESIANPOINT((684.01923788646161,159.,929.39999999999702));
#3002=IFCCARTESIANPOINT((681.02222521132285,159.,922.16457135307269));
#3003=IFCCARTESIANPOINT((680.,159.,914.39999999999691));
#3004=IFCCARTESIANPOINT((681.02222521132285,159.,906.63542864692135));
#3005=IFCCARTESIANPOINT((684.01923788646184,159.,899.39999999999691));
#3006=IFCCARTESIANPOINT((688.7867965643984,159.,893.18679656440042));
#3007=IFCCARTESIANPOINT((695.,159.,888.41923788646375));
#3008=IFCCARTESIANPOINT((702.23542864691933,159.,885.42222521132499));
#3009=IFCCARTESIANPOINT((710.,159.,884.39999999999714));
#3010=IFCCARTESIANPOINT((717.76457135307055,159.,885.4222252113251));
#3011=IFCCARTESIANPOINT((725.,159.,888.41923788646386));
#3012=IFCCARTESIANPOINT((731.21320343559125,159.,893.18679656440077));
#3013=IFCCARTESIANPOINT((735.98076211352804,159.,899.39999999999725));
#3014=IFCCARTESIANPOINT((738.97777478866692,159.,906.63542864692158));
#3015=IFCPOLYLOOP((#2978,#2979,#2980,#2981,#2982,#2983,#2984,#2985,#2986,#2987,#2988,#2989,#2990,#2967,#2968,#2969,#2970,#2971,#2972,#2973,#2974,#2975,#2976,#2977));
#3016=IFCFACEOUTERBOUND(#3015,.T.);
#3017=IFCFACE((#3016));
#3018=IFCPOLYLOOP((#3000,#3001,#3002,#3003,#3004,#3005,#3006,#3007,#3008,#3009,#3010,#3011,#3012,#3013,#3014,#2991,#2992,#2993,#2994,#2995,#2996,#2997,#2998,#2999));
#3019=IFCFACEOUTERBOUND(#3018,.T.);
#3020=IFCFACE((#3019));
#3021=IFCPOLYLOOP((#3014,#2968,#2967,#2991));
#3022=IFCFACEOUTERBOUND(#3021,.T.);
#3023=IFCFACE((#3022));
#3024=IFCPOLYLOOP((#3013,#2969,#2968,#3014));
#3025=IFCFACEOUTERBOUND(#3024,.T.);
#3026=IFCFACE((#3025));
#3027=IFCPOLYLOOP((#2971,#2970,#3012,#3011));
#3028=IFCFACEOUTERBOUND(#3027,.T.);
#3029=IFCFACE((#3028));
#3030=IFCPOLYLOOP((#3013,#3012,#2970,#2969));
#3031=IFCFACEOUTERBOUND(#3030,.T.);
#3032=IFCFACE((#3031));
#3033=IFCPOLYLOOP((#2972,#2971,#3011,#3010));
#3034=IFCFACEOUTERBOUND(#3033,.T.);
#3035=IFCFACE((#3034));
#3036=IFCPOLYLOOP((#2973,#2972,#3010,#3009));
#3037=IFCFACEOUTERBOUND(#3036,.T.);
#3038=IFCFACE((#3037));
#3039=IFCPOLYLOOP((#3008,#2974,#2973,#3009));
#3040=IFCFACEOUTERBOUND(#3039,.T.);
#3041=IFCFACE((#3040));
#3042=IFCPOLYLOOP((#3007,#2975,#2974,#3008));
#3043=IFCFACEOUTERBOUND(#3042,.T.);
#3044=IFCFACE((#3043));
#3045=IFCPOLYLOOP((#2977,#2976,#3006,#3005));
#3046=IFCFACEOUTERBOUND(#3045,.T.);
#3047=IFCFACE((#3046));
#3048=IFCPOLYLOOP((#3007,#3006,#2976,#2975));
#3049=IFCFACEOUTERBOUND(#3048,.T.);
#3050=IFCFACE((#3049));
#3051=IFCPOLYLOOP((#2978,#2977,#3005,#3004));
#3052=IFCFACEOUTERBOUND(#3051,.T.);
#3053=IFCFACE((#3052));
#3054=IFCPOLYLOOP((#2979,#2978,#3004,#3003));
#3055=IFCFACEOUTERBOUND(#3054,.T.);
#3056=IFCFACE((#3055));
#3057=IFCPOLYLOOP((#3002,#2980,#2979,#3003));
#3058=IFCFACEOUTERBOUND(#3057,.T.);
#3059=IFCFACE((#3058));
#3060=IFCPOLYLOOP((#3001,#2981,#2980,#3002));
#3061=IFCFACEOUTERBOUND(#3060,.T.);
#3062=IFCFACE((#3061));
#3063=IFCPOLYLOOP((#2983,#2982,#3000,#2999));
#3064=IFCFACEOUTERBOUND(#3063,.T.);
#3065=IFCFACE((#3064));
#3066=IFCPOLYLOOP((#3001,#3000,#2982,#2981));
#3067=IFCFACEOUTERBOUND(#3066,.T.);
#3068=IFCFACE((#3067));
#3069=IFCPOLYLOOP((#2984,#2983,#2999,#2998));
#3070=IFCFACEOUTERBOUND(#3069,.T.);
#3071=IFCFACE((#3070));
#3072=IFCPOLYLOOP((#2985,#2984,#2998,#2997));
#3073=IFCFACEOUTERBOUND(#3072,.T.);
#3074=IFCFACE((#3073));
#3075=IFCPOLYLOOP((#2996,#2986,#2985,#2997));
#3076=IFCFACEOUTERBOUND(#3075,.T.);
#3077=IFCFACE((#3076));
#3078=IFCPOLYLOOP((#2995,#2987,#2986,#2996));
#3079=IFCFACEOUTERBOUND(#3078,.T.);
#3080=IFCFACE((#3079));
#3081=IFCPOLYLOOP((#2989,#2988,#2994,#2993));
#3082=IFCFACEOUTERBOUND(#3081,.T.);
#3083=IFCFACE((#3082));
#3084=IFCPOLYLOOP((#2995,#2994,#2988,#2987));
#3085=IFCFACEOUTERBOUND(#3084,.T.);
#3086=IFCFACE((#3085));
#3087=IFCPOLYLOOP((#2990,#2989,#2993,#2992));
#3088=IFCFACEOUTERBOUND(#3087,.T.);
#3089=IFCFACE((#3088));
#3090=IFCPOLYLOOP((#2967,#2990,#2992,#2991));
#3091=IFCFACEOUTERBOUND(#3090,.T.);
#3092=IFCFACE((#3091));
#3093=IFCCARTESIANPOINT((895.,179.,1559.5250000000037));
#3094=IFCCARTESIANPOINT((895.,179.,1540.475000000004));
#3095=IFCCARTESIANPOINT((895.,172.65000000000074,1540.475000000004));
#3096=IFCCARTESIANPOINT((895.,169.47500000000076,1543.650000000004));
#3097=IFCCARTESIANPOINT((895.,169.47500000000088,1556.3500000000038));
#3098=IFCCARTESIANPOINT((895.,172.65000000000089,1559.525000000004));
#3099=IFCPOLYLOOP((#3093,#3094,#3095,#3096,#3097,#3098));
#3100=IFCFACEOUTERBOUND(#3099,.T.);
#3101=IFCFACE((#3100));
#3102=IFCCARTESIANPOINT((1405.,179.,1559.525000000004));
#3103=IFCCARTESIANPOINT((1405.,172.65000000000092,1559.525000000004));
#3104=IFCCARTESIANPOINT((1405.,169.47500000000088,1556.3500000000038));
#3105=IFCCARTESIANPOINT((1405.,169.47500000000073,1543.650000000004));
#3106=IFCCARTESIANPOINT((1405.,172.65000000000074,1540.475000000004));
#3107=IFCCARTESIANPOINT((1405.,179.,1540.4750000000035));
#3108=IFCPOLYLOOP((#3102,#3103,#3104,#3105,#3106,#3107));
#3109=IFCFACEOUTERBOUND(#3108,.T.);
#3110=IFCFACE((#3109));
#3111=IFCPOLYLOOP((#3094,#3093,#3102,#3107));
#3112=IFCFACEOUTERBOUND(#3111,.T.);
#3113=IFCFACE((#3112));
#3114=IFCPOLYLOOP((#3095,#3094,#3107,#3106));
#3115=IFCFACEOUTERBOUND(#3114,.T.);
#3116=IFCFACE((#3115));
#3117=IFCPOLYLOOP((#3096,#3095,#3106,#3105));
#3118=IFCFACEOUTERBOUND(#3117,.T.);
#3119=IFCFACE((#3118));
#3120=IFCPOLYLOOP((#3097,#3096,#3105,#3104));
#3121=IFCFACEOUTERBOUND(#3120,.T.);
#3122=IFCFACE((#3121));
#3123=IFCPOLYLOOP((#3098,#3097,#3104,#3103));
#3124=IFCFACEOUTERBOUND(#3123,.T.);
#3125=IFCFACE((#3124));
#3126=IFCPOLYLOOP((#3093,#3098,#3103,#3102));
#3127=IFCFACEOUTERBOUND(#3126,.T.);
#3128=IFCFACE((#3127));
#3129=IFCCARTESIANPOINT((895.,179.,1229.5250000000053));
#3130=IFCCARTESIANPOINT((895.,179.,1210.4750000000054));
#3131=IFCCARTESIANPOINT((895.,172.65000000000074,1210.4750000000054));
#3132=IFCCARTESIANPOINT((895.,169.47500000000076,1213.6500000000053));
#3133=IFCCARTESIANPOINT((895.,169.47500000000088,1226.3500000000051));
#3134=IFCCARTESIANPOINT((895.,172.65000000000089,1229.5250000000053));
#3135=IFCPOLYLOOP((#3129,#3130,#3131,#3132,#3133,#3134));
#3136=IFCFACEOUTERBOUND(#3135,.T.);
#3137=IFCFACE((#3136));
#3138=IFCCARTESIANPOINT((1405.,179.,1229.5250000000053));
#3139=IFCCARTESIANPOINT((1405.,172.65000000000092,1229.5250000000053));
#3140=IFCCARTESIANPOINT((1405.,169.47500000000088,1226.3500000000051));
#3141=IFCCARTESIANPOINT((1405.,169.47500000000079,1213.6500000000053));
#3142=IFCCARTESIANPOINT((1405.,172.65000000000074,1210.4750000000054));
#3143=IFCCARTESIANPOINT((1405.,179.,1210.4750000000054));
#3144=IFCPOLYLOOP((#3138,#3139,#3140,#3141,#3142,#3143));
#3145=IFCFACEOUTERBOUND(#3144,.T.);
#3146=IFCFACE((#3145));
#3147=IFCPOLYLOOP((#3130,#3129,#3138,#3143));
#3148=IFCFACEOUTERBOUND(#3147,.T.);
#3149=IFCFACE((#3148));
#3150=IFCPOLYLOOP((#3131,#3130,#3143,#3142));
#3151=IFCFACEOUTERBOUND(#3150,.T.);
#3152=IFCFACE((#3151));
#3153=IFCPOLYLOOP((#3132,#3131,#3142,#3141));
#3154=IFCFACEOUTERBOUND(#3153,.T.);
#3155=IFCFACE((#3154));
#3156=IFCPOLYLOOP((#3133,#3132,#3141,#3140));
#3157=IFCFACEOUTERBOUND(#3156,.T.);
#3158=IFCFACE((#3157));
#3159=IFCPOLYLOOP((#3134,#3133,#3140,#3139));
#3160=IFCFACEOUTERBOUND(#3159,.T.);
#3161=IFCFACE((#3160));
#3162=IFCPOLYLOOP((#3129,#3134,#3139,#3138));
#3163=IFCFACEOUTERBOUND(#3162,.T.);
#3164=IFCFACE((#3163));
#3165=IFCCARTESIANPOINT((895.,179.,899.52500000000771));
#3166=IFCCARTESIANPOINT((895.,179.,880.47500000000775));
#3167=IFCCARTESIANPOINT((895.,172.65000000000074,880.47500000000775));
#3168=IFCCARTESIANPOINT((895.,169.47500000000076,883.65000000000771));
#3169=IFCCARTESIANPOINT((895.,169.47500000000088,896.35000000000775));
#3170=IFCCARTESIANPOINT((895.,172.65000000000089,899.52500000000771));
#3171=IFCPOLYLOOP((#3165,#3166,#3167,#3168,#3169,#3170));
#3172=IFCFACEOUTERBOUND(#3171,.T.);
#3173=IFCFACE((#3172));
#3174=IFCCARTESIANPOINT((1405.,179.,899.52500000000771));
#3175=IFCCARTESIANPOINT((1405.,172.65000000000086,899.52500000000771));
#3176=IFCCARTESIANPOINT((1405.,169.47500000000088,896.35000000000775));
#3177=IFCCARTESIANPOINT((1405.,169.47500000000079,883.65000000000771));
#3178=IFCCARTESIANPOINT((1405.,172.65000000000074,880.47500000000775));
#3179=IFCCARTESIANPOINT((1405.,179.,880.47500000000775));
#3180=IFCPOLYLOOP((#3174,#3175,#3176,#3177,#3178,#3179));
#3181=IFCFACEOUTERBOUND(#3180,.T.);
#3182=IFCFACE((#3181));
#3183=IFCPOLYLOOP((#3166,#3165,#3174,#3179));
#3184=IFCFACEOUTERBOUND(#3183,.T.);
#3185=IFCFACE((#3184));
#3186=IFCPOLYLOOP((#3167,#3166,#3179,#3178));
#3187=IFCFACEOUTERBOUND(#3186,.T.);
#3188=IFCFACE((#3187));
#3189=IFCPOLYLOOP((#3168,#3167,#3178,#3177));
#3190=IFCFACEOUTERBOUND(#3189,.T.);
#3191=IFCFACE((#3190));
#3192=IFCPOLYLOOP((#3169,#3168,#3177,#3176));
#3193=IFCFACEOUTERBOUND(#3192,.T.);
#3194=IFCFACE((#3193));
#3195=IFCPOLYLOOP((#3170,#3169,#3176,#3175));
#3196=IFCFACEOUTERBOUND(#3195,.T.);
#3197=IFCFACE((#3196));
#3198=IFCPOLYLOOP((#3165,#3170,#3175,#3174));
#3199=IFCFACEOUTERBOUND(#3198,.T.);
#3200=IFCFACE((#3199));
#3201=IFCCARTESIANPOINT((895.,179.,569.52500000000578));
#3202=IFCCARTESIANPOINT((895.,179.,550.47500000000582));
#3203=IFCCARTESIANPOINT((895.,172.65000000000074,550.47500000000571));
#3204=IFCCARTESIANPOINT((895.,169.47500000000076,553.65000000000578));
#3205=IFCCARTESIANPOINT((895.,169.47500000000088,566.35000000000582));
#3206=IFCCARTESIANPOINT((895.,172.65000000000089,569.52500000000578));
#3207=IFCPOLYLOOP((#3201,#3202,#3203,#3204,#3205,#3206));
#3208=IFCFACEOUTERBOUND(#3207,.T.);
#3209=IFCFACE((#3208));
#3210=IFCCARTESIANPOINT((1405.,179.,569.52500000000578));
#3211=IFCCARTESIANPOINT((1405.,172.65000000000086,569.52500000000578));
#3212=IFCCARTESIANPOINT((1405.,169.47500000000088,566.35000000000582));
#3213=IFCCARTESIANPOINT((1405.,169.47500000000076,553.65000000000578));
#3214=IFCCARTESIANPOINT((1405.,172.65000000000074,550.47500000000582));
#3215=IFCCARTESIANPOINT((1405.,179.,550.47500000000582));
#3216=IFCPOLYLOOP((#3210,#3211,#3212,#3213,#3214,#3215));
#3217=IFCFACEOUTERBOUND(#3216,.T.);
#3218=IFCFACE((#3217));
#3219=IFCPOLYLOOP((#3202,#3201,#3210,#3215));
#3220=IFCFACEOUTERBOUND(#3219,.T.);
#3221=IFCFACE((#3220));
#3222=IFCPOLYLOOP((#3203,#3202,#3215,#3214));
#3223=IFCFACEOUTERBOUND(#3222,.T.);
#3224=IFCFACE((#3223));
#3225=IFCPOLYLOOP((#3204,#3203,#3214,#3213));
#3226=IFCFACEOUTERBOUND(#3225,.T.);
#3227=IFCFACE((#3226));
#3228=IFCPOLYLOOP((#3205,#3204,#3213,#3212));
#3229=IFCFACEOUTERBOUND(#3228,.T.);
#3230=IFCFACE((#3229));
#3231=IFCPOLYLOOP((#3206,#3205,#3212,#3211));
#3232=IFCFACEOUTERBOUND(#3231,.T.);
#3233=IFCFACE((#3232));
#3234=IFCPOLYLOOP((#3201,#3206,#3211,#3210));
#3235=IFCFACEOUTERBOUND(#3234,.T.);
#3236=IFCFACE((#3235));
#3237=IFCCARTESIANPOINT((1225.4750000000033,179.,230.));
#3238=IFCCARTESIANPOINT((1244.5250000000033,179.,230.));
#3239=IFCCARTESIANPOINT((1244.5250000000033,172.65000000000074,230.));
#3240=IFCCARTESIANPOINT((1241.3500000000031,169.47500000000076,230.));
#3241=IFCCARTESIANPOINT((1228.6500000000033,169.47500000000088,230.));
#3242=IFCCARTESIANPOINT((1225.4750000000033,172.65000000000089,230.));
#3243=IFCPOLYLOOP((#3237,#3238,#3239,#3240,#3241,#3242));
#3244=IFCFACEOUTERBOUND(#3243,.T.);
#3245=IFCFACE((#3244));
#3246=IFCCARTESIANPOINT((1225.4750000000033,179.,1880.));
#3247=IFCCARTESIANPOINT((1225.4750000000033,172.65000000000089,1880.));
#3248=IFCCARTESIANPOINT((1228.6500000000033,169.47500000000088,1880.));
#3249=IFCCARTESIANPOINT((1241.3500000000031,169.47500000000076,1880.));
#3250=IFCCARTESIANPOINT((1244.5250000000033,172.65000000000074,1880.));
#3251=IFCCARTESIANPOINT((1244.5250000000033,179.,1880.));
#3252=IFCPOLYLOOP((#3246,#3247,#3248,#3249,#3250,#3251));
#3253=IFCFACEOUTERBOUND(#3252,.T.);
#3254=IFCFACE((#3253));
#3255=IFCPOLYLOOP((#3238,#3237,#3246,#3251));
#3256=IFCFACEOUTERBOUND(#3255,.T.);
#3257=IFCFACE((#3256));
#3258=IFCPOLYLOOP((#3239,#3238,#3251,#3250));
#3259=IFCFACEOUTERBOUND(#3258,.T.);
#3260=IFCFACE((#3259));
#3261=IFCPOLYLOOP((#3240,#3239,#3250,#3249));
#3262=IFCFACEOUTERBOUND(#3261,.T.);
#3263=IFCFACE((#3262));
#3264=IFCPOLYLOOP((#3241,#3240,#3249,#3248));
#3265=IFCFACEOUTERBOUND(#3264,.T.);
#3266=IFCFACE((#3265));
#3267=IFCPOLYLOOP((#3242,#3241,#3248,#3247));
#3268=IFCFACEOUTERBOUND(#3267,.T.);
#3269=IFCFACE((#3268));
#3270=IFCPOLYLOOP((#3237,#3242,#3247,#3246));
#3271=IFCFACEOUTERBOUND(#3270,.T.);
#3272=IFCFACE((#3271));
#3273=IFCCARTESIANPOINT((1055.4750000000033,179.,230.));
#3274=IFCCARTESIANPOINT((1074.5250000000033,179.,230.));
#3275=IFCCARTESIANPOINT((1074.525000000003,172.65000000000074,230.));
#3276=IFCCARTESIANPOINT((1071.3500000000031,169.47500000000076,230.));
#3277=IFCCARTESIANPOINT((1058.6500000000033,169.47500000000088,230.));
#3278=IFCCARTESIANPOINT((1055.4750000000031,172.65000000000089,230.));
#3279=IFCPOLYLOOP((#3273,#3274,#3275,#3276,#3277,#3278));
#3280=IFCFACEOUTERBOUND(#3279,.T.);
#3281=IFCFACE((#3280));
#3282=IFCCARTESIANPOINT((1055.4750000000033,179.,1880.));
#3283=IFCCARTESIANPOINT((1055.4750000000031,172.65000000000089,1880.));
#3284=IFCCARTESIANPOINT((1058.6500000000033,169.47500000000088,1880.));
#3285=IFCCARTESIANPOINT((1071.3500000000031,169.47500000000076,1880.));
#3286=IFCCARTESIANPOINT((1074.525000000003,172.65000000000074,1880.));
#3287=IFCCARTESIANPOINT((1074.5250000000033,179.,1880.));
#3288=IFCPOLYLOOP((#3282,#3283,#3284,#3285,#3286,#3287));
#3289=IFCFACEOUTERBOUND(#3288,.T.);
#3290=IFCFACE((#3289));
#3291=IFCPOLYLOOP((#3274,#3273,#3282,#3287));
#3292=IFCFACEOUTERBOUND(#3291,.T.);
#3293=IFCFACE((#3292));
#3294=IFCPOLYLOOP((#3275,#3274,#3287,#3286));
#3295=IFCFACEOUTERBOUND(#3294,.T.);
#3296=IFCFACE((#3295));
#3297=IFCPOLYLOOP((#3276,#3275,#3286,#3285));
#3298=IFCFACEOUTERBOUND(#3297,.T.);
#3299=IFCFACE((#3298));
#3300=IFCPOLYLOOP((#3277,#3276,#3285,#3284));
#3301=IFCFACEOUTERBOUND(#3300,.T.);
#3302=IFCFACE((#3301));
#3303=IFCPOLYLOOP((#3278,#3277,#3284,#3283));
#3304=IFCFACEOUTERBOUND(#3303,.T.);
#3305=IFCFACE((#3304));
#3306=IFCPOLYLOOP((#3273,#3278,#3283,#3282));
#3307=IFCFACEOUTERBOUND(#3306,.T.);
#3308=IFCFACE((#3307));
#3309=IFCCARTESIANPOINT((145.,186.,1559.5250000000037));
#3310=IFCCARTESIANPOINT((145.,192.35000000000397,1559.5250000000037));
#3311=IFCCARTESIANPOINT((145.,195.52500000000407,1556.3500000000035));
#3312=IFCCARTESIANPOINT((145.,195.52500000000421,1543.6500000000037));
#3313=IFCCARTESIANPOINT((145.,192.3500000000042,1540.4750000000035));
#3314=IFCCARTESIANPOINT((145.,186.,1540.4750000000033));
#3315=IFCPOLYLOOP((#3309,#3310,#3311,#3312,#3313,#3314));
#3316=IFCFACEOUTERBOUND(#3315,.T.);
#3317=IFCFACE((#3316));
#3318=IFCCARTESIANPOINT((655.,186.,1559.5250000000033));
#3319=IFCCARTESIANPOINT((655.,186.,1540.4750000000035));
#3320=IFCCARTESIANPOINT((655.,192.35000000000088,1540.4750000000035));
#3321=IFCCARTESIANPOINT((655.,195.52500000000083,1543.6500000000037));
#3322=IFCCARTESIANPOINT((655.,195.52500000000077,1556.3500000000035));
#3323=IFCCARTESIANPOINT((655.,192.35000000000073,1559.5250000000037));
#3324=IFCPOLYLOOP((#3318,#3319,#3320,#3321,#3322,#3323));
#3325=IFCFACEOUTERBOUND(#3324,.T.);
#3326=IFCFACE((#3325));
#3327=IFCPOLYLOOP((#3314,#3319,#3318,#3309));
#3328=IFCFACEOUTERBOUND(#3327,.T.);
#3329=IFCFACE((#3328));
#3330=IFCPOLYLOOP((#3313,#3320,#3319,#3314));
#3331=IFCFACEOUTERBOUND(#3330,.T.);
#3332=IFCFACE((#3331));
#3333=IFCPOLYLOOP((#3312,#3321,#3320,#3313));
#3334=IFCFACEOUTERBOUND(#3333,.T.);
#3335=IFCFACE((#3334));
#3336=IFCPOLYLOOP((#3311,#3322,#3321,#3312));
#3337=IFCFACEOUTERBOUND(#3336,.T.);
#3338=IFCFACE((#3337));
#3339=IFCPOLYLOOP((#3310,#3323,#3322,#3311));
#3340=IFCFACEOUTERBOUND(#3339,.T.);
#3341=IFCFACE((#3340));
#3342=IFCPOLYLOOP((#3309,#3318,#3323,#3310));
#3343=IFCFACEOUTERBOUND(#3342,.T.);
#3344=IFCFACE((#3343));
#3345=IFCCARTESIANPOINT((145.,186.,1229.5250000000051));
#3346=IFCCARTESIANPOINT((145.,192.35000000000397,1229.5250000000051));
#3347=IFCCARTESIANPOINT((145.,195.52500000000407,1226.3500000000049));
#3348=IFCCARTESIANPOINT((145.,195.52500000000416,1213.6500000000049));
#3349=IFCCARTESIANPOINT((145.,192.3500000000042,1210.4750000000049));
#3350=IFCCARTESIANPOINT((145.,186.,1210.4750000000049));
#3351=IFCPOLYLOOP((#3345,#3346,#3347,#3348,#3349,#3350));
#3352=IFCFACEOUTERBOUND(#3351,.T.);
#3353=IFCFACE((#3352));
#3354=IFCCARTESIANPOINT((655.,186.,1229.5250000000051));
#3355=IFCCARTESIANPOINT((655.,186.,1210.4750000000049));
#3356=IFCCARTESIANPOINT((655.,192.35000000000088,1210.4750000000049));
#3357=IFCCARTESIANPOINT((655.,195.52500000000083,1213.6500000000049));
#3358=IFCCARTESIANPOINT((655.,195.52500000000077,1226.3500000000049));
#3359=IFCCARTESIANPOINT((655.,192.35000000000073,1229.5250000000051));
#3360=IFCPOLYLOOP((#3354,#3355,#3356,#3357,#3358,#3359));
#3361=IFCFACEOUTERBOUND(#3360,.T.);
#3362=IFCFACE((#3361));
#3363=IFCPOLYLOOP((#3350,#3355,#3354,#3345));
#3364=IFCFACEOUTERBOUND(#3363,.T.);
#3365=IFCFACE((#3364));
#3366=IFCPOLYLOOP((#3349,#3356,#3355,#3350));
#3367=IFCFACEOUTERBOUND(#3366,.T.);
#3368=IFCFACE((#3367));
#3369=IFCPOLYLOOP((#3348,#3357,#3356,#3349));
#3370=IFCFACEOUTERBOUND(#3369,.T.);
#3371=IFCFACE((#3370));
#3372=IFCPOLYLOOP((#3347,#3358,#3357,#3348));
#3373=IFCFACEOUTERBOUND(#3372,.T.);
#3374=IFCFACE((#3373));
#3375=IFCPOLYLOOP((#3346,#3359,#3358,#3347));
#3376=IFCFACEOUTERBOUND(#3375,.T.);
#3377=IFCFACE((#3376));
#3378=IFCPOLYLOOP((#3345,#3354,#3359,#3346));
#3379=IFCFACEOUTERBOUND(#3378,.T.);
#3380=IFCFACE((#3379));
#3381=IFCCARTESIANPOINT((145.,186.,899.52500000000737));
#3382=IFCCARTESIANPOINT((145.,192.35000000000406,899.52500000000737));
#3383=IFCCARTESIANPOINT((145.,195.52500000000407,896.35000000000741));
#3384=IFCCARTESIANPOINT((145.,195.52500000000416,883.65000000000725));
#3385=IFCCARTESIANPOINT((145.,192.3500000000042,880.4750000000073));
#3386=IFCCARTESIANPOINT((145.,186.,880.4750000000073));
#3387=IFCPOLYLOOP((#3381,#3382,#3383,#3384,#3385,#3386));
#3388=IFCFACEOUTERBOUND(#3387,.T.);
#3389=IFCFACE((#3388));
#3390=IFCCARTESIANPOINT((655.,186.,899.52500000000737));
#3391=IFCCARTESIANPOINT((655.,186.,880.4750000000073));
#3392=IFCCARTESIANPOINT((655.,192.35000000000088,880.4750000000073));
#3393=IFCCARTESIANPOINT((655.,195.52500000000083,883.65000000000725));
#3394=IFCCARTESIANPOINT((655.,195.52500000000077,896.35000000000741));
#3395=IFCCARTESIANPOINT((655.,192.35000000000073,899.52500000000737));
#3396=IFCPOLYLOOP((#3390,#3391,#3392,#3393,#3394,#3395));
#3397=IFCFACEOUTERBOUND(#3396,.T.);
#3398=IFCFACE((#3397));
#3399=IFCPOLYLOOP((#3386,#3391,#3390,#3381));
#3400=IFCFACEOUTERBOUND(#3399,.T.);
#3401=IFCFACE((#3400));
#3402=IFCPOLYLOOP((#3385,#3392,#3391,#3386));
#3403=IFCFACEOUTERBOUND(#3402,.T.);
#3404=IFCFACE((#3403));
#3405=IFCPOLYLOOP((#3384,#3393,#3392,#3385));
#3406=IFCFACEOUTERBOUND(#3405,.T.);
#3407=IFCFACE((#3406));
#3408=IFCPOLYLOOP((#3383,#3394,#3393,#3384));
#3409=IFCFACEOUTERBOUND(#3408,.T.);
#3410=IFCFACE((#3409));
#3411=IFCPOLYLOOP((#3382,#3395,#3394,#3383));
#3412=IFCFACEOUTERBOUND(#3411,.T.);
#3413=IFCFACE((#3412));
#3414=IFCPOLYLOOP((#3381,#3390,#3395,#3382));
#3415=IFCFACEOUTERBOUND(#3414,.T.);
#3416=IFCFACE((#3415));
#3417=IFCCARTESIANPOINT((145.,186.,569.52500000000532));
#3418=IFCCARTESIANPOINT((145.,192.35000000000406,569.52500000000543));
#3419=IFCCARTESIANPOINT((145.,195.52500000000407,566.35000000000537));
#3420=IFCCARTESIANPOINT((145.,195.52500000000416,553.65000000000532));
#3421=IFCCARTESIANPOINT((145.,192.3500000000042,550.47500000000537));
#3422=IFCCARTESIANPOINT((145.,186.,550.47500000000537));
#3423=IFCPOLYLOOP((#3417,#3418,#3419,#3420,#3421,#3422));
#3424=IFCFACEOUTERBOUND(#3423,.T.);
#3425=IFCFACE((#3424));
#3426=IFCCARTESIANPOINT((655.,186.,569.52500000000543));
#3427=IFCCARTESIANPOINT((655.,186.,550.47500000000537));
#3428=IFCCARTESIANPOINT((655.,192.35000000000088,550.47500000000537));
#3429=IFCCARTESIANPOINT((655.,195.52500000000083,553.65000000000532));
#3430=IFCCARTESIANPOINT((655.,195.52500000000077,566.35000000000548));
#3431=IFCCARTESIANPOINT((655.,192.35000000000073,569.52500000000532));
#3432=IFCPOLYLOOP((#3426,#3427,#3428,#3429,#3430,#3431));
#3433=IFCFACEOUTERBOUND(#3432,.T.);
#3434=IFCFACE((#3433));
#3435=IFCPOLYLOOP((#3422,#3427,#3426,#3417));
#3436=IFCFACEOUTERBOUND(#3435,.T.);
#3437=IFCFACE((#3436));
#3438=IFCPOLYLOOP((#3421,#3428,#3427,#3422));
#3439=IFCFACEOUTERBOUND(#3438,.T.);
#3440=IFCFACE((#3439));
#3441=IFCPOLYLOOP((#3420,#3429,#3428,#3421));
#3442=IFCFACEOUTERBOUND(#3441,.T.);
#3443=IFCFACE((#3442));
#3444=IFCPOLYLOOP((#3419,#3430,#3429,#3420));
#3445=IFCFACEOUTERBOUND(#3444,.T.);
#3446=IFCFACE((#3445));
#3447=IFCPOLYLOOP((#3418,#3431,#3430,#3419));
#3448=IFCFACEOUTERBOUND(#3447,.T.);
#3449=IFCFACE((#3448));
#3450=IFCPOLYLOOP((#3417,#3426,#3431,#3418));
#3451=IFCFACEOUTERBOUND(#3450,.T.);
#3452=IFCFACE((#3451));
#3453=IFCCARTESIANPOINT((475.47500000000315,186.,230.));
#3454=IFCCARTESIANPOINT((475.47500000000326,192.35000000000193,230.));
#3455=IFCCARTESIANPOINT((478.65000000000327,195.52500000000191,230.));
#3456=IFCCARTESIANPOINT((491.35000000000321,195.52500000000191,230.));
#3457=IFCCARTESIANPOINT((494.52500000000322,192.35000000000193,230.));
#3458=IFCCARTESIANPOINT((494.52500000000316,186.,230.));
#3459=IFCPOLYLOOP((#3453,#3454,#3455,#3456,#3457,#3458));
#3460=IFCFACEOUTERBOUND(#3459,.T.);
#3461=IFCFACE((#3460));
#3462=IFCCARTESIANPOINT((475.47500000000315,186.,1880.));
#3463=IFCCARTESIANPOINT((494.52500000000322,186.,1880.));
#3464=IFCCARTESIANPOINT((494.52500000000316,192.35000000000193,1880.));
#3465=IFCCARTESIANPOINT((491.35000000000321,195.52500000000191,1880.));
#3466=IFCCARTESIANPOINT((478.65000000000327,195.52500000000191,1880.));
#3467=IFCCARTESIANPOINT((475.47500000000315,192.35000000000193,1880.));
#3468=IFCPOLYLOOP((#3462,#3463,#3464,#3465,#3466,#3467));
#3469=IFCFACEOUTERBOUND(#3468,.T.);
#3470=IFCFACE((#3469));
#3471=IFCPOLYLOOP((#3458,#3463,#3462,#3453));
#3472=IFCFACEOUTERBOUND(#3471,.T.);
#3473=IFCFACE((#3472));
#3474=IFCPOLYLOOP((#3457,#3464,#3463,#3458));
#3475=IFCFACEOUTERBOUND(#3474,.T.);
#3476=IFCFACE((#3475));
#3477=IFCPOLYLOOP((#3456,#3465,#3464,#3457));
#3478=IFCFACEOUTERBOUND(#3477,.T.);
#3479=IFCFACE((#3478));
#3480=IFCPOLYLOOP((#3455,#3466,#3465,#3456));
#3481=IFCFACEOUTERBOUND(#3480,.T.);
#3482=IFCFACE((#3481));
#3483=IFCPOLYLOOP((#3454,#3467,#3466,#3455));
#3484=IFCFACEOUTERBOUND(#3483,.T.);
#3485=IFCFACE((#3484));
#3486=IFCPOLYLOOP((#3453,#3462,#3467,#3454));
#3487=IFCFACEOUTERBOUND(#3486,.T.);
#3488=IFCFACE((#3487));
#3489=IFCCARTESIANPOINT((305.47500000000326,186.,230.));
#3490=IFCCARTESIANPOINT((305.47500000000332,192.35000000000304,230.));
#3491=IFCCARTESIANPOINT((308.65000000000327,195.52500000000299,230.));
#3492=IFCCARTESIANPOINT((321.35000000000326,195.52500000000299,230.));
#3493=IFCCARTESIANPOINT((324.52500000000333,192.35000000000304,230.));
#3494=IFCCARTESIANPOINT((324.52500000000322,186.,230.));
#3495=IFCPOLYLOOP((#3489,#3490,#3491,#3492,#3493,#3494));
#3496=IFCFACEOUTERBOUND(#3495,.T.);
#3497=IFCFACE((#3496));
#3498=IFCCARTESIANPOINT((305.47500000000326,186.,1880.));
#3499=IFCCARTESIANPOINT((324.52500000000333,186.,1880.));
#3500=IFCCARTESIANPOINT((324.52500000000333,192.35000000000304,1880.));
#3501=IFCCARTESIANPOINT((321.35000000000326,195.52500000000299,1880.));
#3502=IFCCARTESIANPOINT((308.65000000000333,195.52500000000299,1880.));
#3503=IFCCARTESIANPOINT((305.47500000000332,192.35000000000304,1880.));
#3504=IFCPOLYLOOP((#3498,#3499,#3500,#3501,#3502,#3503));
#3505=IFCFACEOUTERBOUND(#3504,.T.);
#3506=IFCFACE((#3505));
#3507=IFCPOLYLOOP((#3494,#3499,#3498,#3489));
#3508=IFCFACEOUTERBOUND(#3507,.T.);
#3509=IFCFACE((#3508));
#3510=IFCPOLYLOOP((#3493,#3500,#3499,#3494));
#3511=IFCFACEOUTERBOUND(#3510,.T.);
#3512=IFCFACE((#3511));
#3513=IFCPOLYLOOP((#3492,#3501,#3500,#3493));
#3514=IFCFACEOUTERBOUND(#3513,.T.);
#3515=IFCFACE((#3514));
#3516=IFCPOLYLOOP((#3491,#3502,#3501,#3492));
#3517=IFCFACEOUTERBOUND(#3516,.T.);
#3518=IFCFACE((#3517));
#3519=IFCPOLYLOOP((#3490,#3503,#3502,#3491));
#3520=IFCFACEOUTERBOUND(#3519,.T.);
#3521=IFCFACE((#3520));
#3522=IFCPOLYLOOP((#3489,#3498,#3503,#3490));
#3523=IFCFACEOUTERBOUND(#3522,.T.);
#3524=IFCFACE((#3523));
#3525=IFCCARTESIANPOINT((895.,186.,1559.5250000000055));
#3526=IFCCARTESIANPOINT((895.,192.35000000000105,1559.5250000000055));
#3527=IFCCARTESIANPOINT((895.,195.52500000000109,1556.3500000000054));
#3528=IFCCARTESIANPOINT((895.,195.52500000000123,1543.6500000000055));
#3529=IFCCARTESIANPOINT((895.,192.35000000000122,1540.4750000000056));
#3530=IFCCARTESIANPOINT((895.,186.,1540.4750000000051));
#3531=IFCPOLYLOOP((#3525,#3526,#3527,#3528,#3529,#3530));
#3532=IFCFACEOUTERBOUND(#3531,.T.);
#3533=IFCFACE((#3532));
#3534=IFCCARTESIANPOINT((1405.,186.,1559.5250000000053));
#3535=IFCCARTESIANPOINT((1405.,186.,1540.4750000000056));
#3536=IFCCARTESIANPOINT((1405.,192.34999999999798,1540.4750000000056));
#3537=IFCCARTESIANPOINT((1405.,195.52499999999793,1543.6500000000055));
#3538=IFCCARTESIANPOINT((1405.,195.52499999999785,1556.3500000000054));
#3539=IFCCARTESIANPOINT((1405.,192.34999999999783,1559.5250000000055));
#3540=IFCPOLYLOOP((#3534,#3535,#3536,#3537,#3538,#3539));
#3541=IFCFACEOUTERBOUND(#3540,.T.);
#3542=IFCFACE((#3541));
#3543=IFCPOLYLOOP((#3530,#3535,#3534,#3525));
#3544=IFCFACEOUTERBOUND(#3543,.T.);
#3545=IFCFACE((#3544));
#3546=IFCPOLYLOOP((#3529,#3536,#3535,#3530));
#3547=IFCFACEOUTERBOUND(#3546,.T.);
#3548=IFCFACE((#3547));
#3549=IFCPOLYLOOP((#3528,#3537,#3536,#3529));
#3550=IFCFACEOUTERBOUND(#3549,.T.);
#3551=IFCFACE((#3550));
#3552=IFCPOLYLOOP((#3527,#3538,#3537,#3528));
#3553=IFCFACEOUTERBOUND(#3552,.T.);
#3554=IFCFACE((#3553));
#3555=IFCPOLYLOOP((#3526,#3539,#3538,#3527));
#3556=IFCFACEOUTERBOUND(#3555,.T.);
#3557=IFCFACE((#3556));
#3558=IFCPOLYLOOP((#3525,#3534,#3539,#3526));
#3559=IFCFACEOUTERBOUND(#3558,.T.);
#3560=IFCFACE((#3559));
#3561=IFCCARTESIANPOINT((895.,186.,1229.5250000000069));
#3562=IFCCARTESIANPOINT((895.,192.35000000000105,1229.5250000000069));
#3563=IFCCARTESIANPOINT((895.,195.52500000000109,1226.3500000000067));
#3564=IFCCARTESIANPOINT((895.,195.52500000000117,1213.6500000000069));
#3565=IFCCARTESIANPOINT((895.,192.35000000000122,1210.475000000007));
#3566=IFCCARTESIANPOINT((895.,186.,1210.475000000007));
#3567=IFCPOLYLOOP((#3561,#3562,#3563,#3564,#3565,#3566));
#3568=IFCFACEOUTERBOUND(#3567,.T.);
#3569=IFCFACE((#3568));
#3570=IFCCARTESIANPOINT((1405.,186.,1229.5250000000069));
#3571=IFCCARTESIANPOINT((1405.,186.,1210.475000000007));
#3572=IFCCARTESIANPOINT((1405.,192.34999999999798,1210.475000000007));
#3573=IFCCARTESIANPOINT((1405.,195.52499999999793,1213.6500000000069));
#3574=IFCCARTESIANPOINT((1405.,195.52499999999785,1226.3500000000067));
#3575=IFCCARTESIANPOINT((1405.,192.34999999999783,1229.5250000000069));
#3576=IFCPOLYLOOP((#3570,#3571,#3572,#3573,#3574,#3575));
#3577=IFCFACEOUTERBOUND(#3576,.T.);
#3578=IFCFACE((#3577));
#3579=IFCPOLYLOOP((#3566,#3571,#3570,#3561));
#3580=IFCFACEOUTERBOUND(#3579,.T.);
#3581=IFCFACE((#3580));
#3582=IFCPOLYLOOP((#3565,#3572,#3571,#3566));
#3583=IFCFACEOUTERBOUND(#3582,.T.);
#3584=IFCFACE((#3583));
#3585=IFCPOLYLOOP((#3564,#3573,#3572,#3565));
#3586=IFCFACEOUTERBOUND(#3585,.T.);
#3587=IFCFACE((#3586));
#3588=IFCPOLYLOOP((#3563,#3574,#3573,#3564));
#3589=IFCFACEOUTERBOUND(#3588,.T.);
#3590=IFCFACE((#3589));
#3591=IFCPOLYLOOP((#3562,#3575,#3574,#3563));
#3592=IFCFACEOUTERBOUND(#3591,.T.);
#3593=IFCFACE((#3592));
#3594=IFCPOLYLOOP((#3561,#3570,#3575,#3562));
#3595=IFCFACEOUTERBOUND(#3594,.T.);
#3596=IFCFACE((#3595));
#3597=IFCCARTESIANPOINT((895.,186.,899.52500000000919));
#3598=IFCCARTESIANPOINT((895.,192.3500000000011,899.52500000000919));
#3599=IFCCARTESIANPOINT((895.,195.52500000000109,896.35000000000923));
#3600=IFCCARTESIANPOINT((895.,195.52500000000117,883.65000000000919));
#3601=IFCCARTESIANPOINT((895.,192.35000000000122,880.47500000000923));
#3602=IFCCARTESIANPOINT((895.,186.,880.47500000000923));
#3603=IFCPOLYLOOP((#3597,#3598,#3599,#3600,#3601,#3602));
#3604=IFCFACEOUTERBOUND(#3603,.T.);
#3605=IFCFACE((#3604));
#3606=IFCCARTESIANPOINT((1405.,186.,899.52500000000919));
#3607=IFCCARTESIANPOINT((1405.,186.,880.47500000000923));
#3608=IFCCARTESIANPOINT((1405.,192.34999999999798,880.47500000000923));
#3609=IFCCARTESIANPOINT((1405.,195.52499999999793,883.65000000000919));
#3610=IFCCARTESIANPOINT((1405.,195.52499999999785,896.35000000000923));
#3611=IFCCARTESIANPOINT((1405.,192.34999999999783,899.52500000000919));
#3612=IFCPOLYLOOP((#3606,#3607,#3608,#3609,#3610,#3611));
#3613=IFCFACEOUTERBOUND(#3612,.T.);
#3614=IFCFACE((#3613));
#3615=IFCPOLYLOOP((#3602,#3607,#3606,#3597));
#3616=IFCFACEOUTERBOUND(#3615,.T.);
#3617=IFCFACE((#3616));
#3618=IFCPOLYLOOP((#3601,#3608,#3607,#3602));
#3619=IFCFACEOUTERBOUND(#3618,.T.);
#3620=IFCFACE((#3619));
#3621=IFCPOLYLOOP((#3600,#3609,#3608,#3601));
#3622=IFCFACEOUTERBOUND(#3621,.T.);
#3623=IFCFACE((#3622));
#3624=IFCPOLYLOOP((#3599,#3610,#3609,#3600));
#3625=IFCFACEOUTERBOUND(#3624,.T.);
#3626=IFCFACE((#3625));
#3627=IFCPOLYLOOP((#3598,#3611,#3610,#3599));
#3628=IFCFACEOUTERBOUND(#3627,.T.);
#3629=IFCFACE((#3628));
#3630=IFCPOLYLOOP((#3597,#3606,#3611,#3598));
#3631=IFCFACEOUTERBOUND(#3630,.T.);
#3632=IFCFACE((#3631));
#3633=IFCCARTESIANPOINT((895.,186.,569.52500000000725));
#3634=IFCCARTESIANPOINT((895.,192.3500000000011,569.52500000000725));
#3635=IFCCARTESIANPOINT((895.,195.52500000000109,566.3500000000073));
#3636=IFCCARTESIANPOINT((895.,195.52500000000123,553.65000000000725));
#3637=IFCCARTESIANPOINT((895.,192.35000000000122,550.4750000000073));
#3638=IFCCARTESIANPOINT((895.,186.,550.4750000000073));
#3639=IFCPOLYLOOP((#3633,#3634,#3635,#3636,#3637,#3638));
#3640=IFCFACEOUTERBOUND(#3639,.T.);
#3641=IFCFACE((#3640));
#3642=IFCCARTESIANPOINT((1405.,186.,569.52500000000725));
#3643=IFCCARTESIANPOINT((1405.,186.,550.4750000000073));
#3644=IFCCARTESIANPOINT((1405.,192.34999999999798,550.47500000000719));
#3645=IFCCARTESIANPOINT((1405.,195.52499999999793,553.65000000000725));
#3646=IFCCARTESIANPOINT((1405.,195.52499999999785,566.3500000000073));
#3647=IFCCARTESIANPOINT((1405.,192.34999999999783,569.52500000000725));
#3648=IFCPOLYLOOP((#3642,#3643,#3644,#3645,#3646,#3647));
#3649=IFCFACEOUTERBOUND(#3648,.T.);
#3650=IFCFACE((#3649));
#3651=IFCPOLYLOOP((#3638,#3643,#3642,#3633));
#3652=IFCFACEOUTERBOUND(#3651,.T.);
#3653=IFCFACE((#3652));
#3654=IFCPOLYLOOP((#3637,#3644,#3643,#3638));
#3655=IFCFACEOUTERBOUND(#3654,.T.);
#3656=IFCFACE((#3655));
#3657=IFCPOLYLOOP((#3636,#3645,#3644,#3637));
#3658=IFCFACEOUTERBOUND(#3657,.T.);
#3659=IFCFACE((#3658));
#3660=IFCPOLYLOOP((#3635,#3646,#3645,#3636));
#3661=IFCFACEOUTERBOUND(#3660,.T.);
#3662=IFCFACE((#3661));
#3663=IFCPOLYLOOP((#3634,#3647,#3646,#3635));
#3664=IFCFACEOUTERBOUND(#3663,.T.);
#3665=IFCFACE((#3664));
#3666=IFCPOLYLOOP((#3633,#3642,#3647,#3634));
#3667=IFCFACEOUTERBOUND(#3666,.T.);
#3668=IFCFACE((#3667));
#3669=IFCCARTESIANPOINT((1225.4750000000033,186.,230.));
#3670=IFCCARTESIANPOINT((1225.4750000000033,192.34999999999897,230.));
#3671=IFCCARTESIANPOINT((1228.6500000000033,195.52499999999895,230.));
#3672=IFCCARTESIANPOINT((1241.3500000000031,195.52499999999895,230.));
#3673=IFCCARTESIANPOINT((1244.5250000000033,192.34999999999897,230.));
#3674=IFCCARTESIANPOINT((1244.525000000003,186.,230.));
#3675=IFCPOLYLOOP((#3669,#3670,#3671,#3672,#3673,#3674));
#3676=IFCFACEOUTERBOUND(#3675,.T.);
#3677=IFCFACE((#3676));
#3678=IFCCARTESIANPOINT((1225.4750000000033,186.,1880.));
#3679=IFCCARTESIANPOINT((1244.5250000000033,186.,1880.));
#3680=IFCCARTESIANPOINT((1244.5250000000033,192.34999999999897,1880.));
#3681=IFCCARTESIANPOINT((1241.3500000000031,195.52499999999895,1880.));
#3682=IFCCARTESIANPOINT((1228.6500000000033,195.52499999999895,1880.));
#3683=IFCCARTESIANPOINT((1225.4750000000033,192.34999999999897,1880.));
#3684=IFCPOLYLOOP((#3678,#3679,#3680,#3681,#3682,#3683));
#3685=IFCFACEOUTERBOUND(#3684,.T.);
#3686=IFCFACE((#3685));
#3687=IFCPOLYLOOP((#3674,#3679,#3678,#3669));
#3688=IFCFACEOUTERBOUND(#3687,.T.);
#3689=IFCFACE((#3688));
#3690=IFCPOLYLOOP((#3673,#3680,#3679,#3674));
#3691=IFCFACEOUTERBOUND(#3690,.T.);
#3692=IFCFACE((#3691));
#3693=IFCPOLYLOOP((#3672,#3681,#3680,#3673));
#3694=IFCFACEOUTERBOUND(#3693,.T.);
#3695=IFCFACE((#3694));
#3696=IFCPOLYLOOP((#3671,#3682,#3681,#3672));
#3697=IFCFACEOUTERBOUND(#3696,.T.);
#3698=IFCFACE((#3697));
#3699=IFCPOLYLOOP((#3670,#3683,#3682,#3671));
#3700=IFCFACEOUTERBOUND(#3699,.T.);
#3701=IFCFACE((#3700));
#3702=IFCPOLYLOOP((#3669,#3678,#3683,#3670));
#3703=IFCFACEOUTERBOUND(#3702,.T.);
#3704=IFCFACE((#3703));
#3705=IFCCARTESIANPOINT((1055.4750000000031,186.,230.));
#3706=IFCCARTESIANPOINT((1055.4750000000031,192.35000000000005,230.));
#3707=IFCCARTESIANPOINT((1058.6500000000033,195.52500000000009,230.));
#3708=IFCCARTESIANPOINT((1071.3500000000031,195.52500000000009,230.));
#3709=IFCCARTESIANPOINT((1074.525000000003,192.35000000000005,230.));
#3710=IFCCARTESIANPOINT((1074.525000000003,186.,230.));
#3711=IFCPOLYLOOP((#3705,#3706,#3707,#3708,#3709,#3710));
#3712=IFCFACEOUTERBOUND(#3711,.T.);
#3713=IFCFACE((#3712));
#3714=IFCCARTESIANPOINT((1055.4750000000031,186.,1880.));
#3715=IFCCARTESIANPOINT((1074.525000000003,186.,1880.));
#3716=IFCCARTESIANPOINT((1074.525000000003,192.35000000000005,1880.));
#3717=IFCCARTESIANPOINT((1071.3500000000031,195.52500000000009,1880.));
#3718=IFCCARTESIANPOINT((1058.6500000000033,195.52500000000009,1880.));
#3719=IFCCARTESIANPOINT((1055.4750000000031,192.35000000000005,1880.));
#3720=IFCPOLYLOOP((#3714,#3715,#3716,#3717,#3718,#3719));
#3721=IFCFACEOUTERBOUND(#3720,.T.);
#3722=IFCFACE((#3721));
#3723=IFCPOLYLOOP((#3710,#3715,#3714,#3705));
#3724=IFCFACEOUTERBOUND(#3723,.T.);
#3725=IFCFACE((#3724));
#3726=IFCPOLYLOOP((#3709,#3716,#3715,#3710));
#3727=IFCFACEOUTERBOUND(#3726,.T.);
#3728=IFCFACE((#3727));
#3729=IFCPOLYLOOP((#3708,#3717,#3716,#3709));
#3730=IFCFACEOUTERBOUND(#3729,.T.);
#3731=IFCFACE((#3730));
#3732=IFCPOLYLOOP((#3707,#3718,#3717,#3708));
#3733=IFCFACEOUTERBOUND(#3732,.T.);
#3734=IFCFACE((#3733));
#3735=IFCPOLYLOOP((#3706,#3719,#3718,#3707));
#3736=IFCFACEOUTERBOUND(#3735,.T.);
#3737=IFCFACE((#3736));
#3738=IFCPOLYLOOP((#3705,#3714,#3719,#3706));
#3739=IFCFACEOUTERBOUND(#3738,.T.);
#3740=IFCFACE((#3739));
#3741=IFCCARTESIANPOINT((145.,179.,1559.5250000000012));
#3742=IFCCARTESIANPOINT((145.,179.,1540.4750000000015));
#3743=IFCCARTESIANPOINT((145.,172.65000000000316,1540.4750000000015));
#3744=IFCCARTESIANPOINT((145.,169.47500000000321,1543.6500000000015));
#3745=IFCCARTESIANPOINT((145.,169.47500000000326,1556.3500000000013));
#3746=IFCCARTESIANPOINT((145.,172.65000000000327,1559.5250000000015));
#3747=IFCPOLYLOOP((#3741,#3742,#3743,#3744,#3745,#3746));
#3748=IFCFACEOUTERBOUND(#3747,.T.);
#3749=IFCFACE((#3748));
#3750=IFCCARTESIANPOINT((655.,179.,1559.5250000000015));
#3751=IFCCARTESIANPOINT((655.,172.65000000000333,1559.5250000000015));
#3752=IFCCARTESIANPOINT((655.,169.47500000000326,1556.3500000000013));
#3753=IFCCARTESIANPOINT((655.,169.47500000000312,1543.6500000000015));
#3754=IFCCARTESIANPOINT((655.,172.65000000000316,1540.4750000000015));
#3755=IFCCARTESIANPOINT((655.,179.,1540.4750000000013));
#3756=IFCPOLYLOOP((#3750,#3751,#3752,#3753,#3754,#3755));
#3757=IFCFACEOUTERBOUND(#3756,.T.);
#3758=IFCFACE((#3757));
#3759=IFCPOLYLOOP((#3742,#3741,#3750,#3755));
#3760=IFCFACEOUTERBOUND(#3759,.T.);
#3761=IFCFACE((#3760));
#3762=IFCPOLYLOOP((#3743,#3742,#3755,#3754));
#3763=IFCFACEOUTERBOUND(#3762,.T.);
#3764=IFCFACE((#3763));
#3765=IFCPOLYLOOP((#3744,#3743,#3754,#3753));
#3766=IFCFACEOUTERBOUND(#3765,.T.);
#3767=IFCFACE((#3766));
#3768=IFCPOLYLOOP((#3745,#3744,#3753,#3752));
#3769=IFCFACEOUTERBOUND(#3768,.T.);
#3770=IFCFACE((#3769));
#3771=IFCPOLYLOOP((#3746,#3745,#3752,#3751));
#3772=IFCFACEOUTERBOUND(#3771,.T.);
#3773=IFCFACE((#3772));
#3774=IFCPOLYLOOP((#3741,#3746,#3751,#3750));
#3775=IFCFACEOUTERBOUND(#3774,.T.);
#3776=IFCFACE((#3775));
#3777=IFCCARTESIANPOINT((145.,179.,1229.5250000000028));
#3778=IFCCARTESIANPOINT((145.,179.,1210.4750000000029));
#3779=IFCCARTESIANPOINT((145.,172.65000000000316,1210.4750000000029));
#3780=IFCCARTESIANPOINT((145.,169.47500000000321,1213.6500000000028));
#3781=IFCCARTESIANPOINT((145.,169.47500000000326,1226.3500000000029));
#3782=IFCCARTESIANPOINT((145.,172.65000000000327,1229.5250000000028));
#3783=IFCPOLYLOOP((#3777,#3778,#3779,#3780,#3781,#3782));
#3784=IFCFACEOUTERBOUND(#3783,.T.);
#3785=IFCFACE((#3784));
#3786=IFCCARTESIANPOINT((655.,179.,1229.5250000000028));
#3787=IFCCARTESIANPOINT((655.,172.65000000000333,1229.5250000000028));
#3788=IFCCARTESIANPOINT((655.,169.47500000000326,1226.3500000000029));
#3789=IFCCARTESIANPOINT((655.,169.47500000000321,1213.6500000000028));
#3790=IFCCARTESIANPOINT((655.,172.65000000000316,1210.4750000000029));
#3791=IFCCARTESIANPOINT((655.,179.,1210.4750000000029));
#3792=IFCPOLYLOOP((#3786,#3787,#3788,#3789,#3790,#3791));
#3793=IFCFACEOUTERBOUND(#3792,.T.);
#3794=IFCFACE((#3793));
#3795=IFCPOLYLOOP((#3778,#3777,#3786,#3791));
#3796=IFCFACEOUTERBOUND(#3795,.T.);
#3797=IFCFACE((#3796));
#3798=IFCPOLYLOOP((#3779,#3778,#3791,#3790));
#3799=IFCFACEOUTERBOUND(#3798,.T.);
#3800=IFCFACE((#3799));
#3801=IFCPOLYLOOP((#3780,#3779,#3790,#3789));
#3802=IFCFACEOUTERBOUND(#3801,.T.);
#3803=IFCFACE((#3802));
#3804=IFCPOLYLOOP((#3781,#3780,#3789,#3788));
#3805=IFCFACEOUTERBOUND(#3804,.T.);
#3806=IFCFACE((#3805));
#3807=IFCPOLYLOOP((#3782,#3781,#3788,#3787));
#3808=IFCFACEOUTERBOUND(#3807,.T.);
#3809=IFCFACE((#3808));
#3810=IFCPOLYLOOP((#3777,#3782,#3787,#3786));
#3811=IFCFACEOUTERBOUND(#3810,.T.);
#3812=IFCFACE((#3811));
#3813=IFCCARTESIANPOINT((145.,179.,899.52500000000532));
#3814=IFCCARTESIANPOINT((145.,179.,880.47500000000537));
#3815=IFCCARTESIANPOINT((145.,172.65000000000316,880.47500000000537));
#3816=IFCCARTESIANPOINT((145.,169.47500000000321,883.65000000000532));
#3817=IFCCARTESIANPOINT((145.,169.47500000000326,896.35000000000537));
#3818=IFCCARTESIANPOINT((145.,172.65000000000327,899.52500000000532));
#3819=IFCPOLYLOOP((#3813,#3814,#3815,#3816,#3817,#3818));
#3820=IFCFACEOUTERBOUND(#3819,.T.);
#3821=IFCFACE((#3820));
#3822=IFCCARTESIANPOINT((655.,179.,899.52500000000532));
#3823=IFCCARTESIANPOINT((655.,172.65000000000325,899.52500000000532));
#3824=IFCCARTESIANPOINT((655.,169.47500000000326,896.35000000000537));
#3825=IFCCARTESIANPOINT((655.,169.47500000000321,883.65000000000532));
#3826=IFCCARTESIANPOINT((655.,172.65000000000316,880.47500000000537));
#3827=IFCCARTESIANPOINT((655.,179.,880.47500000000537));
#3828=IFCPOLYLOOP((#3822,#3823,#3824,#3825,#3826,#3827));
#3829=IFCFACEOUTERBOUND(#3828,.T.);
#3830=IFCFACE((#3829));
#3831=IFCPOLYLOOP((#3814,#3813,#3822,#3827));
#3832=IFCFACEOUTERBOUND(#3831,.T.);
#3833=IFCFACE((#3832));
#3834=IFCPOLYLOOP((#3815,#3814,#3827,#3826));
#3835=IFCFACEOUTERBOUND(#3834,.T.);
#3836=IFCFACE((#3835));
#3837=IFCPOLYLOOP((#3816,#3815,#3826,#3825));
#3838=IFCFACEOUTERBOUND(#3837,.T.);
#3839=IFCFACE((#3838));
#3840=IFCPOLYLOOP((#3817,#3816,#3825,#3824));
#3841=IFCFACEOUTERBOUND(#3840,.T.);
#3842=IFCFACE((#3841));
#3843=IFCPOLYLOOP((#3818,#3817,#3824,#3823));
#3844=IFCFACEOUTERBOUND(#3843,.T.);
#3845=IFCFACE((#3844));
#3846=IFCPOLYLOOP((#3813,#3818,#3823,#3822));
#3847=IFCFACEOUTERBOUND(#3846,.T.);
#3848=IFCFACE((#3847));
#3849=IFCCARTESIANPOINT((145.,179.,569.5250000000035));
#3850=IFCCARTESIANPOINT((145.,179.,550.47500000000343));
#3851=IFCCARTESIANPOINT((145.,172.65000000000316,550.47500000000343));
#3852=IFCCARTESIANPOINT((145.,169.47500000000321,553.65000000000339));
#3853=IFCCARTESIANPOINT((145.,169.47500000000326,566.35000000000355));
#3854=IFCCARTESIANPOINT((145.,172.65000000000327,569.52500000000339));
#3855=IFCPOLYLOOP((#3849,#3850,#3851,#3852,#3853,#3854));
#3856=IFCFACEOUTERBOUND(#3855,.T.);
#3857=IFCFACE((#3856));
#3858=IFCCARTESIANPOINT((655.,179.,569.52500000000339));
#3859=IFCCARTESIANPOINT((655.,172.65000000000325,569.5250000000035));
#3860=IFCCARTESIANPOINT((655.,169.47500000000326,566.35000000000343));
#3861=IFCCARTESIANPOINT((655.,169.47500000000315,553.65000000000339));
#3862=IFCCARTESIANPOINT((655.,172.65000000000316,550.47500000000343));
#3863=IFCCARTESIANPOINT((655.,179.,550.47500000000343));
#3864=IFCPOLYLOOP((#3858,#3859,#3860,#3861,#3862,#3863));
#3865=IFCFACEOUTERBOUND(#3864,.T.);
#3866=IFCFACE((#3865));
#3867=IFCPOLYLOOP((#3850,#3849,#3858,#3863));
#3868=IFCFACEOUTERBOUND(#3867,.T.);
#3869=IFCFACE((#3868));
#3870=IFCPOLYLOOP((#3851,#3850,#3863,#3862));
#3871=IFCFACEOUTERBOUND(#3870,.T.);
#3872=IFCFACE((#3871));
#3873=IFCPOLYLOOP((#3852,#3851,#3862,#3861));
#3874=IFCFACEOUTERBOUND(#3873,.T.);
#3875=IFCFACE((#3874));
#3876=IFCPOLYLOOP((#3853,#3852,#3861,#3860));
#3877=IFCFACEOUTERBOUND(#3876,.T.);
#3878=IFCFACE((#3877));
#3879=IFCPOLYLOOP((#3854,#3853,#3860,#3859));
#3880=IFCFACEOUTERBOUND(#3879,.T.);
#3881=IFCFACE((#3880));
#3882=IFCPOLYLOOP((#3849,#3854,#3859,#3858));
#3883=IFCFACEOUTERBOUND(#3882,.T.);
#3884=IFCFACE((#3883));
#3885=IFCCARTESIANPOINT((475.47500000000332,179.,230.));
#3886=IFCCARTESIANPOINT((494.52500000000333,179.,230.));
#3887=IFCCARTESIANPOINT((494.52500000000322,172.65000000000316,230.));
#3888=IFCCARTESIANPOINT((491.35000000000321,169.47500000000321,230.));
#3889=IFCCARTESIANPOINT((478.65000000000327,169.47500000000326,230.));
#3890=IFCCARTESIANPOINT((475.47500000000326,172.65000000000327,230.));
#3891=IFCPOLYLOOP((#3885,#3886,#3887,#3888,#3889,#3890));
#3892=IFCFACEOUTERBOUND(#3891,.T.);
#3893=IFCFACE((#3892));
#3894=IFCCARTESIANPOINT((475.47500000000332,179.,1880.));
#3895=IFCCARTESIANPOINT((475.47500000000326,172.65000000000327,1880.));
#3896=IFCCARTESIANPOINT((478.65000000000327,169.47500000000326,1880.));
#3897=IFCCARTESIANPOINT((491.35000000000321,169.47500000000321,1880.));
#3898=IFCCARTESIANPOINT((494.52500000000322,172.65000000000316,1880.));
#3899=IFCCARTESIANPOINT((494.52500000000333,179.,1880.));
#3900=IFCPOLYLOOP((#3894,#3895,#3896,#3897,#3898,#3899));
#3901=IFCFACEOUTERBOUND(#3900,.T.);
#3902=IFCFACE((#3901));
#3903=IFCPOLYLOOP((#3886,#3885,#3894,#3899));
#3904=IFCFACEOUTERBOUND(#3903,.T.);
#3905=IFCFACE((#3904));
#3906=IFCPOLYLOOP((#3887,#3886,#3899,#3898));
#3907=IFCFACEOUTERBOUND(#3906,.T.);
#3908=IFCFACE((#3907));
#3909=IFCPOLYLOOP((#3888,#3887,#3898,#3897));
#3910=IFCFACEOUTERBOUND(#3909,.T.);
#3911=IFCFACE((#3910));
#3912=IFCPOLYLOOP((#3889,#3888,#3897,#3896));
#3913=IFCFACEOUTERBOUND(#3912,.T.);
#3914=IFCFACE((#3913));
#3915=IFCPOLYLOOP((#3890,#3889,#3896,#3895));
#3916=IFCFACEOUTERBOUND(#3915,.T.);
#3917=IFCFACE((#3916));
#3918=IFCPOLYLOOP((#3885,#3890,#3895,#3894));
#3919=IFCFACEOUTERBOUND(#3918,.T.);
#3920=IFCFACE((#3919));
#3921=IFCCARTESIANPOINT((305.47500000000338,179.,230.));
#3922=IFCCARTESIANPOINT((324.52500000000339,179.,230.));
#3923=IFCCARTESIANPOINT((324.52500000000333,172.65000000000316,230.));
#3924=IFCCARTESIANPOINT((321.35000000000326,169.47500000000321,230.));
#3925=IFCCARTESIANPOINT((308.65000000000333,169.47500000000326,230.));
#3926=IFCCARTESIANPOINT((305.47500000000332,172.65000000000327,230.));
#3927=IFCPOLYLOOP((#3921,#3922,#3923,#3924,#3925,#3926));
#3928=IFCFACEOUTERBOUND(#3927,.T.);
#3929=IFCFACE((#3928));
#3930=IFCCARTESIANPOINT((305.47500000000338,179.,1880.));
#3931=IFCCARTESIANPOINT((305.47500000000332,172.65000000000327,1880.));
#3932=IFCCARTESIANPOINT((308.65000000000333,169.47500000000326,1880.));
#3933=IFCCARTESIANPOINT((321.35000000000326,169.47500000000321,1880.));
#3934=IFCCARTESIANPOINT((324.52500000000333,172.65000000000316,1880.));
#3935=IFCCARTESIANPOINT((324.52500000000339,179.,1880.));
#3936=IFCPOLYLOOP((#3930,#3931,#3932,#3933,#3934,#3935));
#3937=IFCFACEOUTERBOUND(#3936,.T.);
#3938=IFCFACE((#3937));
#3939=IFCPOLYLOOP((#3922,#3921,#3930,#3935));
#3940=IFCFACEOUTERBOUND(#3939,.T.);
#3941=IFCFACE((#3940));
#3942=IFCPOLYLOOP((#3923,#3922,#3935,#3934));
#3943=IFCFACEOUTERBOUND(#3942,.T.);
#3944=IFCFACE((#3943));
#3945=IFCPOLYLOOP((#3924,#3923,#3934,#3933));
#3946=IFCFACEOUTERBOUND(#3945,.T.);
#3947=IFCFACE((#3946));
#3948=IFCPOLYLOOP((#3925,#3924,#3933,#3932));
#3949=IFCFACEOUTERBOUND(#3948,.T.);
#3950=IFCFACE((#3949));
#3951=IFCPOLYLOOP((#3926,#3925,#3932,#3931));
#3952=IFCFACEOUTERBOUND(#3951,.T.);
#3953=IFCFACE((#3952));
#3954=IFCPOLYLOOP((#3921,#3926,#3931,#3930));
#3955=IFCFACEOUTERBOUND(#3954,.T.);
#3956=IFCFACE((#3955));
#3957=IFCCARTESIANPOINT((840.,159.,914.39999999999702));
#3958=IFCCARTESIANPOINT((850.,159.,914.39999999999702));
#3959=IFCCARTESIANPOINT((845.,159.,905.73974596215305));
#3960=IFCCARTESIANPOINT((835.,159.,905.73974596215305));
#3961=IFCCARTESIANPOINT((830.,159.,914.39999999999702));
#3962=IFCCARTESIANPOINT((835.,159.,923.06025403784099));
#3963=IFCCARTESIANPOINT((845.,159.,923.06025403784099));
#3964=IFCCARTESIANPOINT((860.47586758235116,110.,914.39999999999691));
#3965=IFCCARTESIANPOINT((840.,110.,914.39999999999702));
#3966=IFCCARTESIANPOINT((819.52413241764123,110.,914.39999999999702));
#3967=IFCCARTESIANPOINT((825.5213751818352,110.,899.92137518183608));
#3968=IFCCARTESIANPOINT((840.,110.,893.92413241764211));
#3969=IFCCARTESIANPOINT((854.47862481815707,110.,899.92137518183597));
#3970=IFCCARTESIANPOINT((854.47862481815719,110.,928.87862481815807));
#3971=IFCCARTESIANPOINT((840.,110.,934.87586758235193));
#3972=IFCCARTESIANPOINT((825.52137518183531,110.,928.87862481815819));
#3973=IFCCARTESIANPOINT((865.,111.82786814587931,914.39999999999691));
#3974=IFCCARTESIANPOINT((815.,111.82786814587931,914.39999999999714));
#3975=IFCCARTESIANPOINT((819.77457514062576,111.82786814587931,899.70536869268778));
#3976=IFCCARTESIANPOINT((832.2745751406236,111.82786814587931,890.62358709262219));
#3977=IFCCARTESIANPOINT((847.72542485936845,111.82786814587931,890.62358709262207));
#3978=IFCCARTESIANPOINT((860.2254248593664,111.82786814587931,899.70536869268744));
#3979=IFCCARTESIANPOINT((847.23931240907655,110.,896.9227537997391));
#3980=IFCCARTESIANPOINT((832.76068759091561,110.,896.9227537997391));
#3981=IFCCARTESIANPOINT((822.52275379973821,110.,907.16068759091661));
#3982=IFCCARTESIANPOINT((857.47724620025406,110.,907.16068759091638));
#3983=IFCCARTESIANPOINT((826.02457514062462,111.82786814587931,895.16447789265487));
#3984=IFCCARTESIANPOINT((853.97542485936742,111.82786814587931,895.16447789265476));
#3985=IFCCARTESIANPOINT((840.,111.82786814587931,890.62358709262207));
#3986=IFCCARTESIANPOINT((836.38034379545581,110.,895.42344310869055));
#3987=IFCCARTESIANPOINT((843.61965620453634,110.,895.42344310869066));
#3988=IFCCARTESIANPOINT((824.02206449078653,110.,903.5410313863764));
#3989=IFCCARTESIANPOINT((817.38728757031299,111.82786814587931,907.0526843463424));
#3990=IFCCARTESIANPOINT((862.61271242967916,111.82786814587931,907.05268434634229));
#3991=IFCCARTESIANPOINT((858.97655689130261,110.,910.7803437954567));
#3992=IFCCARTESIANPOINT((861.41906864452278,111.82786814587931,903.3790265195147));
#3993=IFCCARTESIANPOINT((829.1410313863754,110.,898.42206449078753));
#3994=IFCCARTESIANPOINT((850.85896861361687,110.,898.42206449078753));
#3995=IFCCARTESIANPOINT((821.02344310868955,110.,910.78034379545682));
#3996=IFCCARTESIANPOINT((855.97793550920562,110.,903.54103138637618));
#3997=IFCCARTESIANPOINT((860.22542485936651,111.82786814587931,929.09463130730637));
#3998=IFCCARTESIANPOINT((847.72542485936867,111.82786814587931,938.17641290737185));
#3999=IFCCARTESIANPOINT((832.27457514062394,111.82786814587931,938.17641290737208));
#4000=IFCCARTESIANPOINT((819.77457514062598,111.82786814587931,929.0946313073066));
#4001=IFCCARTESIANPOINT((832.76068759091584,110.,931.87724620025506));
#4002=IFCCARTESIANPOINT((847.23931240907677,110.,931.87724620025506));
#4003=IFCCARTESIANPOINT((857.47724620025417,110.,921.63931240907743));
#4004=IFCCARTESIANPOINT((822.52275379973821,110.,921.63931240907777));
#4005=IFCCARTESIANPOINT((853.97542485936765,111.82786814587931,933.63552210733917));
#4006=IFCCARTESIANPOINT((826.02457514062496,111.82786814587931,933.63552210733928));
#4007=IFCCARTESIANPOINT((840.,111.82786814587931,938.17641290737208));
#4008=IFCCARTESIANPOINT((843.61965620453657,110.,933.37655689130361));
#4009=IFCCARTESIANPOINT((836.38034379545604,110.,933.37655689130361));
#4010=IFCCARTESIANPOINT((855.97793550920574,110.,925.25896861361787));
#4011=IFCCARTESIANPOINT((862.61271242967928,111.82786814587931,921.74731565365153));
#4012=IFCCARTESIANPOINT((817.38728757031322,111.82786814587931,921.74731565365198));
#4013=IFCCARTESIANPOINT((821.02344310868978,110.,918.01965620453745));
#4014=IFCCARTESIANPOINT((818.5809313554696,111.82786814587931,925.42097348047923));
#4015=IFCCARTESIANPOINT((850.85896861361698,110.,930.3779355092064));
#4016=IFCCARTESIANPOINT((829.14103138637563,110.,930.37793550920674));
#4017=IFCCARTESIANPOINT((858.97655689130272,110.,918.01965620453711));
#4018=IFCCARTESIANPOINT((824.02206449078676,110.,925.25896861361787));
#4019=IFCCARTESIANPOINT((865.,115.29154626463664,914.39999999999691));
#4020=IFCCARTESIANPOINT((815.,115.29154626463664,914.39999999999714));
#4021=IFCCARTESIANPOINT((819.77457514062576,115.29154626463664,899.70536869268778));
#4022=IFCCARTESIANPOINT((832.2745751406236,115.29154626463664,890.62358709262219));
#4023=IFCCARTESIANPOINT((847.72542485936845,115.29154626463664,890.62358709262207));
#4024=IFCCARTESIANPOINT((860.2254248593664,115.29154626463664,899.70536869268744));
#4025=IFCCARTESIANPOINT((818.31667076966016,111.82786814587931,904.19233697398442));
#4026=IFCCARTESIANPOINT((817.38728757031299,115.29154626463664,907.0526843463424));
#4027=IFCCARTESIANPOINT((826.02457514062462,115.29154626463664,895.16447789265487));
#4028=IFCCARTESIANPOINT((840.,115.29154626463664,890.62358709262207));
#4029=IFCCARTESIANPOINT((861.68332913217512,115.29154626463664,904.19233667188848));
#4030=IFCCARTESIANPOINT((853.97542485936742,115.29154626463664,895.16447789265476));
#4031=IFCCARTESIANPOINT((816.65833538483014,111.82786814587931,909.29616848699084));
#4032=IFCCARTESIANPOINT((863.34166456608364,115.29154626463664,909.29616833594264));
#4033=IFCCARTESIANPOINT((860.22542485936651,115.29154626463664,929.09463130730637));
#4034=IFCCARTESIANPOINT((847.72542485936867,115.29154626463664,938.17641290737185));
#4035=IFCCARTESIANPOINT((832.27457514062394,115.29154626463664,938.17641290737208));
#4036=IFCCARTESIANPOINT((819.77457514062598,115.29154626463664,929.0946313073066));
#4037=IFCCARTESIANPOINT((861.6833292919132,111.82786814587931,924.60766283648275));
#4038=IFCCARTESIANPOINT((862.61271242967928,115.29154626463664,921.74731565365153));
#4039=IFCCARTESIANPOINT((853.97542485936765,115.29154626463664,933.63552210733917));
#4040=IFCCARTESIANPOINT((840.,115.29154626463664,938.17641290737208));
#4041=IFCCARTESIANPOINT((826.02457514062496,115.29154626463664,933.63552210733928));
#4042=IFCCARTESIANPOINT((818.31667071246397,115.29154626463664,924.6076628499776));
#4043=IFCCARTESIANPOINT((863.34166464595273,111.82786814587931,919.50383141823988));
#4044=IFCCARTESIANPOINT((816.6583353562321,115.29154626463664,919.50383142498754));
#4045=IFCCARTESIANPOINT((858.63623603251028,140.,914.39999999999691));
#4046=IFCCARTESIANPOINT((821.36376396748199,140.,914.39999999999702));
#4047=IFCCARTESIANPOINT((826.82219112561222,140.,901.22219112561334));
#4048=IFCCARTESIANPOINT((840.,140.,895.76376396748287));
#4049=IFCCARTESIANPOINT((853.17780887437993,140.,901.22219112561322));
#4050=IFCCARTESIANPOINT((833.41109556280412,140.,898.49297754654799));
#4051=IFCCARTESIANPOINT((846.58890443718803,140.,898.49297754654799));
#4052=IFCCARTESIANPOINT((824.0929775465471,140.,907.81109556280512));
#4053=IFCCARTESIANPOINT((855.90702245344517,140.,907.81109556280512));
#4054=IFCCARTESIANPOINT((862.61271242967916,115.29154626463664,907.05268434634229));
#4055=IFCCARTESIANPOINT((836.70554778140013,140.,897.12837075701555));
#4056=IFCCARTESIANPOINT((843.29445221859203,140.,897.12837075701543));
#4057=IFCCARTESIANPOINT((825.45758433607966,140.,904.51664334420911));
#4058=IFCCARTESIANPOINT((822.72837075701466,140.,911.10554778140124));
#4059=IFCCARTESIANPOINT((854.54241566391261,140.,904.51664334420911));
#4060=IFCCARTESIANPOINT((857.27162924297772,140.,911.1055477814009));
#4061=IFCCARTESIANPOINT((830.11664334420823,140.,899.85758433608055));
#4062=IFCCARTESIANPOINT((849.88335665578404,140.,899.85758433608055));
#4063=IFCCARTESIANPOINT((853.17780887438005,140.,927.57780887438082));
#4064=IFCCARTESIANPOINT((840.,140.,933.03623603251128));
#4065=IFCCARTESIANPOINT((826.82219112561233,140.,927.57780887438105));
#4066=IFCCARTESIANPOINT((846.58890443718815,140.,930.30702245344605));
#4067=IFCCARTESIANPOINT((833.41109556280435,140.,930.30702245344605));
#4068=IFCCARTESIANPOINT((855.90702245344517,140.,920.98890443718903));
#4069=IFCCARTESIANPOINT((824.09297754654722,140.,920.98890443718915));
#4070=IFCCARTESIANPOINT((817.38728757031322,115.29154626463664,921.74731565365198));
#4071=IFCCARTESIANPOINT((843.29445221859226,140.,931.67162924297872));
#4072=IFCCARTESIANPOINT((836.70554778140024,140.,931.67162924297884));
#4073=IFCCARTESIANPOINT((854.54241566391272,140.,924.28335665578493));
#4074=IFCCARTESIANPOINT((857.27162924297772,140.,917.69445221859303));
#4075=IFCCARTESIANPOINT((825.45758433607978,140.,924.28335665578527));
#4076=IFCCARTESIANPOINT((822.72837075701466,140.,917.69445221859303));
#4077=IFCCARTESIANPOINT((849.88335665578416,140.,928.94241566391349));
#4078=IFCCARTESIANPOINT((830.11664334420834,140.,928.94241566391349));
#4079=IFCCARTESIANPOINT((850.,140.,914.39999999999702));
#4080=IFCCARTESIANPOINT((830.,140.,914.39999999999702));
#4081=IFCCARTESIANPOINT((835.,140.,905.73974596215305));
#4082=IFCCARTESIANPOINT((845.,140.,905.73974596215305));
#4083=IFCCARTESIANPOINT((845.,140.,923.06025403784099));
#4084=IFCCARTESIANPOINT((835.,140.,923.06025403784099));
#4085=IFCPOLYLOOP((#3957,#3958,#3959));
#4086=IFCFACEOUTERBOUND(#4085,.T.);
#4087=IFCFACE((#4086));
#4088=IFCPOLYLOOP((#3959,#3960,#3957));
#4089=IFCFACEOUTERBOUND(#4088,.T.);
#4090=IFCFACE((#4089));
#4091=IFCPOLYLOOP((#3960,#3961,#3957));
#4092=IFCFACEOUTERBOUND(#4091,.T.);
#4093=IFCFACE((#4092));
#4094=IFCPOLYLOOP((#3957,#3963,#3958));
#4095=IFCFACEOUTERBOUND(#4094,.T.);
#4096=IFCFACE((#4095));
#4097=IFCPOLYLOOP((#3961,#3962,#3957));
#4098=IFCFACEOUTERBOUND(#4097,.T.);
#4099=IFCFACE((#4098));
#4100=IFCPOLYLOOP((#3963,#3957,#3962));
#4101=IFCFACEOUTERBOUND(#4100,.T.);
#4102=IFCFACE((#4101));
#4103=IFCPOLYLOOP((#3965,#3969,#3996));
#4104=IFCFACEOUTERBOUND(#4103,.T.);
#4105=IFCFACE((#4104));
#4106=IFCPOLYLOOP((#3965,#3996,#3982));
#4107=IFCFACEOUTERBOUND(#4106,.T.);
#4108=IFCFACE((#4107));
#4109=IFCPOLYLOOP((#3965,#3982,#3991));
#4110=IFCFACEOUTERBOUND(#4109,.T.);
#4111=IFCFACE((#4110));
#4112=IFCPOLYLOOP((#3965,#3991,#3964));
#4113=IFCFACEOUTERBOUND(#4112,.T.);
#4114=IFCFACE((#4113));
#4115=IFCPOLYLOOP((#3965,#3964,#4017));
#4116=IFCFACEOUTERBOUND(#4115,.T.);
#4117=IFCFACE((#4116));
#4118=IFCPOLYLOOP((#3965,#3994,#3969));
#4119=IFCFACEOUTERBOUND(#4118,.T.);
#4120=IFCFACE((#4119));
#4121=IFCPOLYLOOP((#3965,#3979,#3994));
#4122=IFCFACEOUTERBOUND(#4121,.T.);
#4123=IFCFACE((#4122));
#4124=IFCPOLYLOOP((#3965,#3987,#3979));
#4125=IFCFACEOUTERBOUND(#4124,.T.);
#4126=IFCFACE((#4125));
#4127=IFCPOLYLOOP((#3965,#3968,#3987));
#4128=IFCFACEOUTERBOUND(#4127,.T.);
#4129=IFCFACE((#4128));
#4130=IFCPOLYLOOP((#3965,#3986,#3968));
#4131=IFCFACEOUTERBOUND(#4130,.T.);
#4132=IFCFACE((#4131));
#4133=IFCPOLYLOOP((#3965,#3980,#3986));
#4134=IFCFACEOUTERBOUND(#4133,.T.);
#4135=IFCFACE((#4134));
#4136=IFCPOLYLOOP((#3965,#3993,#3980));
#4137=IFCFACEOUTERBOUND(#4136,.T.);
#4138=IFCFACE((#4137));
#4139=IFCPOLYLOOP((#3965,#3967,#3993));
#4140=IFCFACEOUTERBOUND(#4139,.T.);
#4141=IFCFACE((#4140));
#4142=IFCPOLYLOOP((#3965,#3988,#3967));
#4143=IFCFACEOUTERBOUND(#4142,.T.);
#4144=IFCFACE((#4143));
#4145=IFCPOLYLOOP((#3965,#3981,#3988));
#4146=IFCFACEOUTERBOUND(#4145,.T.);
#4147=IFCFACE((#4146));
#4148=IFCPOLYLOOP((#3965,#3995,#3981));
#4149=IFCFACEOUTERBOUND(#4148,.T.);
#4150=IFCFACE((#4149));
#4151=IFCPOLYLOOP((#3965,#3966,#3995));
#4152=IFCFACEOUTERBOUND(#4151,.T.);
#4153=IFCFACE((#4152));
#4154=IFCPOLYLOOP((#3965,#4017,#4003));
#4155=IFCFACEOUTERBOUND(#4154,.T.);
#4156=IFCFACE((#4155));
#4157=IFCPOLYLOOP((#3965,#4003,#4010));
#4158=IFCFACEOUTERBOUND(#4157,.T.);
#4159=IFCFACE((#4158));
#4160=IFCPOLYLOOP((#3965,#4010,#3970));
#4161=IFCFACEOUTERBOUND(#4160,.T.);
#4162=IFCFACE((#4161));
#4163=IFCPOLYLOOP((#3965,#3970,#4015));
#4164=IFCFACEOUTERBOUND(#4163,.T.);
#4165=IFCFACE((#4164));
#4166=IFCPOLYLOOP((#3965,#4015,#4002));
#4167=IFCFACEOUTERBOUND(#4166,.T.);
#4168=IFCFACE((#4167));
#4169=IFCPOLYLOOP((#3965,#4002,#4008));
#4170=IFCFACEOUTERBOUND(#4169,.T.);
#4171=IFCFACE((#4170));
#4172=IFCPOLYLOOP((#3965,#4008,#3971));
#4173=IFCFACEOUTERBOUND(#4172,.T.);
#4174=IFCFACE((#4173));
#4175=IFCPOLYLOOP((#3965,#3971,#4009));
#4176=IFCFACEOUTERBOUND(#4175,.T.);
#4177=IFCFACE((#4176));
#4178=IFCPOLYLOOP((#3965,#4013,#3966));
#4179=IFCFACEOUTERBOUND(#4178,.T.);
#4180=IFCFACE((#4179));
#4181=IFCPOLYLOOP((#3965,#4004,#4013));
#4182=IFCFACEOUTERBOUND(#4181,.T.);
#4183=IFCFACE((#4182));
#4184=IFCPOLYLOOP((#3965,#4018,#4004));
#4185=IFCFACEOUTERBOUND(#4184,.T.);
#4186=IFCFACE((#4185));
#4187=IFCPOLYLOOP((#3965,#3972,#4018));
#4188=IFCFACEOUTERBOUND(#4187,.T.);
#4189=IFCFACE((#4188));
#4190=IFCPOLYLOOP((#3965,#4009,#4001));
#4191=IFCFACEOUTERBOUND(#4190,.T.);
#4192=IFCFACE((#4191));
#4193=IFCPOLYLOOP((#3965,#4001,#4016));
#4194=IFCFACEOUTERBOUND(#4193,.T.);
#4195=IFCFACE((#4194));
#4196=IFCPOLYLOOP((#3965,#4016,#3972));
#4197=IFCFACEOUTERBOUND(#4196,.T.);
#4198=IFCFACE((#4197));
#4199=IFCPOLYLOOP((#3996,#3969,#3978));
#4200=IFCFACEOUTERBOUND(#4199,.T.);
#4201=IFCFACE((#4200));
#4202=IFCPOLYLOOP((#3975,#3967,#3988,#3981));
#4203=IFCFACEOUTERBOUND(#4202,.T.);
#4204=IFCFACE((#4203));
#4205=IFCPOLYLOOP((#3992,#3990,#3982));
#4206=IFCFACEOUTERBOUND(#4205,.T.);
#4207=IFCFACE((#4206));
#4208=IFCPOLYLOOP((#3980,#3993,#3967,#3983));
#4209=IFCFACEOUTERBOUND(#4208,.T.);
#4210=IFCFACE((#4209));
#4211=IFCPOLYLOOP((#3995,#3974,#4031,#3989));
#4212=IFCFACEOUTERBOUND(#4211,.T.);
#4213=IFCFACE((#4212));
#4214=IFCPOLYLOOP((#3981,#3989,#4025,#3975));
#4215=IFCFACEOUTERBOUND(#4214,.T.);
#4216=IFCFACE((#4215));
#4217=IFCPOLYLOOP((#3968,#3986,#3985));
#4218=IFCFACEOUTERBOUND(#4217,.T.);
#4219=IFCFACE((#4218));
#4220=IFCPOLYLOOP((#3977,#3987,#3985));
#4221=IFCFACEOUTERBOUND(#4220,.T.);
#4222=IFCFACE((#4221));
#4223=IFCPOLYLOOP((#3985,#3986,#3976));
#4224=IFCFACEOUTERBOUND(#4223,.T.);
#4225=IFCFACE((#4224));
#4226=IFCPOLYLOOP((#3984,#3978,#3969));
#4227=IFCFACEOUTERBOUND(#4226,.T.);
#4228=IFCFACE((#4227));
#4229=IFCPOLYLOOP((#3968,#3985,#3987));
#4230=IFCFACEOUTERBOUND(#4229,.T.);
#4231=IFCFACE((#4230));
#4232=IFCPOLYLOOP((#3986,#3980,#3976));
#4233=IFCFACEOUTERBOUND(#4232,.T.);
#4234=IFCFACE((#4233));
#4235=IFCPOLYLOOP((#3964,#3991,#3973));
#4236=IFCFACEOUTERBOUND(#4235,.T.);
#4237=IFCFACE((#4236));
#4238=IFCPOLYLOOP((#3994,#3979,#3984,#3969));
#4239=IFCFACEOUTERBOUND(#4238,.T.);
#4240=IFCFACE((#4239));
#4241=IFCPOLYLOOP((#3991,#3990,#3973));
#4242=IFCFACEOUTERBOUND(#4241,.T.);
#4243=IFCFACE((#4242));
#4244=IFCPOLYLOOP((#3967,#3975,#3983));
#4245=IFCFACEOUTERBOUND(#4244,.T.);
#4246=IFCFACE((#4245));
#4247=IFCPOLYLOOP((#3983,#3976,#3980));
#4248=IFCFACEOUTERBOUND(#4247,.T.);
#4249=IFCFACE((#4248));
#4250=IFCPOLYLOOP((#3966,#3974,#3995));
#4251=IFCFACEOUTERBOUND(#4250,.T.);
#4252=IFCFACE((#4251));
#4253=IFCPOLYLOOP((#3977,#3979,#3987));
#4254=IFCFACEOUTERBOUND(#4253,.T.);
#4255=IFCFACE((#4254));
#4256=IFCPOLYLOOP((#3990,#3991,#3982));
#4257=IFCFACEOUTERBOUND(#4256,.T.);
#4258=IFCFACE((#4257));
#4259=IFCPOLYLOOP((#3992,#3996,#3978));
#4260=IFCFACEOUTERBOUND(#4259,.T.);
#4261=IFCFACE((#4260));
#4262=IFCPOLYLOOP((#3992,#3982,#3996));
#4263=IFCFACEOUTERBOUND(#4262,.T.);
#4264=IFCFACE((#4263));
#4265=IFCPOLYLOOP((#3977,#3984,#3979));
#4266=IFCFACEOUTERBOUND(#4265,.T.);
#4267=IFCFACE((#4266));
#4268=IFCPOLYLOOP((#3989,#3981,#3995));
#4269=IFCFACEOUTERBOUND(#4268,.T.);
#4270=IFCFACE((#4269));
#4271=IFCPOLYLOOP((#4018,#3972,#4000));
#4272=IFCFACEOUTERBOUND(#4271,.T.);
#4273=IFCFACE((#4272));
#4274=IFCPOLYLOOP((#3997,#3970,#4010,#4003));
#4275=IFCFACEOUTERBOUND(#4274,.T.);
#4276=IFCFACE((#4275));
#4277=IFCPOLYLOOP((#4014,#4012,#4004));
#4278=IFCFACEOUTERBOUND(#4277,.T.);
#4279=IFCFACE((#4278));
#4280=IFCPOLYLOOP((#4002,#4015,#3970,#4005));
#4281=IFCFACEOUTERBOUND(#4280,.T.);
#4282=IFCFACE((#4281));
#4283=IFCPOLYLOOP((#4017,#3973,#4043,#4011));
#4284=IFCFACEOUTERBOUND(#4283,.T.);
#4285=IFCFACE((#4284));
#4286=IFCPOLYLOOP((#4003,#4011,#4037,#3997));
#4287=IFCFACEOUTERBOUND(#4286,.T.);
#4288=IFCFACE((#4287));
#4289=IFCPOLYLOOP((#3971,#4008,#4007));
#4290=IFCFACEOUTERBOUND(#4289,.T.);
#4291=IFCFACE((#4290));
#4292=IFCPOLYLOOP((#3999,#4009,#4007));
#4293=IFCFACEOUTERBOUND(#4292,.T.);
#4294=IFCFACE((#4293));
#4295=IFCPOLYLOOP((#4007,#4008,#3998));
#4296=IFCFACEOUTERBOUND(#4295,.T.);
#4297=IFCFACE((#4296));
#4298=IFCPOLYLOOP((#4006,#4000,#3972));
#4299=IFCFACEOUTERBOUND(#4298,.T.);
#4300=IFCFACE((#4299));
#4301=IFCPOLYLOOP((#3971,#4007,#4009));
#4302=IFCFACEOUTERBOUND(#4301,.T.);
#4303=IFCFACE((#4302));
#4304=IFCPOLYLOOP((#4008,#4002,#3998));
#4305=IFCFACEOUTERBOUND(#4304,.T.);
#4306=IFCFACE((#4305));
#4307=IFCPOLYLOOP((#3966,#4013,#3974));
#4308=IFCFACEOUTERBOUND(#4307,.T.);
#4309=IFCFACE((#4308));
#4310=IFCPOLYLOOP((#4016,#4001,#4006,#3972));
#4311=IFCFACEOUTERBOUND(#4310,.T.);
#4312=IFCFACE((#4311));
#4313=IFCPOLYLOOP((#4013,#4012,#3974));
#4314=IFCFACEOUTERBOUND(#4313,.T.);
#4315=IFCFACE((#4314));
#4316=IFCPOLYLOOP((#3970,#3997,#4005));
#4317=IFCFACEOUTERBOUND(#4316,.T.);
#4318=IFCFACE((#4317));
#4319=IFCPOLYLOOP((#4005,#3998,#4002));
#4320=IFCFACEOUTERBOUND(#4319,.T.);
#4321=IFCFACE((#4320));
#4322=IFCPOLYLOOP((#3964,#3973,#4017));
#4323=IFCFACEOUTERBOUND(#4322,.T.);
#4324=IFCFACE((#4323));
#4325=IFCPOLYLOOP((#3999,#4001,#4009));
#4326=IFCFACEOUTERBOUND(#4325,.T.);
#4327=IFCFACE((#4326));
#4328=IFCPOLYLOOP((#4012,#4013,#4004));
#4329=IFCFACEOUTERBOUND(#4328,.T.);
#4330=IFCFACE((#4329));
#4331=IFCPOLYLOOP((#4014,#4018,#4000));
#4332=IFCFACEOUTERBOUND(#4331,.T.);
#4333=IFCFACE((#4332));
#4334=IFCPOLYLOOP((#4014,#4004,#4018));
#4335=IFCFACEOUTERBOUND(#4334,.T.);
#4336=IFCFACE((#4335));
#4337=IFCPOLYLOOP((#3999,#4006,#4001));
#4338=IFCFACEOUTERBOUND(#4337,.T.);
#4339=IFCFACE((#4338));
#4340=IFCPOLYLOOP((#4011,#4003,#4017));
#4341=IFCFACEOUTERBOUND(#4340,.T.);
#4342=IFCFACE((#4341));
#4343=IFCPOLYLOOP((#4025,#3989,#4031,#3974,#4020,#4026,#4021,#3975));
#4344=IFCFACEOUTERBOUND(#4343,.T.);
#4345=IFCFACE((#4344));
#4346=IFCPOLYLOOP((#3983,#3975,#4021,#4027,#4022,#3976));
#4347=IFCFACEOUTERBOUND(#4346,.T.);
#4348=IFCFACE((#4347));
#4349=IFCPOLYLOOP((#4019,#3973,#3990,#3992,#3978,#4024,#4029,#4054,#4032));
#4350=IFCFACEOUTERBOUND(#4349,.T.);
#4351=IFCFACE((#4350));
#4352=IFCPOLYLOOP((#3977,#3985,#3976,#4022,#4028,#4023));
#4353=IFCFACEOUTERBOUND(#4352,.T.);
#4354=IFCFACE((#4353));
#4355=IFCPOLYLOOP((#4030,#4024,#3978,#3984,#3977,#4023));
#4356=IFCFACEOUTERBOUND(#4355,.T.);
#4357=IFCFACE((#4356));
#4358=IFCPOLYLOOP((#4037,#4011,#4043,#3973,#4019,#4038,#4033,#3997));
#4359=IFCFACEOUTERBOUND(#4358,.T.);
#4360=IFCFACE((#4359));
#4361=IFCPOLYLOOP((#4005,#3997,#4033,#4039,#4034,#3998));
#4362=IFCFACEOUTERBOUND(#4361,.T.);
#4363=IFCFACE((#4362));
#4364=IFCPOLYLOOP((#4020,#3974,#4012,#4014,#4000,#4036,#4042,#4070,#4044));
#4365=IFCFACEOUTERBOUND(#4364,.T.);
#4366=IFCFACE((#4365));
#4367=IFCPOLYLOOP((#3999,#4007,#3998,#4034,#4040,#4035));
#4368=IFCFACEOUTERBOUND(#4367,.T.);
#4369=IFCFACE((#4368));
#4370=IFCPOLYLOOP((#4006,#3999,#4035,#4041,#4036,#4000));
#4371=IFCFACEOUTERBOUND(#4370,.T.);
#4372=IFCFACE((#4371));
#4373=IFCPOLYLOOP((#4021,#4052,#4057,#4047));
#4374=IFCFACEOUTERBOUND(#4373,.T.);
#4375=IFCFACE((#4374));
#4376=IFCPOLYLOOP((#4027,#4021,#4047));
#4377=IFCFACEOUTERBOUND(#4376,.T.);
#4378=IFCFACE((#4377));
#4379=IFCPOLYLOOP((#4026,#4052,#4021));
#4380=IFCFACEOUTERBOUND(#4379,.T.);
#4381=IFCFACE((#4380));
#4382=IFCPOLYLOOP((#4062,#4049,#4030,#4051));
#4383=IFCFACEOUTERBOUND(#4382,.T.);
#4384=IFCFACE((#4383));
#4385=IFCPOLYLOOP((#4061,#4050,#4027,#4047));
#4386=IFCFACEOUTERBOUND(#4385,.T.);
#4387=IFCFACE((#4386));
#4388=IFCPOLYLOOP((#4059,#4053,#4024,#4049));
#4389=IFCFACEOUTERBOUND(#4388,.T.);
#4390=IFCFACE((#4389));
#4391=IFCPOLYLOOP((#4020,#4046,#4058));
#4392=IFCFACEOUTERBOUND(#4391,.T.);
#4393=IFCFACE((#4392));
#4394=IFCPOLYLOOP((#4056,#4051,#4023));
#4395=IFCFACEOUTERBOUND(#4394,.T.);
#4396=IFCFACE((#4395));
#4397=IFCPOLYLOOP((#4022,#4055,#4028));
#4398=IFCFACEOUTERBOUND(#4397,.T.);
#4399=IFCFACE((#4398));
#4400=IFCPOLYLOOP((#4028,#4056,#4023));
#4401=IFCFACEOUTERBOUND(#4400,.T.);
#4402=IFCFACE((#4401));
#4403=IFCPOLYLOOP((#4045,#4019,#4060));
#4404=IFCFACEOUTERBOUND(#4403,.T.);
#4405=IFCFACE((#4404));
#4406=IFCPOLYLOOP((#4022,#4027,#4050));
#4407=IFCFACEOUTERBOUND(#4406,.T.);
#4408=IFCFACE((#4407));
#4409=IFCPOLYLOOP((#4056,#4028,#4048));
#4410=IFCFACEOUTERBOUND(#4409,.T.);
#4411=IFCFACE((#4410));
#4412=IFCPOLYLOOP((#4060,#4019,#4032,#4054));
#4413=IFCFACEOUTERBOUND(#4412,.T.);
#4414=IFCFACE((#4413));
#4415=IFCPOLYLOOP((#4026,#4020,#4058));
#4416=IFCFACEOUTERBOUND(#4415,.T.);
#4417=IFCFACE((#4416));
#4418=IFCPOLYLOOP((#4049,#4024,#4030));
#4419=IFCFACEOUTERBOUND(#4418,.T.);
#4420=IFCFACE((#4419));
#4421=IFCPOLYLOOP((#4048,#4028,#4055));
#4422=IFCFACEOUTERBOUND(#4421,.T.);
#4423=IFCFACE((#4422));
#4424=IFCPOLYLOOP((#4022,#4050,#4055));
#4425=IFCFACEOUTERBOUND(#4424,.T.);
#4426=IFCFACE((#4425));
#4427=IFCPOLYLOOP((#4030,#4023,#4051));
#4428=IFCFACEOUTERBOUND(#4427,.T.);
#4429=IFCFACE((#4428));
#4430=IFCPOLYLOOP((#4058,#4052,#4026));
#4431=IFCFACEOUTERBOUND(#4430,.T.);
#4432=IFCFACE((#4431));
#4433=IFCPOLYLOOP((#4053,#4054,#4029,#4024));
#4434=IFCFACEOUTERBOUND(#4433,.T.);
#4435=IFCFACE((#4434));
#4436=IFCPOLYLOOP((#4054,#4053,#4060));
#4437=IFCFACEOUTERBOUND(#4436,.T.);
#4438=IFCFACE((#4437));
#4439=IFCPOLYLOOP((#4033,#4068,#4073,#4063));
#4440=IFCFACEOUTERBOUND(#4439,.T.);
#4441=IFCFACE((#4440));
#4442=IFCPOLYLOOP((#4039,#4033,#4063));
#4443=IFCFACEOUTERBOUND(#4442,.T.);
#4444=IFCFACE((#4443));
#4445=IFCPOLYLOOP((#4038,#4068,#4033));
#4446=IFCFACEOUTERBOUND(#4445,.T.);
#4447=IFCFACE((#4446));
#4448=IFCPOLYLOOP((#4078,#4065,#4041,#4067));
#4449=IFCFACEOUTERBOUND(#4448,.T.);
#4450=IFCFACE((#4449));
#4451=IFCPOLYLOOP((#4077,#4066,#4039,#4063));
#4452=IFCFACEOUTERBOUND(#4451,.T.);
#4453=IFCFACE((#4452));
#4454=IFCPOLYLOOP((#4075,#4069,#4036,#4065));
#4455=IFCFACEOUTERBOUND(#4454,.T.);
#4456=IFCFACE((#4455));
#4457=IFCPOLYLOOP((#4046,#4020,#4076));
#4458=IFCFACEOUTERBOUND(#4457,.T.);
#4459=IFCFACE((#4458));
#4460=IFCPOLYLOOP((#4072,#4067,#4035));
#4461=IFCFACEOUTERBOUND(#4460,.T.);
#4462=IFCFACE((#4461));
#4463=IFCPOLYLOOP((#4034,#4071,#4040));
#4464=IFCFACEOUTERBOUND(#4463,.T.);
#4465=IFCFACE((#4464));
#4466=IFCPOLYLOOP((#4040,#4072,#4035));
#4467=IFCFACEOUTERBOUND(#4466,.T.);
#4468=IFCFACE((#4467));
#4469=IFCPOLYLOOP((#4019,#4045,#4074));
#4470=IFCFACEOUTERBOUND(#4469,.T.);
#4471=IFCFACE((#4470));
#4472=IFCPOLYLOOP((#4034,#4039,#4066));
#4473=IFCFACEOUTERBOUND(#4472,.T.);
#4474=IFCFACE((#4473));
#4475=IFCPOLYLOOP((#4064,#4072,#4040));
#4476=IFCFACEOUTERBOUND(#4475,.T.);
#4477=IFCFACE((#4476));
#4478=IFCPOLYLOOP((#4076,#4020,#4044,#4070));
#4479=IFCFACEOUTERBOUND(#4478,.T.);
#4480=IFCFACE((#4479));
#4481=IFCPOLYLOOP((#4038,#4019,#4074));
#4482=IFCFACEOUTERBOUND(#4481,.T.);
#4483=IFCFACE((#4482));
#4484=IFCPOLYLOOP((#4065,#4036,#4041));
#4485=IFCFACEOUTERBOUND(#4484,.T.);
#4486=IFCFACE((#4485));
#4487=IFCPOLYLOOP((#4064,#4040,#4071));
#4488=IFCFACEOUTERBOUND(#4487,.T.);
#4489=IFCFACE((#4488));
#4490=IFCPOLYLOOP((#4034,#4066,#4071));
#4491=IFCFACEOUTERBOUND(#4490,.T.);
#4492=IFCFACE((#4491));
#4493=IFCPOLYLOOP((#4041,#4035,#4067));
#4494=IFCFACEOUTERBOUND(#4493,.T.);
#4495=IFCFACE((#4494));
#4496=IFCPOLYLOOP((#4074,#4068,#4038));
#4497=IFCFACEOUTERBOUND(#4496,.T.);
#4498=IFCFACE((#4497));
#4499=IFCPOLYLOOP((#4069,#4070,#4042,#4036));
#4500=IFCFACEOUTERBOUND(#4499,.T.);
#4501=IFCFACE((#4500));
#4502=IFCPOLYLOOP((#4070,#4069,#4076));
#4503=IFCFACEOUTERBOUND(#4502,.T.);
#4504=IFCFACE((#4503));
#4505=IFCPOLYLOOP((#4079,#4045,#4060));
#4506=IFCFACEOUTERBOUND(#4505,.T.);
#4507=IFCFACE((#4506));
#4508=IFCPOLYLOOP((#4079,#4060,#4053));
#4509=IFCFACEOUTERBOUND(#4508,.T.);
#4510=IFCFACE((#4509));
#4511=IFCPOLYLOOP((#4079,#4053,#4059));
#4512=IFCFACEOUTERBOUND(#4511,.T.);
#4513=IFCFACE((#4512));
#4514=IFCPOLYLOOP((#4079,#4059,#4049));
#4515=IFCFACEOUTERBOUND(#4514,.T.);
#4516=IFCFACE((#4515));
#4517=IFCPOLYLOOP((#4079,#4049,#4082));
#4518=IFCFACEOUTERBOUND(#4517,.T.);
#4519=IFCFACE((#4518));
#4520=IFCPOLYLOOP((#4079,#4074,#4045));
#4521=IFCFACEOUTERBOUND(#4520,.T.);
#4522=IFCFACE((#4521));
#4523=IFCPOLYLOOP((#4079,#4068,#4074));
#4524=IFCFACEOUTERBOUND(#4523,.T.);
#4525=IFCFACE((#4524));
#4526=IFCPOLYLOOP((#4079,#4073,#4068));
#4527=IFCFACEOUTERBOUND(#4526,.T.);
#4528=IFCFACE((#4527));
#4529=IFCPOLYLOOP((#4079,#4063,#4073));
#4530=IFCFACEOUTERBOUND(#4529,.T.);
#4531=IFCFACE((#4530));
#4532=IFCPOLYLOOP((#4079,#4083,#4063));
#4533=IFCFACEOUTERBOUND(#4532,.T.);
#4534=IFCFACE((#4533));
#4535=IFCPOLYLOOP((#4083,#4077,#4063));
#4536=IFCFACEOUTERBOUND(#4535,.T.);
#4537=IFCFACE((#4536));
#4538=IFCPOLYLOOP((#4083,#4066,#4077));
#4539=IFCFACEOUTERBOUND(#4538,.T.);
#4540=IFCFACE((#4539));
#4541=IFCPOLYLOOP((#4083,#4071,#4066));
#4542=IFCFACEOUTERBOUND(#4541,.T.);
#4543=IFCFACE((#4542));
#4544=IFCPOLYLOOP((#4083,#4064,#4071));
#4545=IFCFACEOUTERBOUND(#4544,.T.);
#4546=IFCFACE((#4545));
#4547=IFCPOLYLOOP((#4083,#4084,#4064));
#4548=IFCFACEOUTERBOUND(#4547,.T.);
#4549=IFCFACE((#4548));
#4550=IFCPOLYLOOP((#4084,#4072,#4064));
#4551=IFCFACEOUTERBOUND(#4550,.T.);
#4552=IFCFACE((#4551));
#4553=IFCPOLYLOOP((#4084,#4067,#4072));
#4554=IFCFACEOUTERBOUND(#4553,.T.);
#4555=IFCFACE((#4554));
#4556=IFCPOLYLOOP((#4084,#4078,#4067));
#4557=IFCFACEOUTERBOUND(#4556,.T.);
#4558=IFCFACE((#4557));
#4559=IFCPOLYLOOP((#4084,#4065,#4078));
#4560=IFCFACEOUTERBOUND(#4559,.T.);
#4561=IFCFACE((#4560));
#4562=IFCPOLYLOOP((#4084,#4080,#4065));
#4563=IFCFACEOUTERBOUND(#4562,.T.);
#4564=IFCFACE((#4563));
#4565=IFCPOLYLOOP((#4080,#4075,#4065));
#4566=IFCFACEOUTERBOUND(#4565,.T.);
#4567=IFCFACE((#4566));
#4568=IFCPOLYLOOP((#4080,#4069,#4075));
#4569=IFCFACEOUTERBOUND(#4568,.T.);
#4570=IFCFACE((#4569));
#4571=IFCPOLYLOOP((#4080,#4076,#4069));
#4572=IFCFACEOUTERBOUND(#4571,.T.);
#4573=IFCFACE((#4572));
#4574=IFCPOLYLOOP((#4080,#4046,#4076));
#4575=IFCFACEOUTERBOUND(#4574,.T.);
#4576=IFCFACE((#4575));
#4577=IFCPOLYLOOP((#4080,#4058,#4046));
#4578=IFCFACEOUTERBOUND(#4577,.T.);
#4579=IFCFACE((#4578));
#4580=IFCPOLYLOOP((#4080,#4052,#4058));
#4581=IFCFACEOUTERBOUND(#4580,.T.);
#4582=IFCFACE((#4581));
#4583=IFCPOLYLOOP((#4080,#4057,#4052));
#4584=IFCFACEOUTERBOUND(#4583,.T.);
#4585=IFCFACE((#4584));
#4586=IFCPOLYLOOP((#4080,#4047,#4057));
#4587=IFCFACEOUTERBOUND(#4586,.T.);
#4588=IFCFACE((#4587));
#4589=IFCPOLYLOOP((#4080,#4081,#4047));
#4590=IFCFACEOUTERBOUND(#4589,.T.);
#4591=IFCFACE((#4590));
#4592=IFCPOLYLOOP((#4082,#4048,#4081));
#4593=IFCFACEOUTERBOUND(#4592,.T.);
#4594=IFCFACE((#4593));
#4595=IFCPOLYLOOP((#4081,#4048,#4055));
#4596=IFCFACEOUTERBOUND(#4595,.T.);
#4597=IFCFACE((#4596));
#4598=IFCPOLYLOOP((#4081,#4055,#4050));
#4599=IFCFACEOUTERBOUND(#4598,.T.);
#4600=IFCFACE((#4599));
#4601=IFCPOLYLOOP((#4081,#4050,#4061));
#4602=IFCFACEOUTERBOUND(#4601,.T.);
#4603=IFCFACE((#4602));
#4604=IFCPOLYLOOP((#4081,#4061,#4047));
#4605=IFCFACEOUTERBOUND(#4604,.T.);
#4606=IFCFACE((#4605));
#4607=IFCPOLYLOOP((#4082,#4049,#4062));
#4608=IFCFACEOUTERBOUND(#4607,.T.);
#4609=IFCFACE((#4608));
#4610=IFCPOLYLOOP((#4082,#4062,#4051));
#4611=IFCFACEOUTERBOUND(#4610,.T.);
#4612=IFCFACE((#4611));
#4613=IFCPOLYLOOP((#4082,#4051,#4056));
#4614=IFCFACEOUTERBOUND(#4613,.T.);
#4615=IFCFACE((#4614));
#4616=IFCPOLYLOOP((#4082,#4056,#4048));
#4617=IFCFACEOUTERBOUND(#4616,.T.);
#4618=IFCFACE((#4617));
#4619=IFCPOLYLOOP((#3961,#3960,#4081,#4080));
#4620=IFCFACEOUTERBOUND(#4619,.T.);
#4621=IFCFACE((#4620));
#4622=IFCPOLYLOOP((#3960,#3959,#4082,#4081));
#4623=IFCFACEOUTERBOUND(#4622,.T.);
#4624=IFCFACE((#4623));
#4625=IFCPOLYLOOP((#3959,#3958,#4079,#4082));
#4626=IFCFACEOUTERBOUND(#4625,.T.);
#4627=IFCFACE((#4626));
#4628=IFCPOLYLOOP((#3958,#3963,#4083,#4079));
#4629=IFCFACEOUTERBOUND(#4628,.T.);
#4630=IFCFACE((#4629));
#4631=IFCPOLYLOOP((#3963,#3962,#4084,#4083));
#4632=IFCFACEOUTERBOUND(#4631,.T.);
#4633=IFCFACE((#4632));
#4634=IFCPOLYLOOP((#3962,#3961,#4080,#4084));
#4635=IFCFACEOUTERBOUND(#4634,.T.);
#4636=IFCFACE((#4635));
#4637=IFCCARTESIANPOINT((810.,165.,914.39999999999714));
#4638=IFCCARTESIANPOINT((811.02222521133365,165.,922.1645713530728));
#4639=IFCCARTESIANPOINT((814.01923788647241,165.,929.39999999999714));
#4640=IFCCARTESIANPOINT((818.7867965644092,165.,935.6132034355935));
#4641=IFCCARTESIANPOINT((825.,165.,940.38076211353018));
#4642=IFCCARTESIANPOINT((832.23542864693002,165.,943.37777478866917));
#4643=IFCCARTESIANPOINT((840.,165.,944.39999999999702));
#4644=IFCCARTESIANPOINT((847.76457135308124,165.,943.37777478866917));
#4645=IFCCARTESIANPOINT((855.,165.,940.38076211353018));
#4646=IFCCARTESIANPOINT((861.21320343560205,165.,935.6132034355935));
#4647=IFCCARTESIANPOINT((865.98076211353873,165.,929.39999999999702));
#4648=IFCCARTESIANPOINT((868.97777478867772,165.,922.16457135307269));
#4649=IFCCARTESIANPOINT((870.,165.,914.39999999999691));
#4650=IFCCARTESIANPOINT((868.97777478867749,165.,906.63542864692135));
#4651=IFCCARTESIANPOINT((865.98076211353873,165.,899.39999999999691));
#4652=IFCCARTESIANPOINT((861.21320343560194,165.,893.18679656440042));
#4653=IFCCARTESIANPOINT((855.,165.,888.41923788646375));
#4654=IFCCARTESIANPOINT((847.76457135308101,165.,885.42222521132499));
#4655=IFCCARTESIANPOINT((840.,165.,884.39999999999714));
#4656=IFCCARTESIANPOINT((832.23542864692979,165.,885.4222252113251));
#4657=IFCCARTESIANPOINT((825.,165.,888.41923788646386));
#4658=IFCCARTESIANPOINT((818.78679656440909,165.,893.18679656440077));
#4659=IFCCARTESIANPOINT((814.0192378864723,165.,899.39999999999725));
#4660=IFCCARTESIANPOINT((811.02222521133353,165.,906.63542864692158));
#4661=IFCCARTESIANPOINT((810.,159.,914.39999999999714));
#4662=IFCCARTESIANPOINT((811.02222521133353,159.,906.63542864692158));
#4663=IFCCARTESIANPOINT((814.0192378864723,159.,899.39999999999725));
#4664=IFCCARTESIANPOINT((818.78679656440909,159.,893.18679656440077));
#4665=IFCCARTESIANPOINT((825.,159.,888.41923788646386));
#4666=IFCCARTESIANPOINT((832.23542864692979,159.,885.4222252113251));
#4667=IFCCARTESIANPOINT((840.,159.,884.39999999999714));
#4668=IFCCARTESIANPOINT((847.76457135308101,159.,885.42222521132499));
#4669=IFCCARTESIANPOINT((855.,159.,888.41923788646375));
#4670=IFCCARTESIANPOINT((861.21320343560194,159.,893.18679656440042));
#4671=IFCCARTESIANPOINT((865.98076211353873,159.,899.39999999999691));
#4672=IFCCARTESIANPOINT((868.97777478867749,159.,906.63542864692135));
#4673=IFCCARTESIANPOINT((870.,159.,914.39999999999702));
#4674=IFCCARTESIANPOINT((868.97777478867772,159.,922.16457135307269));
#4675=IFCCARTESIANPOINT((865.98076211353873,159.,929.39999999999702));
#4676=IFCCARTESIANPOINT((861.21320343560205,159.,935.6132034355935));
#4677=IFCCARTESIANPOINT((855.,159.,940.38076211353018));
#4678=IFCCARTESIANPOINT((847.76457135308124,159.,943.37777478866917));
#4679=IFCCARTESIANPOINT((840.,159.,944.39999999999702));
#4680=IFCCARTESIANPOINT((832.23542864693002,159.,943.37777478866917));
#4681=IFCCARTESIANPOINT((825.,159.,940.38076211353018));
#4682=IFCCARTESIANPOINT((818.7867965644092,159.,935.6132034355935));
#4683=IFCCARTESIANPOINT((814.01923788647241,159.,929.39999999999714));
#4684=IFCCARTESIANPOINT((811.02222521133365,159.,922.1645713530728));
#4685=IFCPOLYLOOP((#4653,#4654,#4655,#4656,#4657,#4658,#4659,#4660,#4637,#4638,#4639,#4640,#4641,#4642,#4643,#4644,#4645,#4646,#4647,#4648,#4649,#4650,#4651,#4652));
#4686=IFCFACEOUTERBOUND(#4685,.T.);
#4687=IFCFACE((#4686));
#4688=IFCPOLYLOOP((#4678,#4679,#4680,#4681,#4682,#4683,#4684,#4661,#4662,#4663,#4664,#4665,#4666,#4667,#4668,#4669,#4670,#4671,#4672,#4673,#4674,#4675,#4676,#4677));
#4689=IFCFACEOUTERBOUND(#4688,.T.);
#4690=IFCFACE((#4689));
#4691=IFCPOLYLOOP((#4661,#4637,#4660,#4662));
#4692=IFCFACEOUTERBOUND(#4691,.T.);
#4693=IFCFACE((#4692));
#4694=IFCPOLYLOOP((#4662,#4660,#4659,#4663));
#4695=IFCFACEOUTERBOUND(#4694,.T.);
#4696=IFCFACE((#4695));
#4697=IFCPOLYLOOP((#4665,#4664,#4658,#4657));
#4698=IFCFACEOUTERBOUND(#4697,.T.);
#4699=IFCFACE((#4698));
#4700=IFCPOLYLOOP((#4658,#4664,#4663,#4659));
#4701=IFCFACEOUTERBOUND(#4700,.T.);
#4702=IFCFACE((#4701));
#4703=IFCPOLYLOOP((#4666,#4665,#4657,#4656));
#4704=IFCFACEOUTERBOUND(#4703,.T.);
#4705=IFCFACE((#4704));
#4706=IFCPOLYLOOP((#4666,#4656,#4655,#4667));
#4707=IFCFACEOUTERBOUND(#4706,.T.);
#4708=IFCFACE((#4707));
#4709=IFCPOLYLOOP((#4667,#4655,#4654,#4668));
#4710=IFCFACEOUTERBOUND(#4709,.T.);
#4711=IFCFACE((#4710));
#4712=IFCPOLYLOOP((#4668,#4654,#4653,#4669));
#4713=IFCFACEOUTERBOUND(#4712,.T.);
#4714=IFCFACE((#4713));
#4715=IFCPOLYLOOP((#4671,#4670,#4652,#4651));
#4716=IFCFACEOUTERBOUND(#4715,.T.);
#4717=IFCFACE((#4716));
#4718=IFCPOLYLOOP((#4652,#4670,#4669,#4653));
#4719=IFCFACEOUTERBOUND(#4718,.T.);
#4720=IFCFACE((#4719));
#4721=IFCPOLYLOOP((#4672,#4671,#4651,#4650));
#4722=IFCFACEOUTERBOUND(#4721,.T.);
#4723=IFCFACE((#4722));
#4724=IFCPOLYLOOP((#4672,#4650,#4649,#4673));
#4725=IFCFACEOUTERBOUND(#4724,.T.);
#4726=IFCFACE((#4725));
#4727=IFCPOLYLOOP((#4673,#4649,#4648,#4674));
#4728=IFCFACEOUTERBOUND(#4727,.T.);
#4729=IFCFACE((#4728));
#4730=IFCPOLYLOOP((#4674,#4648,#4647,#4675));
#4731=IFCFACEOUTERBOUND(#4730,.T.);
#4732=IFCFACE((#4731));
#4733=IFCPOLYLOOP((#4677,#4676,#4646,#4645));
#4734=IFCFACEOUTERBOUND(#4733,.T.);
#4735=IFCFACE((#4734));
#4736=IFCPOLYLOOP((#4646,#4676,#4675,#4647));
#4737=IFCFACEOUTERBOUND(#4736,.T.);
#4738=IFCFACE((#4737));
#4739=IFCPOLYLOOP((#4678,#4677,#4645,#4644));
#4740=IFCFACEOUTERBOUND(#4739,.T.);
#4741=IFCFACE((#4740));
#4742=IFCPOLYLOOP((#4678,#4644,#4643,#4679));
#4743=IFCFACEOUTERBOUND(#4742,.T.);
#4744=IFCFACE((#4743));
#4745=IFCPOLYLOOP((#4679,#4643,#4642,#4680));
#4746=IFCFACEOUTERBOUND(#4745,.T.);
#4747=IFCFACE((#4746));
#4748=IFCPOLYLOOP((#4680,#4642,#4641,#4681));
#4749=IFCFACEOUTERBOUND(#4748,.T.);
#4750=IFCFACE((#4749));
#4751=IFCPOLYLOOP((#4683,#4682,#4640,#4639));
#4752=IFCFACEOUTERBOUND(#4751,.T.);
#4753=IFCFACE((#4752));
#4754=IFCPOLYLOOP((#4640,#4682,#4681,#4641));
#4755=IFCFACEOUTERBOUND(#4754,.T.);
#4756=IFCFACE((#4755));
#4757=IFCPOLYLOOP((#4684,#4683,#4639,#4638));
#4758=IFCFACEOUTERBOUND(#4757,.T.);
#4759=IFCFACE((#4758));
#4760=IFCPOLYLOOP((#4684,#4638,#4637,#4661));
#4761=IFCFACEOUTERBOUND(#4760,.T.);
#4762=IFCFACE((#4761));
#4763=IFCCARTESIANPOINT((840.,206.,914.39999999999759));
#4764=IFCCARTESIANPOINT((830.,206.,914.39999999999759));
#4765=IFCCARTESIANPOINT((835.,206.,905.73974596215362));
#4766=IFCCARTESIANPOINT((845.,206.,905.73974596215362));
#4767=IFCCARTESIANPOINT((850.,206.,914.39999999999759));
#4768=IFCCARTESIANPOINT((845.,206.,923.06025403784156));
#4769=IFCCARTESIANPOINT((835.,206.,923.06025403784156));
#4770=IFCCARTESIANPOINT((860.47586758235104,255.,914.39999999999748));
#4771=IFCCARTESIANPOINT((854.47862481815696,255.,899.92137518183654));
#4772=IFCCARTESIANPOINT((840.,255.,893.92413241764268));
#4773=IFCCARTESIANPOINT((825.52137518183497,255.,899.92137518183665));
#4774=IFCCARTESIANPOINT((819.524132417641,255.,914.39999999999759));
#4775=IFCCARTESIANPOINT((840.,255.,914.39999999999759));
#4776=IFCCARTESIANPOINT((825.5213751818352,255.,928.87862481815864));
#4777=IFCCARTESIANPOINT((840.,255.,934.8758675823525));
#4778=IFCCARTESIANPOINT((854.47862481815719,255.,928.87862481815853));
#4779=IFCCARTESIANPOINT((865.,253.17213185412365,914.39999999999748));
#4780=IFCCARTESIANPOINT((860.22542485936629,253.17213185412365,899.70536869268801));
#4781=IFCCARTESIANPOINT((847.72542485936833,253.17213185412365,890.62358709262264));
#4782=IFCCARTESIANPOINT((832.27457514062348,253.17213185412365,890.62358709262276));
#4783=IFCCARTESIANPOINT((819.77457514062564,253.17213185412365,899.70536869268824));
#4784=IFCCARTESIANPOINT((815.,253.17213185412365,914.3999999999977));
#4785=IFCCARTESIANPOINT((832.76068759091538,255.,896.92275379973967));
#4786=IFCCARTESIANPOINT((847.23931240907655,255.,896.92275379973967));
#4787=IFCCARTESIANPOINT((822.52275379973798,255.,907.16068759091718));
#4788=IFCCARTESIANPOINT((857.47724620025406,255.,907.16068759091695));
#4789=IFCCARTESIANPOINT((826.02457514062451,253.17213185412365,895.16447789265544));
#4790=IFCCARTESIANPOINT((853.97542485936731,253.17213185412365,895.16447789265533));
#4791=IFCCARTESIANPOINT((843.61965620453623,255.,895.42344310869112));
#4792=IFCCARTESIANPOINT((840.,253.17213185412365,890.62358709262276));
#4793=IFCCARTESIANPOINT((836.38034379545581,255.,895.42344310869123));
#4794=IFCCARTESIANPOINT((824.02206449078642,255.,903.54103138637686));
#4795=IFCCARTESIANPOINT((817.38728757031288,253.17213185412365,907.05268434634309));
#4796=IFCCARTESIANPOINT((862.61271242967916,253.17213185412365,907.05268434634286));
#4797=IFCCARTESIANPOINT((858.97655689130249,255.,910.78034379545727));
#4798=IFCCARTESIANPOINT((861.41906864452267,253.17213185412365,903.37902651951538));
#4799=IFCCARTESIANPOINT((829.14103138637518,255.,898.4220644907881));
#4800=IFCCARTESIANPOINT((850.85896861361675,255.,898.42206449078799));
#4801=IFCCARTESIANPOINT((821.02344310868943,255.,910.78034379545727));
#4802=IFCCARTESIANPOINT((855.97793550920551,255.,903.54103138637674));
#4803=IFCCARTESIANPOINT((819.77457514062576,253.17213185412365,929.09463130730717));
#4804=IFCCARTESIANPOINT((832.27457514062394,253.17213185412365,938.17641290737254));
#4805=IFCCARTESIANPOINT((847.72542485936856,253.17213185412365,938.17641290737242));
#4806=IFCCARTESIANPOINT((860.22542485936651,253.17213185412365,929.09463130730694));
#4807=IFCCARTESIANPOINT((847.23931240907666,255.,931.87724620025551));
#4808=IFCCARTESIANPOINT((832.76068759091572,255.,931.87724620025551));
#4809=IFCCARTESIANPOINT((857.47724620025406,255.,921.639312409078));
#4810=IFCCARTESIANPOINT((822.52275379973821,255.,921.63931240907823));
#4811=IFCCARTESIANPOINT((853.97542485936754,253.17213185412365,933.63552210733974));
#4812=IFCCARTESIANPOINT((826.02457514062473,253.17213185412365,933.63552210733985));
#4813=IFCCARTESIANPOINT((836.38034379545593,255.,933.37655689130429));
#4814=IFCCARTESIANPOINT((840.,253.17213185412365,938.17641290737254));
#4815=IFCCARTESIANPOINT((843.61965620453645,255.,933.37655689130406));
#4816=IFCCARTESIANPOINT((855.97793550920562,255.,925.25896861361832));
#4817=IFCCARTESIANPOINT((862.61271242967916,253.17213185412365,921.74731565365209));
#4818=IFCCARTESIANPOINT((817.38728757031299,253.17213185412365,921.74731565365255));
#4819=IFCCARTESIANPOINT((821.02344310868955,255.,918.01965620453802));
#4820=IFCCARTESIANPOINT((818.58093135546937,253.17213185412365,925.42097348047992));
#4821=IFCCARTESIANPOINT((850.85896861361687,255.,930.37793550920696));
#4822=IFCCARTESIANPOINT((829.14103138637552,255.,930.37793550920708));
#4823=IFCCARTESIANPOINT((858.97655689130249,255.,918.01965620453768));
#4824=IFCCARTESIANPOINT((824.02206449078653,255.,925.25896861361844));
#4825=IFCCARTESIANPOINT((865.,249.70845373536636,914.39999999999748));
#4826=IFCCARTESIANPOINT((860.22542485936629,249.70845373536636,899.70536869268801));
#4827=IFCCARTESIANPOINT((847.72542485936833,249.70845373536636,890.62358709262264));
#4828=IFCCARTESIANPOINT((832.27457514062348,249.70845373536636,890.62358709262276));
#4829=IFCCARTESIANPOINT((819.77457514062564,249.70845373536636,899.70536869268824));
#4830=IFCCARTESIANPOINT((815.,249.70845373536636,914.3999999999977));
#4831=IFCCARTESIANPOINT((818.31667076966005,253.17213185412365,904.19233697398499));
#4832=IFCCARTESIANPOINT((817.38728757031288,249.70845373536636,907.05268434634309));
#4833=IFCCARTESIANPOINT((826.02457514062451,249.70845373536636,895.16447789265544));
#4834=IFCCARTESIANPOINT((840.,249.70845373536636,890.62358709262264));
#4835=IFCCARTESIANPOINT((861.683329132175,249.70845373536636,904.19233667188894));
#4836=IFCCARTESIANPOINT((853.97542485936731,249.70845373536636,895.16447789265533));
#4837=IFCCARTESIANPOINT((816.65833538483002,253.17213185412365,909.29616848699141));
#4838=IFCCARTESIANPOINT((863.34166456608352,249.70845373536636,909.29616833594321));
#4839=IFCCARTESIANPOINT((819.77457514062576,249.70845373536636,929.09463130730717));
#4840=IFCCARTESIANPOINT((832.27457514062394,249.70845373536636,938.17641290737254));
#4841=IFCCARTESIANPOINT((847.72542485936856,249.70845373536636,938.17641290737242));
#4842=IFCCARTESIANPOINT((860.22542485936651,249.70845373536636,929.09463130730694));
#4843=IFCCARTESIANPOINT((861.68332929191308,253.17213185412365,924.60766283648343));
#4844=IFCCARTESIANPOINT((862.61271242967916,249.70845373536636,921.74731565365209));
#4845=IFCCARTESIANPOINT((853.97542485936754,249.70845373536636,933.63552210733974));
#4846=IFCCARTESIANPOINT((840.,249.70845373536636,938.17641290737254));
#4847=IFCCARTESIANPOINT((826.02457514062473,249.70845373536636,933.63552210733985));
#4848=IFCCARTESIANPOINT((818.31667071246386,249.70845373536636,924.60766284997806));
#4849=IFCCARTESIANPOINT((863.34166464595239,253.17213185412365,919.50383141824045));
#4850=IFCCARTESIANPOINT((816.65833535623187,249.70845373536636,919.50383142498811));
#4851=IFCCARTESIANPOINT((858.63623603251017,225.,914.39999999999748));
#4852=IFCCARTESIANPOINT((853.17780887437982,225.,901.22219112561368));
#4853=IFCCARTESIANPOINT((840.,225.,895.76376396748333));
#4854=IFCCARTESIANPOINT((826.82219112561211,225.,901.2221911256139));
#4855=IFCCARTESIANPOINT((821.36376396748187,225.,914.39999999999759));
#4856=IFCCARTESIANPOINT((846.58890443718792,225.,898.49297754654856));
#4857=IFCCARTESIANPOINT((833.41109556280401,225.,898.49297754654856));
#4858=IFCCARTESIANPOINT((824.0929775465471,225.,907.81109556280569));
#4859=IFCCARTESIANPOINT((855.90702245344505,225.,907.81109556280569));
#4860=IFCCARTESIANPOINT((862.61271242967905,249.70845373536636,907.05268434634286));
#4861=IFCCARTESIANPOINT((843.29445221859191,225.,897.128370757016));
#4862=IFCCARTESIANPOINT((836.70554778140001,225.,897.128370757016));
#4863=IFCCARTESIANPOINT((825.45758433607955,225.,904.5166433442098));
#4864=IFCCARTESIANPOINT((822.72837075701443,225.,911.10554778140158));
#4865=IFCCARTESIANPOINT((854.54241566391238,225.,904.51664334420968));
#4866=IFCCARTESIANPOINT((857.27162924297761,225.,911.10554778140158));
#4867=IFCCARTESIANPOINT((830.11664334420811,225.,899.85758433608112));
#4868=IFCCARTESIANPOINT((849.88335665578381,225.,899.85758433608112));
#4869=IFCCARTESIANPOINT((826.82219112561222,225.,927.57780887438162));
#4870=IFCCARTESIANPOINT((840.,225.,933.03623603251185));
#4871=IFCCARTESIANPOINT((853.17780887437993,225.,927.57780887438128));
#4872=IFCCARTESIANPOINT((833.41109556280412,225.,930.30702245344662));
#4873=IFCCARTESIANPOINT((846.58890443718803,225.,930.30702245344662));
#4874=IFCCARTESIANPOINT((855.90702245344517,225.,920.98890443718949));
#4875=IFCCARTESIANPOINT((824.0929775465471,225.,920.98890443718983));
#4876=IFCCARTESIANPOINT((817.38728757031299,249.70845373536636,921.74731565365244));
#4877=IFCCARTESIANPOINT((843.29445221859203,225.,931.67162924297907));
#4878=IFCCARTESIANPOINT((836.70554778140024,225.,931.67162924297918));
#4879=IFCCARTESIANPOINT((854.54241566391261,225.,924.28335665578538));
#4880=IFCCARTESIANPOINT((857.27162924297761,225.,917.69445221859348));
#4881=IFCCARTESIANPOINT((825.45758433607966,225.,924.28335665578572));
#4882=IFCCARTESIANPOINT((822.72837075701443,225.,917.69445221859371));
#4883=IFCCARTESIANPOINT((849.88335665578404,225.,928.94241566391406));
#4884=IFCCARTESIANPOINT((830.11664334420823,225.,928.94241566391406));
#4885=IFCCARTESIANPOINT((850.,225.,914.39999999999759));
#4886=IFCCARTESIANPOINT((845.,225.,905.73974596215362));
#4887=IFCCARTESIANPOINT((835.,225.,905.73974596215362));
#4888=IFCCARTESIANPOINT((830.,225.,914.39999999999759));
#4889=IFCCARTESIANPOINT((835.,225.,923.06025403784156));
#4890=IFCCARTESIANPOINT((845.,225.,923.06025403784156));
#4891=IFCPOLYLOOP((#4766,#4767,#4763));
#4892=IFCFACEOUTERBOUND(#4891,.T.);
#4893=IFCFACE((#4892));
#4894=IFCPOLYLOOP((#4763,#4765,#4766));
#4895=IFCFACEOUTERBOUND(#4894,.T.);
#4896=IFCFACE((#4895));
#4897=IFCPOLYLOOP((#4767,#4768,#4763));
#4898=IFCFACEOUTERBOUND(#4897,.T.);
#4899=IFCFACE((#4898));
#4900=IFCPOLYLOOP((#4769,#4763,#4768));
#4901=IFCFACEOUTERBOUND(#4900,.T.);
#4902=IFCFACE((#4901));
#4903=IFCPOLYLOOP((#4763,#4769,#4764));
#4904=IFCFACEOUTERBOUND(#4903,.T.);
#4905=IFCFACE((#4904));
#4906=IFCPOLYLOOP((#4763,#4764,#4765));
#4907=IFCFACEOUTERBOUND(#4906,.T.);
#4908=IFCFACE((#4907));
#4909=IFCPOLYLOOP((#4775,#4770,#4797));
#4910=IFCFACEOUTERBOUND(#4909,.T.);
#4911=IFCFACE((#4910));
#4912=IFCPOLYLOOP((#4775,#4797,#4788));
#4913=IFCFACEOUTERBOUND(#4912,.T.);
#4914=IFCFACE((#4913));
#4915=IFCPOLYLOOP((#4775,#4788,#4802));
#4916=IFCFACEOUTERBOUND(#4915,.T.);
#4917=IFCFACE((#4916));
#4918=IFCPOLYLOOP((#4775,#4802,#4771));
#4919=IFCFACEOUTERBOUND(#4918,.T.);
#4920=IFCFACE((#4919));
#4921=IFCPOLYLOOP((#4775,#4771,#4800));
#4922=IFCFACEOUTERBOUND(#4921,.T.);
#4923=IFCFACE((#4922));
#4924=IFCPOLYLOOP((#4775,#4800,#4786));
#4925=IFCFACEOUTERBOUND(#4924,.T.);
#4926=IFCFACE((#4925));
#4927=IFCPOLYLOOP((#4775,#4786,#4791));
#4928=IFCFACEOUTERBOUND(#4927,.T.);
#4929=IFCFACE((#4928));
#4930=IFCPOLYLOOP((#4775,#4791,#4772));
#4931=IFCFACEOUTERBOUND(#4930,.T.);
#4932=IFCFACE((#4931));
#4933=IFCPOLYLOOP((#4775,#4772,#4793));
#4934=IFCFACEOUTERBOUND(#4933,.T.);
#4935=IFCFACE((#4934));
#4936=IFCPOLYLOOP((#4775,#4793,#4785));
#4937=IFCFACEOUTERBOUND(#4936,.T.);
#4938=IFCFACE((#4937));
#4939=IFCPOLYLOOP((#4775,#4785,#4799));
#4940=IFCFACEOUTERBOUND(#4939,.T.);
#4941=IFCFACE((#4940));
#4942=IFCPOLYLOOP((#4775,#4799,#4773));
#4943=IFCFACEOUTERBOUND(#4942,.T.);
#4944=IFCFACE((#4943));
#4945=IFCPOLYLOOP((#4775,#4773,#4794));
#4946=IFCFACEOUTERBOUND(#4945,.T.);
#4947=IFCFACE((#4946));
#4948=IFCPOLYLOOP((#4775,#4794,#4787));
#4949=IFCFACEOUTERBOUND(#4948,.T.);
#4950=IFCFACE((#4949));
#4951=IFCPOLYLOOP((#4775,#4787,#4801));
#4952=IFCFACEOUTERBOUND(#4951,.T.);
#4953=IFCFACE((#4952));
#4954=IFCPOLYLOOP((#4775,#4801,#4774));
#4955=IFCFACEOUTERBOUND(#4954,.T.);
#4956=IFCFACE((#4955));
#4957=IFCPOLYLOOP((#4775,#4774,#4819));
#4958=IFCFACEOUTERBOUND(#4957,.T.);
#4959=IFCFACE((#4958));
#4960=IFCPOLYLOOP((#4775,#4823,#4770));
#4961=IFCFACEOUTERBOUND(#4960,.T.);
#4962=IFCFACE((#4961));
#4963=IFCPOLYLOOP((#4775,#4809,#4823));
#4964=IFCFACEOUTERBOUND(#4963,.T.);
#4965=IFCFACE((#4964));
#4966=IFCPOLYLOOP((#4775,#4816,#4809));
#4967=IFCFACEOUTERBOUND(#4966,.T.);
#4968=IFCFACE((#4967));
#4969=IFCPOLYLOOP((#4775,#4778,#4816));
#4970=IFCFACEOUTERBOUND(#4969,.T.);
#4971=IFCFACE((#4970));
#4972=IFCPOLYLOOP((#4775,#4821,#4778));
#4973=IFCFACEOUTERBOUND(#4972,.T.);
#4974=IFCFACE((#4973));
#4975=IFCPOLYLOOP((#4775,#4807,#4821));
#4976=IFCFACEOUTERBOUND(#4975,.T.);
#4977=IFCFACE((#4976));
#4978=IFCPOLYLOOP((#4775,#4815,#4807));
#4979=IFCFACEOUTERBOUND(#4978,.T.);
#4980=IFCFACE((#4979));
#4981=IFCPOLYLOOP((#4775,#4777,#4815));
#4982=IFCFACEOUTERBOUND(#4981,.T.);
#4983=IFCFACE((#4982));
#4984=IFCPOLYLOOP((#4775,#4819,#4810));
#4985=IFCFACEOUTERBOUND(#4984,.T.);
#4986=IFCFACE((#4985));
#4987=IFCPOLYLOOP((#4775,#4810,#4824));
#4988=IFCFACEOUTERBOUND(#4987,.T.);
#4989=IFCFACE((#4988));
#4990=IFCPOLYLOOP((#4775,#4824,#4776));
#4991=IFCFACEOUTERBOUND(#4990,.T.);
#4992=IFCFACE((#4991));
#4993=IFCPOLYLOOP((#4775,#4776,#4822));
#4994=IFCFACEOUTERBOUND(#4993,.T.);
#4995=IFCFACE((#4994));
#4996=IFCPOLYLOOP((#4775,#4822,#4808));
#4997=IFCFACEOUTERBOUND(#4996,.T.);
#4998=IFCFACE((#4997));
#4999=IFCPOLYLOOP((#4775,#4808,#4813));
#5000=IFCFACEOUTERBOUND(#4999,.T.);
#5001=IFCFACE((#5000));
#5002=IFCPOLYLOOP((#4775,#4813,#4777));
#5003=IFCFACEOUTERBOUND(#5002,.T.);
#5004=IFCFACE((#5003));
#5005=IFCPOLYLOOP((#4780,#4771,#4802));
#5006=IFCFACEOUTERBOUND(#5005,.T.);
#5007=IFCFACE((#5006));
#5008=IFCPOLYLOOP((#4794,#4773,#4783,#4787));
#5009=IFCFACEOUTERBOUND(#5008,.T.);
#5010=IFCFACE((#5009));
#5011=IFCPOLYLOOP((#4788,#4796,#4798));
#5012=IFCFACEOUTERBOUND(#5011,.T.);
#5013=IFCFACE((#5012));
#5014=IFCPOLYLOOP((#4789,#4773,#4799,#4785));
#5015=IFCFACEOUTERBOUND(#5014,.T.);
#5016=IFCFACE((#5015));
#5017=IFCPOLYLOOP((#4801,#4795,#4837,#4784));
#5018=IFCFACEOUTERBOUND(#5017,.T.);
#5019=IFCFACE((#5018));
#5020=IFCPOLYLOOP((#4792,#4791,#4781));
#5021=IFCFACEOUTERBOUND(#5020,.T.);
#5022=IFCFACE((#5021));
#5023=IFCPOLYLOOP((#4782,#4793,#4792));
#5024=IFCFACEOUTERBOUND(#5023,.T.);
#5025=IFCFACE((#5024));
#5026=IFCPOLYLOOP((#4792,#4793,#4772));
#5027=IFCFACEOUTERBOUND(#5026,.T.);
#5028=IFCFACE((#5027));
#5029=IFCPOLYLOOP((#4771,#4780,#4790));
#5030=IFCFACEOUTERBOUND(#5029,.T.);
#5031=IFCFACE((#5030));
#5032=IFCPOLYLOOP((#4782,#4785,#4793));
#5033=IFCFACEOUTERBOUND(#5032,.T.);
#5034=IFCFACE((#5033));
#5035=IFCPOLYLOOP((#4791,#4786,#4781));
#5036=IFCFACEOUTERBOUND(#5035,.T.);
#5037=IFCFACE((#5036));
#5038=IFCPOLYLOOP((#4779,#4797,#4770));
#5039=IFCFACEOUTERBOUND(#5038,.T.);
#5040=IFCFACE((#5039));
#5041=IFCPOLYLOOP((#4790,#4786,#4800,#4771));
#5042=IFCFACEOUTERBOUND(#5041,.T.);
#5043=IFCFACE((#5042));
#5044=IFCPOLYLOOP((#4779,#4796,#4797));
#5045=IFCFACEOUTERBOUND(#5044,.T.);
#5046=IFCFACE((#5045));
#5047=IFCPOLYLOOP((#4789,#4783,#4773));
#5048=IFCFACEOUTERBOUND(#5047,.T.);
#5049=IFCFACE((#5048));
#5050=IFCPOLYLOOP((#4785,#4782,#4789));
#5051=IFCFACEOUTERBOUND(#5050,.T.);
#5052=IFCFACE((#5051));
#5053=IFCPOLYLOOP((#4801,#4784,#4774));
#5054=IFCFACEOUTERBOUND(#5053,.T.);
#5055=IFCFACE((#5054));
#5056=IFCPOLYLOOP((#4791,#4792,#4772));
#5057=IFCFACEOUTERBOUND(#5056,.T.);
#5058=IFCFACE((#5057));
#5059=IFCPOLYLOOP((#4787,#4783,#4831,#4795));
#5060=IFCFACEOUTERBOUND(#5059,.T.);
#5061=IFCFACE((#5060));
#5062=IFCPOLYLOOP((#4788,#4797,#4796));
#5063=IFCFACEOUTERBOUND(#5062,.T.);
#5064=IFCFACE((#5063));
#5065=IFCPOLYLOOP((#4780,#4802,#4798));
#5066=IFCFACEOUTERBOUND(#5065,.T.);
#5067=IFCFACE((#5066));
#5068=IFCPOLYLOOP((#4802,#4788,#4798));
#5069=IFCFACEOUTERBOUND(#5068,.T.);
#5070=IFCFACE((#5069));
#5071=IFCPOLYLOOP((#4786,#4790,#4781));
#5072=IFCFACEOUTERBOUND(#5071,.T.);
#5073=IFCFACE((#5072));
#5074=IFCPOLYLOOP((#4801,#4787,#4795));
#5075=IFCFACEOUTERBOUND(#5074,.T.);
#5076=IFCFACE((#5075));
#5077=IFCPOLYLOOP((#4803,#4776,#4824));
#5078=IFCFACEOUTERBOUND(#5077,.T.);
#5079=IFCFACE((#5078));
#5080=IFCPOLYLOOP((#4816,#4778,#4806,#4809));
#5081=IFCFACEOUTERBOUND(#5080,.T.);
#5082=IFCFACE((#5081));
#5083=IFCPOLYLOOP((#4810,#4818,#4820));
#5084=IFCFACEOUTERBOUND(#5083,.T.);
#5085=IFCFACE((#5084));
#5086=IFCPOLYLOOP((#4811,#4778,#4821,#4807));
#5087=IFCFACEOUTERBOUND(#5086,.T.);
#5088=IFCFACE((#5087));
#5089=IFCPOLYLOOP((#4823,#4817,#4849,#4779));
#5090=IFCFACEOUTERBOUND(#5089,.T.);
#5091=IFCFACE((#5090));
#5092=IFCPOLYLOOP((#4814,#4813,#4804));
#5093=IFCFACEOUTERBOUND(#5092,.T.);
#5094=IFCFACE((#5093));
#5095=IFCPOLYLOOP((#4805,#4815,#4814));
#5096=IFCFACEOUTERBOUND(#5095,.T.);
#5097=IFCFACE((#5096));
#5098=IFCPOLYLOOP((#4814,#4815,#4777));
#5099=IFCFACEOUTERBOUND(#5098,.T.);
#5100=IFCFACE((#5099));
#5101=IFCPOLYLOOP((#4776,#4803,#4812));
#5102=IFCFACEOUTERBOUND(#5101,.T.);
#5103=IFCFACE((#5102));
#5104=IFCPOLYLOOP((#4805,#4807,#4815));
#5105=IFCFACEOUTERBOUND(#5104,.T.);
#5106=IFCFACE((#5105));
#5107=IFCPOLYLOOP((#4813,#4808,#4804));
#5108=IFCFACEOUTERBOUND(#5107,.T.);
#5109=IFCFACE((#5108));
#5110=IFCPOLYLOOP((#4784,#4819,#4774));
#5111=IFCFACEOUTERBOUND(#5110,.T.);
#5112=IFCFACE((#5111));
#5113=IFCPOLYLOOP((#4812,#4808,#4822,#4776));
#5114=IFCFACEOUTERBOUND(#5113,.T.);
#5115=IFCFACE((#5114));
#5116=IFCPOLYLOOP((#4784,#4818,#4819));
#5117=IFCFACEOUTERBOUND(#5116,.T.);
#5118=IFCFACE((#5117));
#5119=IFCPOLYLOOP((#4811,#4806,#4778));
#5120=IFCFACEOUTERBOUND(#5119,.T.);
#5121=IFCFACE((#5120));
#5122=IFCPOLYLOOP((#4807,#4805,#4811));
#5123=IFCFACEOUTERBOUND(#5122,.T.);
#5124=IFCFACE((#5123));
#5125=IFCPOLYLOOP((#4823,#4779,#4770));
#5126=IFCFACEOUTERBOUND(#5125,.T.);
#5127=IFCFACE((#5126));
#5128=IFCPOLYLOOP((#4813,#4814,#4777));
#5129=IFCFACEOUTERBOUND(#5128,.T.);
#5130=IFCFACE((#5129));
#5131=IFCPOLYLOOP((#4809,#4806,#4843,#4817));
#5132=IFCFACEOUTERBOUND(#5131,.T.);
#5133=IFCFACE((#5132));
#5134=IFCPOLYLOOP((#4810,#4819,#4818));
#5135=IFCFACEOUTERBOUND(#5134,.T.);
#5136=IFCFACE((#5135));
#5137=IFCPOLYLOOP((#4803,#4824,#4820));
#5138=IFCFACEOUTERBOUND(#5137,.T.);
#5139=IFCFACE((#5138));
#5140=IFCPOLYLOOP((#4824,#4810,#4820));
#5141=IFCFACEOUTERBOUND(#5140,.T.);
#5142=IFCFACE((#5141));
#5143=IFCPOLYLOOP((#4808,#4812,#4804));
#5144=IFCFACEOUTERBOUND(#5143,.T.);
#5145=IFCFACE((#5144));
#5146=IFCPOLYLOOP((#4823,#4809,#4817));
#5147=IFCFACEOUTERBOUND(#5146,.T.);
#5148=IFCFACE((#5147));
#5149=IFCPOLYLOOP((#4783,#4829,#4832,#4830,#4784,#4837,#4795,#4831));
#5150=IFCFACEOUTERBOUND(#5149,.T.);
#5151=IFCFACE((#5150));
#5152=IFCPOLYLOOP((#4782,#4828,#4833,#4829,#4783,#4789));
#5153=IFCFACEOUTERBOUND(#5152,.T.);
#5154=IFCFACE((#5153));
#5155=IFCPOLYLOOP((#4838,#4860,#4835,#4826,#4780,#4798,#4796,#4779,#4825));
#5156=IFCFACEOUTERBOUND(#5155,.T.);
#5157=IFCFACE((#5156));
#5158=IFCPOLYLOOP((#4834,#4828,#4782,#4792,#4781,#4827));
#5159=IFCFACEOUTERBOUND(#5158,.T.);
#5160=IFCFACE((#5159));
#5161=IFCPOLYLOOP((#4780,#4826,#4836,#4827,#4781,#4790));
#5162=IFCFACEOUTERBOUND(#5161,.T.);
#5163=IFCFACE((#5162));
#5164=IFCPOLYLOOP((#4806,#4842,#4844,#4825,#4779,#4849,#4817,#4843));
#5165=IFCFACEOUTERBOUND(#5164,.T.);
#5166=IFCFACE((#5165));
#5167=IFCPOLYLOOP((#4805,#4841,#4845,#4842,#4806,#4811));
#5168=IFCFACEOUTERBOUND(#5167,.T.);
#5169=IFCFACE((#5168));
#5170=IFCPOLYLOOP((#4850,#4876,#4848,#4839,#4803,#4820,#4818,#4784,#4830));
#5171=IFCFACEOUTERBOUND(#5170,.T.);
#5172=IFCFACE((#5171));
#5173=IFCPOLYLOOP((#4846,#4841,#4805,#4814,#4804,#4840));
#5174=IFCFACEOUTERBOUND(#5173,.T.);
#5175=IFCFACE((#5174));
#5176=IFCPOLYLOOP((#4803,#4839,#4847,#4840,#4804,#4812));
#5177=IFCFACEOUTERBOUND(#5176,.T.);
#5178=IFCFACE((#5177));
#5179=IFCPOLYLOOP((#4863,#4858,#4829,#4854));
#5180=IFCFACEOUTERBOUND(#5179,.T.);
#5181=IFCFACE((#5180));
#5182=IFCPOLYLOOP((#4854,#4829,#4833));
#5183=IFCFACEOUTERBOUND(#5182,.T.);
#5184=IFCFACE((#5183));
#5185=IFCPOLYLOOP((#4829,#4858,#4832));
#5186=IFCFACEOUTERBOUND(#5185,.T.);
#5187=IFCFACE((#5186));
#5188=IFCPOLYLOOP((#4836,#4852,#4868,#4856));
#5189=IFCFACEOUTERBOUND(#5188,.T.);
#5190=IFCFACE((#5189));
#5191=IFCPOLYLOOP((#4833,#4857,#4867,#4854));
#5192=IFCFACEOUTERBOUND(#5191,.T.);
#5193=IFCFACE((#5192));
#5194=IFCPOLYLOOP((#4826,#4859,#4865,#4852));
#5195=IFCFACEOUTERBOUND(#5194,.T.);
#5196=IFCFACE((#5195));
#5197=IFCPOLYLOOP((#4864,#4855,#4830));
#5198=IFCFACEOUTERBOUND(#5197,.T.);
#5199=IFCFACE((#5198));
#5200=IFCPOLYLOOP((#4862,#4834,#4853));
#5201=IFCFACEOUTERBOUND(#5200,.T.);
#5202=IFCFACE((#5201));
#5203=IFCPOLYLOOP((#4866,#4825,#4851));
#5204=IFCFACEOUTERBOUND(#5203,.T.);
#5205=IFCFACE((#5204));
#5206=IFCPOLYLOOP((#4857,#4833,#4828));
#5207=IFCFACEOUTERBOUND(#5206,.T.);
#5208=IFCFACE((#5207));
#5209=IFCPOLYLOOP((#4853,#4834,#4861));
#5210=IFCFACEOUTERBOUND(#5209,.T.);
#5211=IFCFACE((#5210));
#5212=IFCPOLYLOOP((#4866,#4860,#4838,#4825));
#5213=IFCFACEOUTERBOUND(#5212,.T.);
#5214=IFCFACE((#5213));
#5215=IFCPOLYLOOP((#4864,#4830,#4832));
#5216=IFCFACEOUTERBOUND(#5215,.T.);
#5217=IFCFACE((#5216));
#5218=IFCPOLYLOOP((#4834,#4862,#4828));
#5219=IFCFACEOUTERBOUND(#5218,.T.);
#5220=IFCFACE((#5219));
#5221=IFCPOLYLOOP((#4834,#4827,#4861));
#5222=IFCFACEOUTERBOUND(#5221,.T.);
#5223=IFCFACE((#5222));
#5224=IFCPOLYLOOP((#4836,#4826,#4852));
#5225=IFCFACEOUTERBOUND(#5224,.T.);
#5226=IFCFACE((#5225));
#5227=IFCPOLYLOOP((#4827,#4856,#4861));
#5228=IFCFACEOUTERBOUND(#5227,.T.);
#5229=IFCFACE((#5228));
#5230=IFCPOLYLOOP((#4856,#4827,#4836));
#5231=IFCFACEOUTERBOUND(#5230,.T.);
#5232=IFCFACE((#5231));
#5233=IFCPOLYLOOP((#4862,#4857,#4828));
#5234=IFCFACEOUTERBOUND(#5233,.T.);
#5235=IFCFACE((#5234));
#5236=IFCPOLYLOOP((#4832,#4858,#4864));
#5237=IFCFACEOUTERBOUND(#5236,.T.);
#5238=IFCFACE((#5237));
#5239=IFCPOLYLOOP((#4859,#4826,#4835,#4860));
#5240=IFCFACEOUTERBOUND(#5239,.T.);
#5241=IFCFACE((#5240));
#5242=IFCPOLYLOOP((#4866,#4859,#4860));
#5243=IFCFACEOUTERBOUND(#5242,.T.);
#5244=IFCFACE((#5243));
#5245=IFCPOLYLOOP((#4879,#4874,#4842,#4871));
#5246=IFCFACEOUTERBOUND(#5245,.T.);
#5247=IFCFACE((#5246));
#5248=IFCPOLYLOOP((#4871,#4842,#4845));
#5249=IFCFACEOUTERBOUND(#5248,.T.);
#5250=IFCFACE((#5249));
#5251=IFCPOLYLOOP((#4842,#4874,#4844));
#5252=IFCFACEOUTERBOUND(#5251,.T.);
#5253=IFCFACE((#5252));
#5254=IFCPOLYLOOP((#4847,#4869,#4884,#4872));
#5255=IFCFACEOUTERBOUND(#5254,.T.);
#5256=IFCFACE((#5255));
#5257=IFCPOLYLOOP((#4845,#4873,#4883,#4871));
#5258=IFCFACEOUTERBOUND(#5257,.T.);
#5259=IFCFACE((#5258));
#5260=IFCPOLYLOOP((#4839,#4875,#4881,#4869));
#5261=IFCFACEOUTERBOUND(#5260,.T.);
#5262=IFCFACE((#5261));
#5263=IFCPOLYLOOP((#4882,#4830,#4855));
#5264=IFCFACEOUTERBOUND(#5263,.T.);
#5265=IFCFACE((#5264));
#5266=IFCPOLYLOOP((#4840,#4872,#4878));
#5267=IFCFACEOUTERBOUND(#5266,.T.);
#5268=IFCFACE((#5267));
#5269=IFCPOLYLOOP((#4840,#4878,#4846));
#5270=IFCFACEOUTERBOUND(#5269,.T.);
#5271=IFCFACE((#5270));
#5272=IFCPOLYLOOP((#4846,#4877,#4841));
#5273=IFCFACEOUTERBOUND(#5272,.T.);
#5274=IFCFACE((#5273));
#5275=IFCPOLYLOOP((#4880,#4851,#4825));
#5276=IFCFACEOUTERBOUND(#5275,.T.);
#5277=IFCFACE((#5276));
#5278=IFCPOLYLOOP((#4873,#4845,#4841));
#5279=IFCFACEOUTERBOUND(#5278,.T.);
#5280=IFCFACE((#5279));
#5281=IFCPOLYLOOP((#4846,#4878,#4870));
#5282=IFCFACEOUTERBOUND(#5281,.T.);
#5283=IFCFACE((#5282));
#5284=IFCPOLYLOOP((#4882,#4876,#4850,#4830));
#5285=IFCFACEOUTERBOUND(#5284,.T.);
#5286=IFCFACE((#5285));
#5287=IFCPOLYLOOP((#4880,#4825,#4844));
#5288=IFCFACEOUTERBOUND(#5287,.T.);
#5289=IFCFACE((#5288));
#5290=IFCPOLYLOOP((#4847,#4839,#4869));
#5291=IFCFACEOUTERBOUND(#5290,.T.);
#5292=IFCFACE((#5291));
#5293=IFCPOLYLOOP((#4877,#4846,#4870));
#5294=IFCFACEOUTERBOUND(#5293,.T.);
#5295=IFCFACE((#5294));
#5296=IFCPOLYLOOP((#4877,#4873,#4841));
#5297=IFCFACEOUTERBOUND(#5296,.T.);
#5298=IFCFACE((#5297));
#5299=IFCPOLYLOOP((#4872,#4840,#4847));
#5300=IFCFACEOUTERBOUND(#5299,.T.);
#5301=IFCFACE((#5300));
#5302=IFCPOLYLOOP((#4844,#4874,#4880));
#5303=IFCFACEOUTERBOUND(#5302,.T.);
#5304=IFCFACE((#5303));
#5305=IFCPOLYLOOP((#4875,#4839,#4848,#4876));
#5306=IFCFACEOUTERBOUND(#5305,.T.);
#5307=IFCFACE((#5306));
#5308=IFCPOLYLOOP((#4882,#4875,#4876));
#5309=IFCFACEOUTERBOUND(#5308,.T.);
#5310=IFCFACE((#5309));
#5311=IFCPOLYLOOP((#4885,#4852,#4865));
#5312=IFCFACEOUTERBOUND(#5311,.T.);
#5313=IFCFACE((#5312));
#5314=IFCPOLYLOOP((#4886,#4852,#4885));
#5315=IFCFACEOUTERBOUND(#5314,.T.);
#5316=IFCFACE((#5315));
#5317=IFCPOLYLOOP((#4885,#4865,#4859));
#5318=IFCFACEOUTERBOUND(#5317,.T.);
#5319=IFCFACE((#5318));
#5320=IFCPOLYLOOP((#4885,#4859,#4866));
#5321=IFCFACEOUTERBOUND(#5320,.T.);
#5322=IFCFACE((#5321));
#5323=IFCPOLYLOOP((#4885,#4866,#4851));
#5324=IFCFACEOUTERBOUND(#5323,.T.);
#5325=IFCFACE((#5324));
#5326=IFCPOLYLOOP((#4885,#4851,#4880));
#5327=IFCFACEOUTERBOUND(#5326,.T.);
#5328=IFCFACE((#5327));
#5329=IFCPOLYLOOP((#4885,#4880,#4874));
#5330=IFCFACEOUTERBOUND(#5329,.T.);
#5331=IFCFACE((#5330));
#5332=IFCPOLYLOOP((#4885,#4874,#4879));
#5333=IFCFACEOUTERBOUND(#5332,.T.);
#5334=IFCFACE((#5333));
#5335=IFCPOLYLOOP((#4885,#4879,#4871));
#5336=IFCFACEOUTERBOUND(#5335,.T.);
#5337=IFCFACE((#5336));
#5338=IFCPOLYLOOP((#4871,#4890,#4885));
#5339=IFCFACEOUTERBOUND(#5338,.T.);
#5340=IFCFACE((#5339));
#5341=IFCPOLYLOOP((#4886,#4868,#4852));
#5342=IFCFACEOUTERBOUND(#5341,.T.);
#5343=IFCFACE((#5342));
#5344=IFCPOLYLOOP((#4886,#4856,#4868));
#5345=IFCFACEOUTERBOUND(#5344,.T.);
#5346=IFCFACE((#5345));
#5347=IFCPOLYLOOP((#4886,#4861,#4856));
#5348=IFCFACEOUTERBOUND(#5347,.T.);
#5349=IFCFACE((#5348));
#5350=IFCPOLYLOOP((#4886,#4853,#4861));
#5351=IFCFACEOUTERBOUND(#5350,.T.);
#5352=IFCFACE((#5351));
#5353=IFCPOLYLOOP((#4887,#4853,#4886));
#5354=IFCFACEOUTERBOUND(#5353,.T.);
#5355=IFCFACE((#5354));
#5356=IFCPOLYLOOP((#4887,#4862,#4853));
#5357=IFCFACEOUTERBOUND(#5356,.T.);
#5358=IFCFACE((#5357));
#5359=IFCPOLYLOOP((#4887,#4857,#4862));
#5360=IFCFACEOUTERBOUND(#5359,.T.);
#5361=IFCFACE((#5360));
#5362=IFCPOLYLOOP((#4887,#4867,#4857));
#5363=IFCFACEOUTERBOUND(#5362,.T.);
#5364=IFCFACE((#5363));
#5365=IFCPOLYLOOP((#4887,#4854,#4867));
#5366=IFCFACEOUTERBOUND(#5365,.T.);
#5367=IFCFACE((#5366));
#5368=IFCPOLYLOOP((#4854,#4887,#4888));
#5369=IFCFACEOUTERBOUND(#5368,.T.);
#5370=IFCFACE((#5369));
#5371=IFCPOLYLOOP((#4888,#4863,#4854));
#5372=IFCFACEOUTERBOUND(#5371,.T.);
#5373=IFCFACE((#5372));
#5374=IFCPOLYLOOP((#4888,#4858,#4863));
#5375=IFCFACEOUTERBOUND(#5374,.T.);
#5376=IFCFACE((#5375));
#5377=IFCPOLYLOOP((#4888,#4864,#4858));
#5378=IFCFACEOUTERBOUND(#5377,.T.);
#5379=IFCFACE((#5378));
#5380=IFCPOLYLOOP((#4888,#4855,#4864));
#5381=IFCFACEOUTERBOUND(#5380,.T.);
#5382=IFCFACE((#5381));
#5383=IFCPOLYLOOP((#4888,#4882,#4855));
#5384=IFCFACEOUTERBOUND(#5383,.T.);
#5385=IFCFACE((#5384));
#5386=IFCPOLYLOOP((#4888,#4875,#4882));
#5387=IFCFACEOUTERBOUND(#5386,.T.);
#5388=IFCFACE((#5387));
#5389=IFCPOLYLOOP((#4888,#4881,#4875));
#5390=IFCFACEOUTERBOUND(#5389,.T.);
#5391=IFCFACE((#5390));
#5392=IFCPOLYLOOP((#4888,#4869,#4881));
#5393=IFCFACEOUTERBOUND(#5392,.T.);
#5394=IFCFACE((#5393));
#5395=IFCPOLYLOOP((#4869,#4888,#4889));
#5396=IFCFACEOUTERBOUND(#5395,.T.);
#5397=IFCFACE((#5396));
#5398=IFCPOLYLOOP((#4870,#4889,#4890));
#5399=IFCFACEOUTERBOUND(#5398,.T.);
#5400=IFCFACE((#5399));
#5401=IFCPOLYLOOP((#4889,#4870,#4878));
#5402=IFCFACEOUTERBOUND(#5401,.T.);
#5403=IFCFACE((#5402));
#5404=IFCPOLYLOOP((#4889,#4878,#4872));
#5405=IFCFACEOUTERBOUND(#5404,.T.);
#5406=IFCFACE((#5405));
#5407=IFCPOLYLOOP((#4889,#4872,#4884));
#5408=IFCFACEOUTERBOUND(#5407,.T.);
#5409=IFCFACE((#5408));
#5410=IFCPOLYLOOP((#4889,#4884,#4869));
#5411=IFCFACEOUTERBOUND(#5410,.T.);
#5412=IFCFACE((#5411));
#5413=IFCPOLYLOOP((#4890,#4871,#4883));
#5414=IFCFACEOUTERBOUND(#5413,.T.);
#5415=IFCFACE((#5414));
#5416=IFCPOLYLOOP((#4890,#4883,#4873));
#5417=IFCFACEOUTERBOUND(#5416,.T.);
#5418=IFCFACE((#5417));
#5419=IFCPOLYLOOP((#4890,#4873,#4877));
#5420=IFCFACEOUTERBOUND(#5419,.T.);
#5421=IFCFACE((#5420));
#5422=IFCPOLYLOOP((#4890,#4877,#4870));
#5423=IFCFACEOUTERBOUND(#5422,.T.);
#5424=IFCFACE((#5423));
#5425=IFCPOLYLOOP((#4888,#4887,#4765,#4764));
#5426=IFCFACEOUTERBOUND(#5425,.T.);
#5427=IFCFACE((#5426));
#5428=IFCPOLYLOOP((#4887,#4886,#4766,#4765));
#5429=IFCFACEOUTERBOUND(#5428,.T.);
#5430=IFCFACE((#5429));
#5431=IFCPOLYLOOP((#4886,#4885,#4767,#4766));
#5432=IFCFACEOUTERBOUND(#5431,.T.);
#5433=IFCFACE((#5432));
#5434=IFCPOLYLOOP((#4885,#4890,#4768,#4767));
#5435=IFCFACEOUTERBOUND(#5434,.T.);
#5436=IFCFACE((#5435));
#5437=IFCPOLYLOOP((#4890,#4889,#4769,#4768));
#5438=IFCFACEOUTERBOUND(#5437,.T.);
#5439=IFCFACE((#5438));
#5440=IFCPOLYLOOP((#4889,#4888,#4764,#4769));
#5441=IFCFACEOUTERBOUND(#5440,.T.);
#5442=IFCFACE((#5441));
#5443=IFCCARTESIANPOINT((810.,200.,914.3999999999977));
#5444=IFCCARTESIANPOINT((811.02222521133331,200.,906.63542864692215));
#5445=IFCCARTESIANPOINT((814.0192378864723,200.,899.3999999999977));
#5446=IFCCARTESIANPOINT((818.78679656440897,200.,893.18679656440122));
#5447=IFCCARTESIANPOINT((825.,200.,888.41923788646443));
#5448=IFCCARTESIANPOINT((832.23542864692968,200.,885.42222521132567));
#5449=IFCCARTESIANPOINT((840.,200.,884.3999999999977));
#5450=IFCCARTESIANPOINT((847.7645713530809,200.,885.42222521132555));
#5451=IFCCARTESIANPOINT((855.,200.,888.41923788646432));
#5452=IFCCARTESIANPOINT((861.21320343560183,200.,893.18679656440099));
#5453=IFCCARTESIANPOINT((865.98076211353862,200.,899.39999999999748));
#5454=IFCCARTESIANPOINT((868.97777478867749,200.,906.63542864692181));
#5455=IFCCARTESIANPOINT((870.,200.,914.39999999999759));
#5456=IFCCARTESIANPOINT((868.97777478867749,200.,922.16457135307326));
#5457=IFCCARTESIANPOINT((865.98076211353862,200.,929.39999999999759));
#5458=IFCCARTESIANPOINT((861.21320343560194,200.,935.61320343559407));
#5459=IFCCARTESIANPOINT((855.,200.,940.38076211353075));
#5460=IFCCARTESIANPOINT((847.76457135308124,200.,943.37777478866974));
#5461=IFCCARTESIANPOINT((840.,200.,944.39999999999759));
#5462=IFCCARTESIANPOINT((832.23542864692979,200.,943.37777478866974));
#5463=IFCCARTESIANPOINT((825.,200.,940.38076211353075));
#5464=IFCCARTESIANPOINT((818.78679656440909,200.,935.61320343559407));
#5465=IFCCARTESIANPOINT((814.0192378864723,200.,929.3999999999977));
#5466=IFCCARTESIANPOINT((811.02222521133353,200.,922.16457135307337));
#5467=IFCCARTESIANPOINT((810.,206.,914.3999999999977));
#5468=IFCCARTESIANPOINT((811.02222521133353,206.,922.16457135307337));
#5469=IFCCARTESIANPOINT((814.0192378864723,206.,929.3999999999977));
#5470=IFCCARTESIANPOINT((818.78679656440909,206.,935.61320343559407));
#5471=IFCCARTESIANPOINT((825.,206.,940.38076211353075));
#5472=IFCCARTESIANPOINT((832.23542864692979,206.,943.37777478866974));
#5473=IFCCARTESIANPOINT((840.,206.,944.39999999999759));
#5474=IFCCARTESIANPOINT((847.76457135308124,206.,943.37777478866974));
#5475=IFCCARTESIANPOINT((855.,206.,940.38076211353075));
#5476=IFCCARTESIANPOINT((861.21320343560194,206.,935.61320343559407));
#5477=IFCCARTESIANPOINT((865.98076211353862,206.,929.39999999999759));
#5478=IFCCARTESIANPOINT((868.97777478867749,206.,922.16457135307326));
#5479=IFCCARTESIANPOINT((870.,206.,914.39999999999748));
#5480=IFCCARTESIANPOINT((868.97777478867749,206.,906.63542864692181));
#5481=IFCCARTESIANPOINT((865.98076211353862,206.,899.39999999999748));
#5482=IFCCARTESIANPOINT((861.21320343560183,206.,893.18679656440099));
#5483=IFCCARTESIANPOINT((855.,206.,888.41923788646432));
#5484=IFCCARTESIANPOINT((847.7645713530809,206.,885.42222521132555));
#5485=IFCCARTESIANPOINT((840.,206.,884.3999999999977));
#5486=IFCCARTESIANPOINT((832.23542864692968,206.,885.42222521132567));
#5487=IFCCARTESIANPOINT((825.,206.,888.41923788646443));
#5488=IFCCARTESIANPOINT((818.78679656440897,206.,893.18679656440122));
#5489=IFCCARTESIANPOINT((814.0192378864723,206.,899.3999999999977));
#5490=IFCCARTESIANPOINT((811.02222521133331,206.,906.63542864692215));
#5491=IFCPOLYLOOP((#5454,#5455,#5456,#5457,#5458,#5459,#5460,#5461,#5462,#5463,#5464,#5465,#5466,#5443,#5444,#5445,#5446,#5447,#5448,#5449,#5450,#5451,#5452,#5453));
#5492=IFCFACEOUTERBOUND(#5491,.T.);
#5493=IFCFACE((#5492));
#5494=IFCPOLYLOOP((#5476,#5477,#5478,#5479,#5480,#5481,#5482,#5483,#5484,#5485,#5486,#5487,#5488,#5489,#5490,#5467,#5468,#5469,#5470,#5471,#5472,#5473,#5474,#5475));
#5495=IFCFACEOUTERBOUND(#5494,.T.);
#5496=IFCFACE((#5495));
#5497=IFCPOLYLOOP((#5490,#5444,#5443,#5467));
#5498=IFCFACEOUTERBOUND(#5497,.T.);
#5499=IFCFACE((#5498));
#5500=IFCPOLYLOOP((#5489,#5445,#5444,#5490));
#5501=IFCFACEOUTERBOUND(#5500,.T.);
#5502=IFCFACE((#5501));
#5503=IFCPOLYLOOP((#5447,#5446,#5488,#5487));
#5504=IFCFACEOUTERBOUND(#5503,.T.);
#5505=IFCFACE((#5504));
#5506=IFCPOLYLOOP((#5489,#5488,#5446,#5445));
#5507=IFCFACEOUTERBOUND(#5506,.T.);
#5508=IFCFACE((#5507));
#5509=IFCPOLYLOOP((#5448,#5447,#5487,#5486));
#5510=IFCFACEOUTERBOUND(#5509,.T.);
#5511=IFCFACE((#5510));
#5512=IFCPOLYLOOP((#5449,#5448,#5486,#5485));
#5513=IFCFACEOUTERBOUND(#5512,.T.);
#5514=IFCFACE((#5513));
#5515=IFCPOLYLOOP((#5484,#5450,#5449,#5485));
#5516=IFCFACEOUTERBOUND(#5515,.T.);
#5517=IFCFACE((#5516));
#5518=IFCPOLYLOOP((#5483,#5451,#5450,#5484));
#5519=IFCFACEOUTERBOUND(#5518,.T.);
#5520=IFCFACE((#5519));
#5521=IFCPOLYLOOP((#5453,#5452,#5482,#5481));
#5522=IFCFACEOUTERBOUND(#5521,.T.);
#5523=IFCFACE((#5522));
#5524=IFCPOLYLOOP((#5483,#5482,#5452,#5451));
#5525=IFCFACEOUTERBOUND(#5524,.T.);
#5526=IFCFACE((#5525));
#5527=IFCPOLYLOOP((#5454,#5453,#5481,#5480));
#5528=IFCFACEOUTERBOUND(#5527,.T.);
#5529=IFCFACE((#5528));
#5530=IFCPOLYLOOP((#5455,#5454,#5480,#5479));
#5531=IFCFACEOUTERBOUND(#5530,.T.);
#5532=IFCFACE((#5531));
#5533=IFCPOLYLOOP((#5478,#5456,#5455,#5479));
#5534=IFCFACEOUTERBOUND(#5533,.T.);
#5535=IFCFACE((#5534));
#5536=IFCPOLYLOOP((#5477,#5457,#5456,#5478));
#5537=IFCFACEOUTERBOUND(#5536,.T.);
#5538=IFCFACE((#5537));
#5539=IFCPOLYLOOP((#5459,#5458,#5476,#5475));
#5540=IFCFACEOUTERBOUND(#5539,.T.);
#5541=IFCFACE((#5540));
#5542=IFCPOLYLOOP((#5477,#5476,#5458,#5457));
#5543=IFCFACEOUTERBOUND(#5542,.T.);
#5544=IFCFACE((#5543));
#5545=IFCPOLYLOOP((#5460,#5459,#5475,#5474));
#5546=IFCFACEOUTERBOUND(#5545,.T.);
#5547=IFCFACE((#5546));
#5548=IFCPOLYLOOP((#5461,#5460,#5474,#5473));
#5549=IFCFACEOUTERBOUND(#5548,.T.);
#5550=IFCFACE((#5549));
#5551=IFCPOLYLOOP((#5472,#5462,#5461,#5473));
#5552=IFCFACEOUTERBOUND(#5551,.T.);
#5553=IFCFACE((#5552));
#5554=IFCPOLYLOOP((#5471,#5463,#5462,#5472));
#5555=IFCFACEOUTERBOUND(#5554,.T.);
#5556=IFCFACE((#5555));
#5557=IFCPOLYLOOP((#5465,#5464,#5470,#5469));
#5558=IFCFACEOUTERBOUND(#5557,.T.);
#5559=IFCFACE((#5558));
#5560=IFCPOLYLOOP((#5471,#5470,#5464,#5463));
#5561=IFCFACEOUTERBOUND(#5560,.T.);
#5562=IFCFACE((#5561));
#5563=IFCPOLYLOOP((#5466,#5465,#5469,#5468));
#5564=IFCFACEOUTERBOUND(#5563,.T.);
#5565=IFCFACE((#5564));
#5566=IFCPOLYLOOP((#5443,#5466,#5468,#5467));
#5567=IFCFACEOUTERBOUND(#5566,.T.);
#5568=IFCFACE((#5567));
#5569=IFCCARTESIANPOINT((1531.3499999999992,200.,0.));
#5570=IFCCARTESIANPOINT((1531.3499999999992,220.,0.));
#5571=IFCCARTESIANPOINT((1596.3499999999992,220.,0.));
#5572=IFCCARTESIANPOINT((1596.3499999999992,200.,0.));
#5573=IFCPOLYLOOP((#5569,#5570,#5571,#5572));
#5574=IFCFACEOUTERBOUND(#5573,.T.);
#5575=IFCFACE((#5574));
#5576=IFCCARTESIANPOINT((1531.349999999999,200.,2006.3500000000024));
#5577=IFCCARTESIANPOINT((1531.349999999999,220.,2006.3500000000022));
#5578=IFCPOLYLOOP((#5570,#5569,#5576,#5577));
#5579=IFCFACEOUTERBOUND(#5578,.T.);
#5580=IFCFACE((#5579));
#5581=IFCCARTESIANPOINT((18.649999999999821,220.,2006.3500000000024));
#5582=IFCCARTESIANPOINT((18.649999999999821,220.,0.));
#5583=IFCCARTESIANPOINT((-46.350000000000158,220.,0.));
#5584=IFCCARTESIANPOINT((-46.349999999999888,220.,2071.3500000000022));
#5585=IFCCARTESIANPOINT((1596.3499999999992,220.,2071.3500000000022));
#5586=IFCPOLYLOOP((#5571,#5570,#5577,#5581,#5582,#5583,#5584,#5585));
#5587=IFCFACEOUTERBOUND(#5586,.T.);
#5588=IFCFACE((#5587));
#5589=IFCCARTESIANPOINT((1596.3499999999992,200.,2071.3500000000022));
#5590=IFCPOLYLOOP((#5572,#5571,#5585,#5589));
#5591=IFCFACEOUTERBOUND(#5590,.T.);
#5592=IFCFACE((#5591));
#5593=IFCCARTESIANPOINT((-46.350000000000428,200.,2071.3500000000026));
#5594=IFCCARTESIANPOINT((-46.350000000000428,200.,0.));
#5595=IFCCARTESIANPOINT((18.649999999999686,200.,0.));
#5596=IFCCARTESIANPOINT((18.649999999999956,200.,2006.3500000000024));
#5597=IFCPOLYLOOP((#5569,#5572,#5589,#5593,#5594,#5595,#5596,#5576));
#5598=IFCFACEOUTERBOUND(#5597,.T.);
#5599=IFCFACE((#5598));
#5600=IFCPOLYLOOP((#5577,#5576,#5596,#5581));
#5601=IFCFACEOUTERBOUND(#5600,.T.);
#5602=IFCFACE((#5601));
#5603=IFCPOLYLOOP((#5589,#5585,#5584,#5593));
#5604=IFCFACEOUTERBOUND(#5603,.T.);
#5605=IFCFACE((#5604));
#5606=IFCPOLYLOOP((#5595,#5594,#5583,#5582));
#5607=IFCFACEOUTERBOUND(#5606,.T.);
#5608=IFCFACE((#5607));
#5609=IFCPOLYLOOP((#5581,#5596,#5595,#5582));
#5610=IFCFACEOUTERBOUND(#5609,.T.);
#5611=IFCFACE((#5610));
#5612=IFCPOLYLOOP((#5593,#5584,#5583,#5594));
#5613=IFCFACEOUTERBOUND(#5612,.T.);
#5614=IFCFACE((#5613));
#5615=IFCCARTESIANPOINT((1531.3499999999997,0.,0.));
#5616=IFCCARTESIANPOINT((1596.3499999999999,0.,0.));
#5617=IFCCARTESIANPOINT((1596.3499999999997,-20.,0.));
#5618=IFCCARTESIANPOINT((1531.3499999999995,-20.,0.));
#5619=IFCPOLYLOOP((#5615,#5616,#5617,#5618));
#5620=IFCFACEOUTERBOUND(#5619,.T.);
#5621=IFCFACE((#5620));
#5622=IFCCARTESIANPOINT((1531.3499999999995,0.,2006.3500000000022));
#5623=IFCCARTESIANPOINT((18.650000000000905,0.,2006.3500000000022));
#5624=IFCCARTESIANPOINT((18.650000000000905,0.,0.));
#5625=IFCCARTESIANPOINT((-46.349999999999341,0.,0.));
#5626=IFCCARTESIANPOINT((-46.349999999999341,0.,2071.3500000000022));
#5627=IFCCARTESIANPOINT((1596.3499999999999,0.,2071.3500000000022));
#5628=IFCPOLYLOOP((#5616,#5615,#5622,#5623,#5624,#5625,#5626,#5627));
#5629=IFCFACEOUTERBOUND(#5628,.T.);
#5630=IFCFACE((#5629));
#5631=IFCCARTESIANPOINT((1596.3499999999997,-20.,2071.3500000000022));
#5632=IFCPOLYLOOP((#5617,#5616,#5627,#5631));
#5633=IFCFACEOUTERBOUND(#5632,.T.);
#5634=IFCFACE((#5633));
#5635=IFCCARTESIANPOINT((-46.349999999998936,-20.,2071.3500000000017));
#5636=IFCCARTESIANPOINT((-46.349999999998936,-20.,0.));
#5637=IFCCARTESIANPOINT((18.65000000000077,-20.,0.));
#5638=IFCCARTESIANPOINT((18.650000000000635,-20.,2006.3500000000022));
#5639=IFCCARTESIANPOINT((1531.3499999999995,-20.,2006.3500000000022));
#5640=IFCPOLYLOOP((#5618,#5617,#5631,#5635,#5636,#5637,#5638,#5639));
#5641=IFCFACEOUTERBOUND(#5640,.T.);
#5642=IFCFACE((#5641));
#5643=IFCPOLYLOOP((#5615,#5618,#5639,#5622));
#5644=IFCFACEOUTERBOUND(#5643,.T.);
#5645=IFCFACE((#5644));
#5646=IFCPOLYLOOP((#5631,#5627,#5626,#5635));
#5647=IFCFACEOUTERBOUND(#5646,.T.);
#5648=IFCFACE((#5647));
#5649=IFCPOLYLOOP((#5622,#5639,#5638,#5623));
#5650=IFCFACEOUTERBOUND(#5649,.T.);
#5651=IFCFACE((#5650));
#5652=IFCPOLYLOOP((#5624,#5637,#5636,#5625));
#5653=IFCFACEOUTERBOUND(#5652,.T.);
#5654=IFCFACE((#5653));
#5655=IFCPOLYLOOP((#5635,#5626,#5625,#5636));
#5656=IFCFACEOUTERBOUND(#5655,.T.);
#5657=IFCFACE((#5656));
#5658=IFCPOLYLOOP((#5623,#5638,#5637,#5624));
#5659=IFCFACEOUTERBOUND(#5658,.T.);
#5660=IFCFACE((#5659));
#5661=IFCCARTESIANPOINT((25.,165.,2000.));
#5662=IFCCARTESIANPOINT((25.,165.,0.));
#5663=IFCCARTESIANPOINT((773.39808886216179,165.,0.));
#5664=IFCCARTESIANPOINT((773.39808886216179,165.,2000.));
#5665=IFCCARTESIANPOINT((145.,165.,230.));
#5666=IFCCARTESIANPOINT((145.,165.,1880.));
#5667=IFCCARTESIANPOINT((655.,165.,1880.));
#5668=IFCCARTESIANPOINT((655.,165.,230.));
#5669=IFCPOLYLOOP((#5661,#5662,#5663,#5664));
#5670=IFCFACEOUTERBOUND(#5669,.T.);
#5671=IFCPOLYLOOP((#5665,#5666,#5667,#5668));
#5672=IFCFACEBOUND(#5671,.T.);
#5673=IFCFACE((#5670,#5672));
#5674=IFCCARTESIANPOINT((25.,200.,0.));
#5675=IFCCARTESIANPOINT((25.,200.,2000.));
#5676=IFCCARTESIANPOINT((773.39808886216179,200.,2000.));
#5677=IFCCARTESIANPOINT((773.39808886216167,200.,0.));
#5678=IFCCARTESIANPOINT((145.,200.,230.));
#5679=IFCCARTESIANPOINT((655.,200.,230.));
#5680=IFCCARTESIANPOINT((655.,200.,1880.));
#5681=IFCCARTESIANPOINT((145.,200.,1880.));
#5682=IFCPOLYLOOP((#5674,#5675,#5676,#5677));
#5683=IFCFACEOUTERBOUND(#5682,.T.);
#5684=IFCPOLYLOOP((#5678,#5679,#5680,#5681));
#5685=IFCFACEBOUND(#5684,.T.);
#5686=IFCFACE((#5683,#5685));
#5687=IFCPOLYLOOP((#5662,#5661,#5675,#5674));
#5688=IFCFACEOUTERBOUND(#5687,.T.);
#5689=IFCFACE((#5688));
#5690=IFCPOLYLOOP((#5662,#5674,#5677,#5663));
#5691=IFCFACEOUTERBOUND(#5690,.T.);
#5692=IFCFACE((#5691));
#5693=IFCPOLYLOOP((#5675,#5661,#5664,#5676));
#5694=IFCFACEOUTERBOUND(#5693,.T.);
#5695=IFCFACE((#5694));
#5696=IFCPOLYLOOP((#5666,#5665,#5678,#5681));
#5697=IFCFACEOUTERBOUND(#5696,.T.);
#5698=IFCFACE((#5697));
#5699=IFCPOLYLOOP((#5667,#5666,#5681,#5680));
#5700=IFCFACEOUTERBOUND(#5699,.T.);
#5701=IFCFACE((#5700));
#5702=IFCPOLYLOOP((#5668,#5667,#5680,#5679));
#5703=IFCFACEOUTERBOUND(#5702,.T.);
#5704=IFCFACE((#5703));
#5705=IFCPOLYLOOP((#5665,#5668,#5679,#5678));
#5706=IFCFACEOUTERBOUND(#5705,.T.);
#5707=IFCFACE((#5706));
#5708=IFCPOLYLOOP((#5664,#5663,#5677,#5676));
#5709=IFCFACEOUTERBOUND(#5708,.T.);
#5710=IFCFACE((#5709));
#5711=IFCCARTESIANPOINT((1525.,165.,2000.));
#5712=IFCCARTESIANPOINT((1525.,165.,0.));
#5713=IFCCARTESIANPOINT((1525.,200.,0.));
#5714=IFCCARTESIANPOINT((1525.,200.,2000.));
#5715=IFCPOLYLOOP((#5711,#5712,#5713,#5714));
#5716=IFCFACEOUTERBOUND(#5715,.T.);
#5717=IFCFACE((#5716));
#5718=IFCCARTESIANPOINT((1405.,165.,1880.));
#5719=IFCCARTESIANPOINT((895.,165.,1880.));
#5720=IFCCARTESIANPOINT((895.,200.,1880.));
#5721=IFCCARTESIANPOINT((1405.,200.,1880.));
#5722=IFCPOLYLOOP((#5718,#5719,#5720,#5721));
#5723=IFCFACEOUTERBOUND(#5722,.T.);
#5724=IFCFACE((#5723));
#5725=IFCCARTESIANPOINT((1405.,165.,230.));
#5726=IFCCARTESIANPOINT((1405.,200.,230.));
#5727=IFCPOLYLOOP((#5725,#5718,#5721,#5726));
#5728=IFCFACEOUTERBOUND(#5727,.T.);
#5729=IFCFACE((#5728));
#5730=IFCCARTESIANPOINT((895.,165.,230.));
#5731=IFCCARTESIANPOINT((895.,200.,230.));
#5732=IFCPOLYLOOP((#5730,#5725,#5726,#5731));
#5733=IFCFACEOUTERBOUND(#5732,.T.);
#5734=IFCFACE((#5733));
#5735=IFCPOLYLOOP((#5719,#5730,#5731,#5720));
#5736=IFCFACEOUTERBOUND(#5735,.T.);
#5737=IFCFACE((#5736));
#5738=IFCCARTESIANPOINT((776.58750000000009,165.,0.));
#5739=IFCCARTESIANPOINT((776.58750000000009,165.,2000.));
#5740=IFCCARTESIANPOINT((776.58750000000009,200.,2000.));
#5741=IFCCARTESIANPOINT((776.58750000000009,200.,0.));
#5742=IFCPOLYLOOP((#5738,#5739,#5740,#5741));
#5743=IFCFACEOUTERBOUND(#5742,.T.);
#5744=IFCFACE((#5743));
#5745=IFCPOLYLOOP((#5711,#5714,#5740,#5739));
#5746=IFCFACEOUTERBOUND(#5745,.T.);
#5747=IFCFACE((#5746));
#5748=IFCPOLYLOOP((#5713,#5712,#5738,#5741));
#5749=IFCFACEOUTERBOUND(#5748,.T.);
#5750=IFCFACE((#5749));
#5751=IFCPOLYLOOP((#5714,#5713,#5741,#5740));
#5752=IFCFACEOUTERBOUND(#5751,.T.);
#5753=IFCPOLYLOOP((#5720,#5731,#5726,#5721));
#5754=IFCFACEBOUND(#5753,.T.);
#5755=IFCFACE((#5752,#5754));
#5756=IFCPOLYLOOP((#5712,#5711,#5739,#5738));
#5757=IFCFACEOUTERBOUND(#5756,.T.);
#5758=IFCPOLYLOOP((#5719,#5718,#5725,#5730));
#5759=IFCFACEBOUND(#5758,.T.);
#5760=IFCFACE((#5757,#5759));
#5761=IFCCARTESIANPOINT((1550.,200.,0.));
#5762=IFCCARTESIANPOINT((1550.,0.,0.));
#5763=IFCCARTESIANPOINT((1525.,0.,0.));
#5764=IFCCARTESIANPOINT((1525.,130.07499999999902,0.));
#5765=IFCCARTESIANPOINT((1512.2999999999979,130.07499999999902,0.));
#5766=IFCCARTESIANPOINT((1512.2999999999979,165.,0.));
#5767=IFCCARTESIANPOINT((1525.,165.,0.));
#5768=IFCCARTESIANPOINT((1525.,200.,0.));
#5769=IFCPOLYLOOP((#5761,#5762,#5763,#5764,#5765,#5766,#5767,#5768));
#5770=IFCFACEOUTERBOUND(#5769,.T.);
#5771=IFCFACE((#5770));
#5772=IFCCARTESIANPOINT((1550.,200.,2025.));
#5773=IFCCARTESIANPOINT((1550.,0.,2025.));
#5774=IFCPOLYLOOP((#5762,#5761,#5772,#5773));
#5775=IFCFACEOUTERBOUND(#5774,.T.);
#5776=IFCFACE((#5775));
#5777=IFCCARTESIANPOINT((0.,0.,2025.));
#5778=IFCCARTESIANPOINT((25.,0.,0.));
#5779=IFCCARTESIANPOINT((25.,0.,2000.));
#5780=IFCCARTESIANPOINT((1525.,0.,2000.));
#5781=IFCPOLYLOOP((#5763,#5762,#5773,#5777,#3,#5778,#5779,#5780));
#5782=IFCFACEOUTERBOUND(#5781,.T.);
#5783=IFCFACE((#5782));
#5784=IFCCARTESIANPOINT((1525.,130.07499999999902,2000.));
#5785=IFCPOLYLOOP((#5764,#5763,#5780,#5784));
#5786=IFCFACEOUTERBOUND(#5785,.T.);
#5787=IFCFACE((#5786));
#5788=IFCCARTESIANPOINT((25.,130.07499999999902,2000.));
#5789=IFCCARTESIANPOINT((25.,130.07499999999902,0.));
#5790=IFCCARTESIANPOINT((37.70000000000212,130.07499999999902,0.));
#5791=IFCCARTESIANPOINT((37.700000000002255,130.07499999999902,1987.2999999999979));
#5792=IFCCARTESIANPOINT((1512.2999999999979,130.07499999999902,1987.2999999999979));
#5793=IFCPOLYLOOP((#5765,#5764,#5784,#5788,#5789,#5790,#5791,#5792));
#5794=IFCFACEOUTERBOUND(#5793,.T.);
#5795=IFCFACE((#5794));
#5796=IFCCARTESIANPOINT((1512.2999999999979,165.,1987.2999999999979));
#5797=IFCPOLYLOOP((#5766,#5765,#5792,#5796));
#5798=IFCFACEOUTERBOUND(#5797,.T.);
#5799=IFCFACE((#5798));
#5800=IFCCARTESIANPOINT((776.5875000000002,165.,1987.2999999999981));
#5801=IFCCARTESIANPOINT((773.3980888621619,165.,1987.2999999999981));
#5802=IFCCARTESIANPOINT((37.70000000000212,165.,1987.2999999999981));
#5803=IFCCARTESIANPOINT((37.70000000000212,165.,0.));
#5804=IFCCARTESIANPOINT((25.,165.,0.));
#5805=IFCCARTESIANPOINT((25.,165.,2000.));
#5806=IFCCARTESIANPOINT((773.39808886216179,165.,2000.));
#5807=IFCCARTESIANPOINT((776.58750000000009,165.,2000.));
#5808=IFCCARTESIANPOINT((1525.,165.,2000.));
#5809=IFCPOLYLOOP((#5767,#5766,#5796,#5800,#5801,#5802,#5803,#5804,#5805,#5806,#5807,#5808));
#5810=IFCFACEOUTERBOUND(#5809,.T.);
#5811=IFCFACE((#5810));
#5812=IFCCARTESIANPOINT((1525.,200.,2000.));
#5813=IFCPOLYLOOP((#5768,#5767,#5808,#5812));
#5814=IFCFACEOUTERBOUND(#5813,.T.);
#5815=IFCFACE((#5814));
#5816=IFCCARTESIANPOINT((776.58750000000009,200.,2000.));
#5817=IFCCARTESIANPOINT((773.39808886216179,200.,2000.));
#5818=IFCCARTESIANPOINT((25.,200.,2000.));
#5819=IFCCARTESIANPOINT((25.,200.,0.));
#5820=IFCCARTESIANPOINT((0.,200.,0.));
#5821=IFCCARTESIANPOINT((0.,200.,2025.));
#5822=IFCPOLYLOOP((#5761,#5768,#5812,#5816,#5817,#5818,#5819,#5820,#5821,#5772));
#5823=IFCFACEOUTERBOUND(#5822,.T.);
#5824=IFCFACE((#5823));
#5825=IFCPOLYLOOP((#5773,#5772,#5821,#5777));
#5826=IFCFACEOUTERBOUND(#5825,.T.);
#5827=IFCFACE((#5826));
#5828=IFCPOLYLOOP((#5780,#5779,#5788,#5784));
#5829=IFCFACEOUTERBOUND(#5828,.T.);
#5830=IFCFACE((#5829));
#5831=IFCPOLYLOOP((#5792,#5791,#5802,#5801,#5800,#5796));
#5832=IFCFACEOUTERBOUND(#5831,.T.);
#5833=IFCFACE((#5832));
#5834=IFCPOLYLOOP((#5812,#5808,#5807,#5806,#5805,#5818,#5817,#5816));
#5835=IFCFACEOUTERBOUND(#5834,.T.);
#5836=IFCFACE((#5835));
#5837=IFCPOLYLOOP((#5778,#3,#5820,#5819,#5804,#5803,#5790,#5789));
#5838=IFCFACEOUTERBOUND(#5837,.T.);
#5839=IFCFACE((#5838));
#5840=IFCPOLYLOOP((#3,#5777,#5821,#5820));
#5841=IFCFACEOUTERBOUND(#5840,.T.);
#5842=IFCFACE((#5841));
#5843=IFCPOLYLOOP((#5779,#5778,#5789,#5788));
#5844=IFCFACEOUTERBOUND(#5843,.T.);
#5845=IFCFACE((#5844));
#5846=IFCPOLYLOOP((#5791,#5790,#5803,#5802));
#5847=IFCFACEOUTERBOUND(#5846,.T.);
#5848=IFCFACE((#5847));
#5849=IFCPOLYLOOP((#5805,#5804,#5819,#5818));
#5850=IFCFACEOUTERBOUND(#5849,.T.);
#5851=IFCFACE((#5850));
#5852=IFCCARTESIANPOINT((895.,179.,1880.));
#5853=IFCCARTESIANPOINT((895.,179.,230.));
#5854=IFCCARTESIANPOINT((1405.,179.,230.));
#5855=IFCCARTESIANPOINT((1405.,179.,1880.));
#5856=IFCPOLYLOOP((#5852,#5853,#5854,#5855));
#5857=IFCFACEOUTERBOUND(#5856,.T.);
#5858=IFCFACE((#5857));
#5859=IFCCARTESIANPOINT((895.,186.,1880.));
#5860=IFCCARTESIANPOINT((895.,186.,230.));
#5861=IFCPOLYLOOP((#5853,#5852,#5859,#5860));
#5862=IFCFACEOUTERBOUND(#5861,.T.);
#5863=IFCFACE((#5862));
#5864=IFCCARTESIANPOINT((1405.,186.,230.));
#5865=IFCPOLYLOOP((#5854,#5853,#5860,#5864));
#5866=IFCFACEOUTERBOUND(#5865,.T.);
#5867=IFCFACE((#5866));
#5868=IFCCARTESIANPOINT((1405.,186.,1880.));
#5869=IFCPOLYLOOP((#5855,#5854,#5864,#5868));
#5870=IFCFACEOUTERBOUND(#5869,.T.);
#5871=IFCFACE((#5870));
#5872=IFCPOLYLOOP((#5852,#5855,#5868,#5859));
#5873=IFCFACEOUTERBOUND(#5872,.T.);
#5874=IFCFACE((#5873));
#5875=IFCPOLYLOOP((#5859,#5868,#5864,#5860));
#5876=IFCFACEOUTERBOUND(#5875,.T.);
#5877=IFCFACE((#5876));
#5878=IFCCARTESIANPOINT((145.,186.,230.));
#5879=IFCCARTESIANPOINT((145.,186.,1880.));
#5880=IFCCARTESIANPOINT((655.,186.,1880.));
#5881=IFCCARTESIANPOINT((655.,186.,230.));
#5882=IFCPOLYLOOP((#5878,#5879,#5880,#5881));
#5883=IFCFACEOUTERBOUND(#5882,.T.);
#5884=IFCFACE((#5883));
#5885=IFCCARTESIANPOINT((655.,179.,230.));
#5886=IFCCARTESIANPOINT((145.,179.,230.));
#5887=IFCPOLYLOOP((#5885,#5886,#5878,#5881));
#5888=IFCFACEOUTERBOUND(#5887,.T.);
#5889=IFCFACE((#5888));
#5890=IFCCARTESIANPOINT((655.,179.,1880.));
#5891=IFCPOLYLOOP((#5890,#5885,#5881,#5880));
#5892=IFCFACEOUTERBOUND(#5891,.T.);
#5893=IFCFACE((#5892));
#5894=IFCCARTESIANPOINT((145.,179.,1880.));
#5895=IFCPOLYLOOP((#5894,#5890,#5880,#5879));
#5896=IFCFACEOUTERBOUND(#5895,.T.);
#5897=IFCFACE((#5896));
#5898=IFCPOLYLOOP((#5886,#5894,#5879,#5878));
#5899=IFCFACEOUTERBOUND(#5898,.T.);
#5900=IFCFACE((#5899));
#5901=IFCPOLYLOOP((#5886,#5885,#5890,#5894));
#5902=IFCFACEOUTERBOUND(#5901,.T.);
#5903=IFCFACE((#5902));
#5904=IFCCLOSEDSHELL((#1611,#1614,#1617,#1620,#1623,#1626,#1629,#1632,#1635,#1638,#1641,#1644,#1647,#1650,#1653,#1656,#1659,#1662,#1665,#1668,#1671,#1674,#1677,#1680,#1683,#1686,#1689,#1692,#1695,#1698,#1701,#1704,#1707,#1710,#1713,#1716,#1719,#1722,#1725,#1728,#1731,#1734,#1737,#1740,#1743,#1746,#1749,#1752,#1755,#1758,#1761,#1764,#1767,#1770,#1773,#1776,#1779,#1782,#1785,#1788,#1791,#1794,#1797,#1800,#1803,#1806,#1809,#1812,#1815,#1818,#1821,#1824,#1827,#1830,#1833,#1836,#1839,#1842,#1845,#1848,#1851,#1854,#1857,#1860,#1863,#1866,#1869,#1872,#1875,#1878,#1881,#1884,#1887,#1890,#1893,#1896,#1899,#1902,#1905,#1908,#1911,#1914,#1917,#1920,#1923,#1926,#1929,#1932,#1935,#1938,#1941,#1944,#1947,#1950,#1953,#1956,#1959,#1962,#1965,#1968,#1971,#1974,#1977,#1980,#1983,#1986,#1989,#1992,#1995,#1998,#2001,#2004,#2007,#2010,#2013,#2016,#2019,#2022,#2025,#2028,#2031,#2034,#2037,#2040,#2043,#2046,#2049,#2052,#2055,#2058,#2061,#2064,#2067,#2070,#2073,#2076,#2079,#2082,#2085,#2088,#2091,#2094,#2097,#2100,#2103,#2106,#2109,#2112,#2115,#2118,#2121,#2124,#2127,#2130,#2133,#2136,#2139,#2142,#2145,#2148,#2151,#2154,#2157,#2160));
#5905=IFCFACETEDBREP(#5904);
#5906=IFCCOLOURRGB($,0.96862745098039216,0.96862745098039216,0.96862745098039216);
#5907=IFCSURFACESTYLERENDERING(#5906,0.,$,$,$,$,IFCNORMALISEDRATIOMEASURE(0.5),IFCSPECULAREXPONENT(64.),.NOTDEFINED.);
#5908=IFCSURFACESTYLE('Aluminum',.BOTH.,(#5907));
#5909=IFCPRESENTATIONSTYLEASSIGNMENT((#5908));
#5910=IFCSTYLEDITEM(#5905,(#5909),$);
#5911=IFCCLOSEDSHELL((#2211,#2214,#2217,#2220,#2223,#2226,#2229,#2232,#2235,#2238,#2241,#2244,#2247,#2250,#2253,#2256,#2259,#2262,#2265,#2268,#2271,#2274,#2277,#2280,#2283,#2286));
#5912=IFCFACETEDBREP(#5911);
#5913=IFCSTYLEDITEM(#5912,(#5909),$);
#5914=IFCCLOSEDSHELL((#2417,#2420,#2423,#2426,#2429,#2432,#2435,#2438,#2441,#2444,#2447,#2450,#2453,#2456,#2459,#2462,#2465,#2468,#2471,#2474,#2477,#2480,#2483,#2486,#2489,#2492,#2495,#2498,#2501,#2504,#2507,#2510,#2513,#2516,#2519,#2522,#2525,#2528,#2531,#2534,#2537,#2540,#2543,#2546,#2549,#2552,#2555,#2558,#2561,#2564,#2567,#2570,#2573,#2576,#2579,#2582,#2585,#2588,#2591,#2594,#2597,#2600,#2603,#2606,#2609,#2612,#2615,#2618,#2621,#2624,#2627,#2630,#2633,#2636,#2639,#2642,#2645,#2648,#2651,#2654,#2657,#2660,#2663,#2666,#2669,#2672,#2675,#2678,#2681,#2684,#2687,#2690,#2693,#2696,#2699,#2702,#2705,#2708,#2711,#2714,#2717,#2720,#2723,#2726,#2729,#2732,#2735,#2738,#2741,#2744,#2747,#2750,#2753,#2756,#2759,#2762,#2765,#2768,#2771,#2774,#2777,#2780,#2783,#2786,#2789,#2792,#2795,#2798,#2801,#2804,#2807,#2810,#2813,#2816,#2819,#2822,#2825,#2828,#2831,#2834,#2837,#2840,#2843,#2846,#2849,#2852,#2855,#2858,#2861,#2864,#2867,#2870,#2873,#2876,#2879,#2882,#2885,#2888,#2891,#2894,#2897,#2900,#2903,#2906,#2909,#2912,#2915,#2918,#2921,#2924,#2927,#2930,#2933,#2936,#2939,#2942,#2945,#2948,#2951,#2954,#2957,#2960,#2963,#2966));
#5915=IFCFACETEDBREP(#5914);
#5916=IFCSTYLEDITEM(#5915,(#5909),$);
#5917=IFCCLOSEDSHELL((#3017,#3020,#3023,#3026,#3029,#3032,#3035,#3038,#3041,#3044,#3047,#3050,#3053,#3056,#3059,#3062,#3065,#3068,#3071,#3074,#3077,#3080,#3083,#3086,#3089,#3092));
#5918=IFCFACETEDBREP(#5917);
#5919=IFCSTYLEDITEM(#5918,(#5909),$);
#5920=IFCCLOSEDSHELL((#3101,#3110,#3113,#3116,#3119,#3122,#3125,#3128));
#5921=IFCFACETEDBREP(#5920);
#5922=IFCCOLOURRGB($,0.88627450980392153,0.69411764705882351,0.50196078431372548);
#5923=IFCSURFACESTYLERENDERING(#5922,0.,$,$,$,$,IFCNORMALISEDRATIOMEASURE(0.5),IFCSPECULAREXPONENT(128.),.NOTDEFINED.);
#5924=IFCSURFACESTYLE('Cherry',.BOTH.,(#5923));
#5925=IFCPRESENTATIONSTYLEASSIGNMENT((#5924));
#5926=IFCSTYLEDITEM(#5921,(#5925),$);
#5927=IFCCLOSEDSHELL((#3137,#3146,#3149,#3152,#3155,#3158,#3161,#3164));
#5928=IFCFACETEDBREP(#5927);
#5929=IFCSTYLEDITEM(#5928,(#5925),$);
#5930=IFCCLOSEDSHELL((#3173,#3182,#3185,#3188,#3191,#3194,#3197,#3200));
#5931=IFCFACETEDBREP(#5930);
#5932=IFCSTYLEDITEM(#5931,(#5925),$);
#5933=IFCCLOSEDSHELL((#3209,#3218,#3221,#3224,#3227,#3230,#3233,#3236));
#5934=IFCFACETEDBREP(#5933);
#5935=IFCSTYLEDITEM(#5934,(#5925),$);
#5936=IFCCLOSEDSHELL((#3245,#3254,#3257,#3260,#3263,#3266,#3269,#3272));
#5937=IFCFACETEDBREP(#5936);
#5938=IFCSTYLEDITEM(#5937,(#5925),$);
#5939=IFCCLOSEDSHELL((#3281,#3290,#3293,#3296,#3299,#3302,#3305,#3308));
#5940=IFCFACETEDBREP(#5939);
#5941=IFCSTYLEDITEM(#5940,(#5925),$);
#5942=IFCCLOSEDSHELL((#3317,#3326,#3329,#3332,#3335,#3338,#3341,#3344));
#5943=IFCFACETEDBREP(#5942);
#5944=IFCSTYLEDITEM(#5943,(#5925),$);
#5945=IFCCLOSEDSHELL((#3353,#3362,#3365,#3368,#3371,#3374,#3377,#3380));
#5946=IFCFACETEDBREP(#5945);
#5947=IFCSTYLEDITEM(#5946,(#5925),$);
#5948=IFCCLOSEDSHELL((#3389,#3398,#3401,#3404,#3407,#3410,#3413,#3416));
#5949=IFCFACETEDBREP(#5948);
#5950=IFCSTYLEDITEM(#5949,(#5925),$);
#5951=IFCCLOSEDSHELL((#3425,#3434,#3437,#3440,#3443,#3446,#3449,#3452));
#5952=IFCFACETEDBREP(#5951);
#5953=IFCSTYLEDITEM(#5952,(#5925),$);
#5954=IFCCLOSEDSHELL((#3461,#3470,#3473,#3476,#3479,#3482,#3485,#3488));
#5955=IFCFACETEDBREP(#5954);
#5956=IFCSTYLEDITEM(#5955,(#5925),$);
#5957=IFCCLOSEDSHELL((#3497,#3506,#3509,#3512,#3515,#3518,#3521,#3524));
#5958=IFCFACETEDBREP(#5957);
#5959=IFCSTYLEDITEM(#5958,(#5925),$);
#5960=IFCCLOSEDSHELL((#3533,#3542,#3545,#3548,#3551,#3554,#3557,#3560));
#5961=IFCFACETEDBREP(#5960);
#5962=IFCSTYLEDITEM(#5961,(#5925),$);
#5963=IFCCLOSEDSHELL((#3569,#3578,#3581,#3584,#3587,#3590,#3593,#3596));
#5964=IFCFACETEDBREP(#5963);
#5965=IFCSTYLEDITEM(#5964,(#5925),$);
#5966=IFCCLOSEDSHELL((#3605,#3614,#3617,#3620,#3623,#3626,#3629,#3632));
#5967=IFCFACETEDBREP(#5966);
#5968=IFCSTYLEDITEM(#5967,(#5925),$);
#5969=IFCCLOSEDSHELL((#3641,#3650,#3653,#3656,#3659,#3662,#3665,#3668));
#5970=IFCFACETEDBREP(#5969);
#5971=IFCSTYLEDITEM(#5970,(#5925),$);
#5972=IFCCLOSEDSHELL((#3677,#3686,#3689,#3692,#3695,#3698,#3701,#3704));
#5973=IFCFACETEDBREP(#5972);
#5974=IFCSTYLEDITEM(#5973,(#5925),$);
#5975=IFCCLOSEDSHELL((#3713,#3722,#3725,#3728,#3731,#3734,#3737,#3740));
#5976=IFCFACETEDBREP(#5975);
#5977=IFCSTYLEDITEM(#5976,(#5925),$);
#5978=IFCCLOSEDSHELL((#3749,#3758,#3761,#3764,#3767,#3770,#3773,#3776));
#5979=IFCFACETEDBREP(#5978);
#5980=IFCSTYLEDITEM(#5979,(#5925),$);
#5981=IFCCLOSEDSHELL((#3785,#3794,#3797,#3800,#3803,#3806,#3809,#3812));
#5982=IFCFACETEDBREP(#5981);
#5983=IFCSTYLEDITEM(#5982,(#5925),$);
#5984=IFCCLOSEDSHELL((#3821,#3830,#3833,#3836,#3839,#3842,#3845,#3848));
#5985=IFCFACETEDBREP(#5984);
#5986=IFCSTYLEDITEM(#5985,(#5925),$);
#5987=IFCCLOSEDSHELL((#3857,#3866,#3869,#3872,#3875,#3878,#3881,#3884));
#5988=IFCFACETEDBREP(#5987);
#5989=IFCSTYLEDITEM(#5988,(#5925),$);
#5990=IFCCLOSEDSHELL((#3893,#3902,#3905,#3908,#3911,#3914,#3917,#3920));
#5991=IFCFACETEDBREP(#5990);
#5992=IFCSTYLEDITEM(#5991,(#5925),$);
#5993=IFCCLOSEDSHELL((#3929,#3938,#3941,#3944,#3947,#3950,#3953,#3956));
#5994=IFCFACETEDBREP(#5993);
#5995=IFCSTYLEDITEM(#5994,(#5925),$);
#5996=IFCCLOSEDSHELL((#4087,#4090,#4093,#4096,#4099,#4102,#4105,#4108,#4111,#4114,#4117,#4120,#4123,#4126,#4129,#4132,#4135,#4138,#4141,#4144,#4147,#4150,#4153,#4156,#4159,#4162,#4165,#4168,#4171,#4174,#4177,#4180,#4183,#4186,#4189,#4192,#4195,#4198,#4201,#4204,#4207,#4210,#4213,#4216,#4219,#4222,#4225,#4228,#4231,#4234,#4237,#4240,#4243,#4246,#4249,#4252,#4255,#4258,#4261,#4264,#4267,#4270,#4273,#4276,#4279,#4282,#4285,#4288,#4291,#4294,#4297,#4300,#4303,#4306,#4309,#4312,#4315,#4318,#4321,#4324,#4327,#4330,#4333,#4336,#4339,#4342,#4345,#4348,#4351,#4354,#4357,#4360,#4363,#4366,#4369,#4372,#4375,#4378,#4381,#4384,#4387,#4390,#4393,#4396,#4399,#4402,#4405,#4408,#4411,#4414,#4417,#4420,#4423,#4426,#4429,#4432,#4435,#4438,#4441,#4444,#4447,#4450,#4453,#4456,#4459,#4462,#4465,#4468,#4471,#4474,#4477,#4480,#4483,#4486,#4489,#4492,#4495,#4498,#4501,#4504,#4507,#4510,#4513,#4516,#4519,#4522,#4525,#4528,#4531,#4534,#4537,#4540,#4543,#4546,#4549,#4552,#4555,#4558,#4561,#4564,#4567,#4570,#4573,#4576,#4579,#4582,#4585,#4588,#4591,#4594,#4597,#4600,#4603,#4606,#4609,#4612,#4615,#4618,#4621,#4624,#4627,#4630,#4633,#4636));
#5997=IFCFACETEDBREP(#5996);
#5998=IFCSTYLEDITEM(#5997,(#5909),$);
#5999=IFCCLOSEDSHELL((#4687,#4690,#4693,#4696,#4699,#4702,#4705,#4708,#4711,#4714,#4717,#4720,#4723,#4726,#4729,#4732,#4735,#4738,#4741,#4744,#4747,#4750,#4753,#4756,#4759,#4762));
#6000=IFCFACETEDBREP(#5999);
#6001=IFCSTYLEDITEM(#6000,(#5909),$);
#6002=IFCCLOSEDSHELL((#4893,#4896,#4899,#4902,#4905,#4908,#4911,#4914,#4917,#4920,#4923,#4926,#4929,#4932,#4935,#4938,#4941,#4944,#4947,#4950,#4953,#4956,#4959,#4962,#4965,#4968,#4971,#4974,#4977,#4980,#4983,#4986,#4989,#4992,#4995,#4998,#5001,#5004,#5007,#5010,#5013,#5016,#5019,#5022,#5025,#5028,#5031,#5034,#5037,#5040,#5043,#5046,#5049,#5052,#5055,#5058,#5061,#5064,#5067,#5070,#5073,#5076,#5079,#5082,#5085,#5088,#5091,#5094,#5097,#5100,#5103,#5106,#5109,#5112,#5115,#5118,#5121,#5124,#5127,#5130,#5133,#5136,#5139,#5142,#5145,#5148,#5151,#5154,#5157,#5160,#5163,#5166,#5169,#5172,#5175,#5178,#5181,#5184,#5187,#5190,#5193,#5196,#5199,#5202,#5205,#5208,#5211,#5214,#5217,#5220,#5223,#5226,#5229,#5232,#5235,#5238,#5241,#5244,#5247,#5250,#5253,#5256,#5259,#5262,#5265,#5268,#5271,#5274,#5277,#5280,#5283,#5286,#5289,#5292,#5295,#5298,#5301,#5304,#5307,#5310,#5313,#5316,#5319,#5322,#5325,#5328,#5331,#5334,#5337,#5340,#5343,#5346,#5349,#5352,#5355,#5358,#5361,#5364,#5367,#5370,#5373,#5376,#5379,#5382,#5385,#5388,#5391,#5394,#5397,#5400,#5403,#5406,#5409,#5412,#5415,#5418,#5421,#5424,#5427,#5430,#5433,#5436,#5439,#5442));
#6003=IFCFACETEDBREP(#6002);
#6004=IFCSTYLEDITEM(#6003,(#5909),$);
#6005=IFCCLOSEDSHELL((#5493,#5496,#5499,#5502,#5505,#5508,#5511,#5514,#5517,#5520,#5523,#5526,#5529,#5532,#5535,#5538,#5541,#5544,#5547,#5550,#5553,#5556,#5559,#5562,#5565,#5568));
#6006=IFCFACETEDBREP(#6005);
#6007=IFCSTYLEDITEM(#6006,(#5909),$);
#6008=IFCCLOSEDSHELL((#5575,#5580,#5588,#5592,#5599,#5602,#5605,#5608,#5611,#5614));
#6009=IFCFACETEDBREP(#6008);
#6010=IFCSTYLEDITEM(#6009,(#5925),$);
#6011=IFCCLOSEDSHELL((#5621,#5630,#5634,#5642,#5645,#5648,#5651,#5654,#5657,#5660));
#6012=IFCFACETEDBREP(#6011);
#6013=IFCSTYLEDITEM(#6012,(#5925),$);
#6014=IFCCLOSEDSHELL((#5673,#5686,#5689,#5692,#5695,#5698,#5701,#5704,#5707,#5710));
#6015=IFCFACETEDBREP(#6014);
#6016=IFCSTYLEDITEM(#6015,(#5925),$);
#6017=IFCCLOSEDSHELL((#5717,#5724,#5729,#5734,#5737,#5744,#5747,#5750,#5755,#5760));
#6018=IFCFACETEDBREP(#6017);
#6019=IFCSTYLEDITEM(#6018,(#5925),$);
#6020=IFCCLOSEDSHELL((#5771,#5776,#5783,#5787,#5795,#5799,#5811,#5815,#5824,#5827,#5830,#5833,#5836,#5839,#5842,#5845,#5848,#5851));
#6021=IFCFACETEDBREP(#6020);
#6022=IFCSTYLEDITEM(#6021,(#5925),$);
#6023=IFCCLOSEDSHELL((#5858,#5863,#5867,#5871,#5874,#5877));
#6024=IFCFACETEDBREP(#6023);
#6025=IFCCOLOURRGB($,0.,0.50196078431372548,0.75294117647058822);
#6026=IFCSURFACESTYLERENDERING(#6025,0.90000000000000002,$,$,$,$,IFCNORMALISEDRATIOMEASURE(0.5),IFCSPECULAREXPONENT(12.),.NOTDEFINED.);
#6027=IFCSURFACESTYLE('Glass',.BOTH.,(#6026));
#6028=IFCPRESENTATIONSTYLEASSIGNMENT((#6027));
#6029=IFCSTYLEDITEM(#6024,(#6028),$);
#6030=IFCCLOSEDSHELL((#5884,#5889,#5893,#5897,#5900,#5903));
#6031=IFCFACETEDBREP(#6030);
#6032=IFCSTYLEDITEM(#6031,(#6028),$);
#6033=IFCSHAPEREPRESENTATION(#101,'Body','Brep',(#5905,#5912,#5915,#5918,#5921,#5928,#5931,#5934,#5937,#5940,#5943,#5946,#5949,#5952,#5955,#5958,#5961,#5964,#5967,#5970,#5973,#5976,#5979,#5982,#5985,#5988,#5991,#5994,#5997,#6000,#6003,#6006,#6009,#6012,#6015,#6018,#6021,#6024,#6031));
#6034=IFCAXIS2PLACEMENT3D(#3,$,$);
#6035=IFCREPRESENTATIONMAP(#6034,#6033);
#6036=IFCDOORLININGPROPERTIES('2cXV28XOjE6f6irge0COy$',#18,'M_Door-Interior-Double-Full Glass-Wood:1500 x 2000mm:353875',$,$,$,$,$,$,$,$,$,$,$,$);
#6037=IFCDOORPANELPROPERTIES('2cXV28XOjE6f6irga0COy$',#18,'M_Door-Interior-Double-Full Glass-Wood:1500 x 2000mm:353875:1',$,$,.SWINGING.,$,.NOTDEFINED.,$);
#6038=IFCDOORSTYLE('0m5X5ThK$qG0TTBp$YQ40G',#18,'M_Door-Interior-Double-Full Glass-Wood:1500 x 2000mm',$,$,(#6036,#6037,#6068),(#6035),'352328',.DOUBLE_DOOR_SINGLE_SWING_OPPOSITE_LEFT.,.NOTDEFINED.,.F.,.F.);
#6039=IFCMATERIAL('Aluminum');
#6040=IFCPRESENTATIONSTYLEASSIGNMENT((#5908));
#6041=IFCSTYLEDITEM($,(#6040),$);
#6042=IFCSTYLEDREPRESENTATION(#99,'Style','Material',(#6041));
#6043=IFCMATERIALDEFINITIONREPRESENTATION($,$,(#6042),#6039);
#6044=IFCMATERIAL('Cherry');
#6045=IFCPRESENTATIONSTYLEASSIGNMENT((#5924));
#6046=IFCSTYLEDITEM($,(#6045),$);
#6047=IFCSTYLEDREPRESENTATION(#99,'Style','Material',(#6046));
#6048=IFCMATERIALDEFINITIONREPRESENTATION($,$,(#6047),#6044);
#6049=IFCMATERIAL('Glass');
#6050=IFCPRESENTATIONSTYLEASSIGNMENT((#6027));
#6051=IFCSTYLEDITEM($,(#6050),$);
#6052=IFCSTYLEDREPRESENTATION(#99,'Style','Material',(#6051));
#6053=IFCMATERIALDEFINITIONREPRESENTATION($,$,(#6052),#6049);
#6054=IFCMATERIALLIST((#6039,#6044,#6049));
#6055=IFCMAPPEDITEM(#6035,#1188);
#6056=IFCSHAPEREPRESENTATION(#101,'Body','MappedRepresentation',(#6055));
#6057=IFCPRODUCTDEFINITIONSHAPE($,$,(#6056));
#6058=IFCCARTESIANPOINT((-10982.667853681814,-7273.2984446447235,0.));
#6059=IFCAXIS2PLACEMENT3D(#6058,#9,#7);
#6061=IFCDOOR('2cXV28XOjE6f6irgi0COy$',#18,'M_Door-Interior-Double-Full Glass-Wood:1500 x 2000mm:353875',$,'M_Door-Interior-Double-Full Glass-Wood:1500 x 2000mm',#14901,#6057,'353875',2025.0000000000002,1550.0000000000007);
#6062=IFCPROPERTYSINGLEVALUE('Reference',$,IFCIDENTIFIER('1500 x 2000mm'),$);
#6063=IFCPROPERTYSET('0vKFyKljHMCr5ohde4PskP',#18,'Pset_DoorCommon',$,(#1200,#6062));
#6064=IFCPROPERTYSET('16wrVp2hR2iW7J_z98Busq',#18,'Pset_QuantityTakeOff',$,(#6062));
#6065=IFCRELDEFINESBYPROPERTIES('1GHFNyrMcr4JC_NPoy4OJC',#18,$,$,(#6061),#6063);
#6066=IFCRELDEFINESBYPROPERTIES('0XE301$sC_yOxAcv5KMNyG',#18,$,$,(#6061),#6064);
#6067=IFCCLASSIFICATIONREFERENCE('https://www.csiresources.org/standards/uniformat','C1020300','Uniformat',#105);
#6068=IFCPROPERTYSET('0sLbU0QH0aqzLx1vt93RPW',#18,'Pset_DoorCommon',$,(#1200));
#6069=IFCCARTESIANPOINT((8.4376949871511897E-15,0.));
#6070=IFCAXIS2PLACEMENT2D(#6069,#11);
#6071=IFCRECTANGLEPROFILEDEF(.AREA.,'0915 x 1830mm',#6070,11.999999999999996,788.99999999999716);
#6072=IFCCARTESIANPOINT((457.50000000000557,159.,63.));
#6073=IFCAXIS2PLACEMENT3D(#6072,#9,#8);
#6074=IFCEXTRUDEDAREASOLID(#6071,#6073,#9,1704.0000000000073);
#6075=IFCCARTESIANPOINT((-438.49999999999994,-896.));
#6076=IFCCARTESIANPOINT((438.49999999999994,-896.));
#6077=IFCCARTESIANPOINT((438.49999999999994,896.));
#6078=IFCCARTESIANPOINT((-438.49999999999994,896.));
#6079=IFCPOLYLINE((#6075,#6076,#6077,#6078,#6075));
#6080=IFCCARTESIANPOINT((-394.49999999999966,-852.));
#6081=IFCCARTESIANPOINT((-394.49999999999966,852.));
#6082=IFCCARTESIANPOINT((394.4999999999975,852.));
#6083=IFCCARTESIANPOINT((394.4999999999975,-852.));
#6084=IFCPOLYLINE((#6080,#6081,#6082,#6083,#6080));
#6085=IFCARBITRARYPROFILEDEFWITHVOIDS(.AREA.,'0915 x 1830mm',#6079,(#6084));
#6086=IFCCARTESIANPOINT((457.50000000000665,137.,915.));
#6087=IFCAXIS2PLACEMENT3D(#6086,#7,#5);
#6088=IFCEXTRUDEDAREASOLID(#6085,#6087,#9,44.000000000027441);
#6089=IFCCARTESIANPOINT((-457.49999999999983,-915.));
#6090=IFCCARTESIANPOINT((457.49999999999983,-915.));
#6091=IFCCARTESIANPOINT((457.49999999999983,915.));
#6092=IFCCARTESIANPOINT((-457.49999999999983,915.));
#6093=IFCPOLYLINE((#6089,#6090,#6091,#6092,#6089));
#6094=IFCCARTESIANPOINT((-438.50000000000114,-896.));
#6095=IFCCARTESIANPOINT((-438.50000000000114,896.));
#6096=IFCCARTESIANPOINT((438.49999999999864,896.));
#6097=IFCCARTESIANPOINT((438.49999999999864,-896.));
#6098=IFCPOLYLINE((#6094,#6095,#6096,#6097,#6094));
#6099=IFCARBITRARYPROFILEDEFWITHVOIDS(.AREA.,'0915 x 1830mm',#6093,(#6098));
#6100=IFCCARTESIANPOINT((457.50000000000796,137.,915.));
#6101=IFCAXIS2PLACEMENT3D(#6100,#7,#5);
#6102=IFCEXTRUDEDAREASOLID(#6099,#6101,#9,63.000000000027434);
#6103=IFCCARTESIANPOINT((-457.50000000000023,-915.));
#6104=IFCCARTESIANPOINT((457.50000000000023,-915.));
#6105=IFCCARTESIANPOINT((457.50000000000023,915.));
#6106=IFCCARTESIANPOINT((-457.50000000000023,915.));
#6107=IFCPOLYLINE((#6103,#6104,#6105,#6106,#6103));
#6108=IFCCARTESIANPOINT((-425.49999999999989,-883.));
#6109=IFCCARTESIANPOINT((-425.49999999999989,883.));
#6110=IFCCARTESIANPOINT((425.50000000000017,883.));
#6111=IFCCARTESIANPOINT((425.50000000000017,-883.));
#6112=IFCPOLYLINE((#6108,#6109,#6110,#6111,#6108));
#6113=IFCARBITRARYPROFILEDEFWITHVOIDS(.AREA.,'0915 x 1830mm',#6107,(#6112));
#6114=IFCCARTESIANPOINT((457.50000000000841,0.,915.));
#6115=IFCAXIS2PLACEMENT3D(#6114,#7,#5);
#6116=IFCEXTRUDEDAREASOLID(#6113,#6115,#9,136.99999999997257);
#6117=IFCSTYLEDITEM(#6074,(#6028),$);
#6118=IFCCOLOURRGB($,0.8784313725490196,0.69803921568627447,0.49411764705882355);
#6119=IFCSURFACESTYLERENDERING(#6118,0.,$,$,$,$,IFCNORMALISEDRATIOMEASURE(0.5),IFCSPECULAREXPONENT(128.),.NOTDEFINED.);
#6120=IFCSURFACESTYLE('Sash',.BOTH.,(#6119));
#6121=IFCPRESENTATIONSTYLEASSIGNMENT((#6120));
#6122=IFCSTYLEDITEM(#6088,(#6121),$);
#6123=IFCSTYLEDITEM(#6102,(#6121),$);
#6124=IFCSTYLEDITEM(#6116,(#6121),$);
#6125=IFCSHAPEREPRESENTATION(#101,'Body','SweptSolid',(#6074,#6088,#6102,#6116));
#6126=IFCAXIS2PLACEMENT3D(#3,$,$);
#6127=IFCREPRESENTATIONMAP(#6126,#6125);
#6128=IFCWINDOWLININGPROPERTIES('2cXV28XOjE6f6irge0CO$D',#18,'M_Fixed:0915 x 1830mm:353953',$,$,$,$,$,$,$,$,$,$);
#6129=IFCWINDOWSTYLE('21gIslA25B8d8cBJACEU3j',#18,'M_Fixed:0915 x 1830mm',$,$,(#6128,#6150,#6152),(#6127),'33083',.NOTDEFINED.,.NOTDEFINED.,.F.,.F.);
#6130=IFCMATERIAL('Sash');
#6131=IFCPRESENTATIONSTYLEASSIGNMENT((#6120));
#6132=IFCSTYLEDITEM($,(#6131),$);
#6133=IFCSTYLEDREPRESENTATION(#99,'Style','Material',(#6132));
#6134=IFCMATERIALDEFINITIONREPRESENTATION($,$,(#6133),#6130);
#6135=IFCMATERIALLIST((#6049,#6130));
#6136=IFCMAPPEDITEM(#6127,#1188);
#6137=IFCSHAPEREPRESENTATION(#101,'Body','MappedRepresentation',(#6136));
#6138=IFCPRODUCTDEFINITIONSHAPE($,$,(#6137));
#6139=IFCCARTESIANPOINT((-14582.6678536818,2836.701555355286,305.));
#6140=IFCAXIS2PLACEMENT3D(#6139,#9,#7);
#6142=IFCWINDOW('2cXV28XOjE6f6irgi0CO$D',#18,'M_Fixed:0915 x 1830mm:353953',$,'M_Fixed:0915 x 1830mm',#14631,#6138,'353953',1829.9999999999982,914.99999999999932);
#6143=IFCPROPERTYSINGLEVALUE('Reference',$,IFCIDENTIFIER('0915 x 1830mm'),$);
#6144=IFCPROPERTYSET('1pLzYlbEBnneWKI2N5nnIq',#18,'Pset_QuantityTakeOff',$,(#6143));
#6145=IFCPROPERTYSET('04VovCq1MyYfD_NWiQy0zI',#18,'Pset_WindowCommon',$,(#336,#6143));
#6146=IFCRELDEFINESBYPROPERTIES('1zVApqKmiwj4bbZF2rKpq8',#18,$,$,(#6142),#6144);
#6147=IFCRELDEFINESBYPROPERTIES('3SXgSpXiSw90a8$bpUZsUb',#18,$,$,(#6142),#6145);
#6148=IFCCLASSIFICATIONREFERENCE('https://www.csiresources.org/standards/uniformat','Window: Assembly Code','Uniformat',#105);
#6149=IFCPROPERTYSINGLEVALUE('Manufacturer',$,IFCLABEL('Window: Manufacturer'),$);
#6150=IFCPROPERTYSET('1I2I3VbdMlRv3kPCg7LB88',#18,'Pset_ManufacturerTypeInformation',$,(#6149));
#6151=IFCPROPERTYSINGLEVALUE('ThermalTransmittance',$,IFCTHERMALTRANSMITTANCEMEASURE(3.6886000000000001),$);
#6152=IFCPROPERTYSET('1jUBQl34XS$Lw2MI5yBVEm',#18,'Pset_WindowCommon',$,(#1200,#6151));
#6153=IFCMAPPEDITEM(#6127,#1188);
#6154=IFCSHAPEREPRESENTATION(#101,'Body','MappedRepresentation',(#6153));
#6155=IFCPRODUCTDEFINITIONSHAPE($,$,(#6154));
#6156=IFCCARTESIANPOINT((-14582.667853681804,1321.7015553552858,305.));
#6157=IFCAXIS2PLACEMENT3D(#6156,#9,#7);
#6159=IFCWINDOW('2cXV28XOjE6f6irgi0CO_u',#18,'M_Fixed:0915 x 1830mm:354004',$,'M_Fixed:0915 x 1830mm',#14646,#6155,'354004',1829.9999999999982,914.99999999999932);
#6160=IFCPROPERTYSET('2LIWaC49ZyauScnnfOXZOe',#18,'Pset_QuantityTakeOff',$,(#6143));
#6161=IFCPROPERTYSET('0tLPJLgFqAGHGD7GPZOlgX',#18,'Pset_WindowCommon',$,(#1200,#6143));
#6162=IFCRELDEFINESBYPROPERTIES('0lM9qGQvQCSBQN26n_WnJe',#18,$,$,(#6159),#6160);
#6163=IFCRELDEFINESBYPROPERTIES('0ClFEspmicG4OHtUrYLcLV',#18,$,$,(#6159),#6161);
#6164=IFCMAPPEDITEM(#6127,#1188);
#6165=IFCSHAPEREPRESENTATION(#101,'Body','MappedRepresentation',(#6164));
#6166=IFCPRODUCTDEFINITIONSHAPE($,$,(#6165));
#6167=IFCCARTESIANPOINT((-14582.667853681807,-193.29844464471395,305.));
#6168=IFCAXIS2PLACEMENT3D(#6167,#9,#7);
#6170=IFCWINDOW('2cXV28XOjE6f6irgi0COvo',#18,'M_Fixed:0915 x 1830mm:354078',$,'M_Fixed:0915 x 1830mm',#14661,#6166,'354078',1829.9999999999982,914.99999999999932);
#6171=IFCPROPERTYSET('2o4irEscfAvEiW2q7WZdte',#18,'Pset_QuantityTakeOff',$,(#6143));
#6172=IFCPROPERTYSET('10eBkDYjnUWWaTO$Hd6uAQ',#18,'Pset_WindowCommon',$,(#1200,#6143));
#6173=IFCRELDEFINESBYPROPERTIES('2if_69pikApTDbk0EyqF1S',#18,$,$,(#6170),#6171);
#6174=IFCRELDEFINESBYPROPERTIES('1CVcz45pZv1LLDOq6Tc_4w',#18,$,$,(#6170),#6172);
#6175=IFCMAPPEDITEM(#6127,#1188);
#6176=IFCSHAPEREPRESENTATION(#101,'Body','MappedRepresentation',(#6175));
#6177=IFCPRODUCTDEFINITIONSHAPE($,$,(#6176));
#6178=IFCCARTESIANPOINT((-14582.667853681809,-1728.2984446447138,305.));
#6179=IFCAXIS2PLACEMENT3D(#6178,#9,#7);
#6181=IFCWINDOW('2cXV28XOjE6f6irgi0COum',#18,'M_Fixed:0915 x 1830mm:354140',$,'M_Fixed:0915 x 1830mm',#14676,#6177,'354140',1829.9999999999982,914.99999999999955);
#6182=IFCPROPERTYSET('1SyZXpkVpb42n0t5RIl1CC',#18,'Pset_QuantityTakeOff',$,(#6143));
#6183=IFCPROPERTYSET('17ljdiURHgyJ3Tnu8xPwgb',#18,'Pset_WindowCommon',$,(#1200,#6143));
#6184=IFCRELDEFINESBYPROPERTIES('03lusEHwO6Nw$R$hwScwbP',#18,$,$,(#6181),#6182);
#6185=IFCRELDEFINESBYPROPERTIES('0Srn6fzbf4PmryPXfItcQR',#18,$,$,(#6181),#6183);
#6186=IFCMAPPEDITEM(#6127,#1188);
#6187=IFCSHAPEREPRESENTATION(#101,'Body','MappedRepresentation',(#6186));
#6188=IFCPRODUCTDEFINITIONSHAPE($,$,(#6187));
#6189=IFCCARTESIANPOINT((-14582.667853681814,-5463.2984446447135,305.));
#6190=IFCAXIS2PLACEMENT3D(#6189,#9,#7);
#6192=IFCWINDOW('2cXV28XOjE6f6irgi0COxw',#18,'M_Fixed:0915 x 1830mm:354198',$,'M_Fixed:0915 x 1830mm',#14691,#6188,'354198',1829.9999999999982,914.99999999999932);
#6193=IFCPROPERTYSET('0KguhWxh1HDZe3QmF_LSvZ',#18,'Pset_QuantityTakeOff',$,(#6143));
#6194=IFCPROPERTYSET('0cgyHd6RX3p_a9qda2qMAO',#18,'Pset_WindowCommon',$,(#1200,#6143));
#6195=IFCRELDEFINESBYPROPERTIES('1jBIKCiseKCAaetNLbbEGI',#18,$,$,(#6192),#6193);
#6196=IFCRELDEFINESBYPROPERTIES('1HnANQjKBBhGKH8remrIKU',#18,$,$,(#6192),#6194);
#6197=IFCMAPPEDITEM(#6127,#1188);
#6198=IFCSHAPEREPRESENTATION(#101,'Body','MappedRepresentation',(#6197));
#6199=IFCPRODUCTDEFINITIONSHAPE($,$,(#6198));
#6200=IFCCARTESIANPOINT((-14582.66785368182,-8413.2984446447135,305.));
#6201=IFCAXIS2PLACEMENT3D(#6200,#9,#7);
#6203=IFCWINDOW('2cXV28XOjE6f6irgi0COxI',#18,'M_Fixed:0915 x 1830mm:354238',$,'M_Fixed:0915 x 1830mm',#14706,#6199,'354238',1829.9999999999982,914.99999999999989);
#6204=IFCPROPERTYSET('2FgVd20bDKZeE0e9$EFVwf',#18,'Pset_QuantityTakeOff',$,(#6143));
#6205=IFCPROPERTYSET('2MdKg8ybeMS05UTpd_d6io',#18,'Pset_WindowCommon',$,(#1200,#6143));
#6206=IFCRELDEFINESBYPROPERTIES('1QEVbdjVCddqo3UUVBLNpy',#18,$,$,(#6203),#6204);
#6207=IFCRELDEFINESBYPROPERTIES('2f_y367Tl6qqpjJUwnkg7K',#18,$,$,(#6203),#6205);
#6208=IFCMAPPEDITEM(#6127,#1188);
#6209=IFCSHAPEREPRESENTATION(#101,'Body','MappedRepresentation',(#6208));
#6210=IFCPRODUCTDEFINITIONSHAPE($,$,(#6209));
#6211=IFCCARTESIANPOINT((-11282.66785368182,-10448.298444644726,305.));
#6212=IFCAXIS2PLACEMENT3D(#6211,#9,#6);
#6214=IFCWINDOW('2cXV28XOjE6f6irgi0CO4t',#18,'M_Fixed:0915 x 1830mm:354395',$,'M_Fixed:0915 x 1830mm',#14571,#6210,'354395',1829.9999999999982,914.99999999999989);
#6215=IFCPROPERTYSET('02eImKuOfDn6_x2CrYNd0Z',#18,'Pset_QuantityTakeOff',$,(#6143));
#6216=IFCPROPERTYSET('1lROkN4qOvNCvzS4Xx1tse',#18,'Pset_WindowCommon',$,(#1200,#6143));
#6217=IFCRELDEFINESBYPROPERTIES('03zo$igvg9kqJKpsing$qs',#18,$,$,(#6214),#6215);
#6218=IFCRELDEFINESBYPROPERTIES('20rfHQOR2gXfE9sJvm1Z1p',#18,$,$,(#6214),#6216);
#6219=IFCMAPPEDITEM(#6127,#1188);
#6220=IFCSHAPEREPRESENTATION(#101,'Body','MappedRepresentation',(#6219));
#6221=IFCPRODUCTDEFINITIONSHAPE($,$,(#6220));
#6222=IFCCARTESIANPOINT((-9467.6678536818199,-10448.298444644734,305.));
#6223=IFCAXIS2PLACEMENT3D(#6222,#9,#6);
#6225=IFCWINDOW('2cXV28XOjE6f6irgi0CO7d',#18,'M_Fixed:0915 x 1830mm:354443',$,'M_Fixed:0915 x 1830mm',#14586,#6221,'354443',1829.9999999999982,914.99999999999886);
#6226=IFCPROPERTYSET('0DXAx8hU8fYql9s2okVKaU',#18,'Pset_QuantityTakeOff',$,(#6143));
#6227=IFCPROPERTYSET('0OLZi3etz_tRmV$wGJOMoI',#18,'Pset_WindowCommon',$,(#1200,#6143));
#6228=IFCRELDEFINESBYPROPERTIES('2QmuEsMUC0FSYFSXgr4krv',#18,$,$,(#6225),#6226);
#6229=IFCRELDEFINESBYPROPERTIES('02iNCtacC2Z3Aoiv7$CAns',#18,$,$,(#6225),#6227);
#6230=IFCMAPPEDITEM(#6127,#1188);
#6231=IFCSHAPEREPRESENTATION(#101,'Body','MappedRepresentation',(#6230));
#6232=IFCPRODUCTDEFINITIONSHAPE($,$,(#6231));
#6233=IFCCARTESIANPOINT((-6782.6678536818081,-4910.7984446447426,305.));
#6234=IFCAXIS2PLACEMENT3D(#6233,#9,#8);
#6236=IFCWINDOW('2cXV28XOjE6f6irgi0CO7H',#18,'M_Fixed:0915 x 1830mm:354493',$,'M_Fixed:0915 x 1830mm',#14781,#6232,'354493',1829.9999999999982,914.99999999999989);
#6237=IFCPROPERTYSET('2COZWtGLf5rUlhshAiU0v6',#18,'Pset_QuantityTakeOff',$,(#6143));
#6238=IFCPROPERTYSET('2bzgUnQXrK1wS0iAmxka9$',#18,'Pset_WindowCommon',$,(#1200,#6143));
#6239=IFCRELDEFINESBYPROPERTIES('2ocL4mHz7_vaCCo2H_ulwR',#18,$,$,(#6236),#6237);
#6240=IFCRELDEFINESBYPROPERTIES('2_RxqHNkiUdMJgrEGhC4pp',#18,$,$,(#6236),#6238);
#6241=IFCMAPPEDITEM(#6127,#1188);
#6242=IFCSHAPEREPRESENTATION(#101,'Body','MappedRepresentation',(#6241));
#6243=IFCPRODUCTDEFINITIONSHAPE($,$,(#6242));
#6244=IFCCARTESIANPOINT((-6782.6678536818017,-433.29844464474138,305.));
#6245=IFCAXIS2PLACEMENT3D(#6244,#9,#8);
#6247=IFCWINDOW('2cXV28XOjE6f6irgi0CO6R',#18,'M_Fixed:0915 x 1830mm:354551',$,'M_Fixed:0915 x 1830mm',#14796,#6243,'354551',1829.9999999999982,914.99999999999932);
#6248=IFCPROPERTYSET('14hFqzL4nFM$Ig$zfP16ua',#18,'Pset_QuantityTakeOff',$,(#6143));
#6249=IFCPROPERTYSET('1_qMv1IcSc7C$M7oiXEqXT',#18,'Pset_WindowCommon',$,(#1200,#6143));
#6250=IFCRELDEFINESBYPROPERTIES('2PM4VOIPsrujw02G3YdLEH',#18,$,$,(#6247),#6248);
#6251=IFCRELDEFINESBYPROPERTIES('3qzeJs_Aap4cpIzfY6pTUl',#18,$,$,(#6247),#6249);
#6252=IFCMAPPEDITEM(#6127,#1188);
#6253=IFCSHAPEREPRESENTATION(#101,'Body','MappedRepresentation',(#6252));
#6254=IFCPRODUCTDEFINITIONSHAPE($,$,(#6253));
#6255=IFCCARTESIANPOINT((-6782.6678536817944,3751.7015553552578,305.));
#6256=IFCAXIS2PLACEMENT3D(#6255,#9,#8);
#6258=IFCWINDOW('2cXV28XOjE6f6irgi0CO1x',#18,'M_Fixed:0915 x 1830mm:354583',$,'M_Fixed:0915 x 1830mm',#14811,#6254,'354583',1829.9999999999982,914.99999999999932);
#6259=IFCPROPERTYSET('0kHwJn4fw4t$_XyjzVhpaO',#18,'Pset_QuantityTakeOff',$,(#6143));
#6260=IFCPROPERTYSET('0mJ1ucpvqKjBODBbnEiLDt',#18,'Pset_WindowCommon',$,(#1200,#6143));
#6261=IFCRELDEFINESBYPROPERTIES('0hq9Si2RXC2rFUQ3NVi7Md',#18,$,$,(#6258),#6259);
#6262=IFCRELDEFINESBYPROPERTIES('2fsbm17V1wADc3zr75UMWK',#18,$,$,(#6258),#6260);
#6263=IFCMAPPEDITEM(#6127,#1188);
#6264=IFCSHAPEREPRESENTATION(#101,'Body','MappedRepresentation',(#6263));
#6265=IFCPRODUCTDEFINITIONSHAPE($,$,(#6264));
#6266=IFCCARTESIANPOINT((-6782.6678536817899,6466.7015553552601,305.));
#6267=IFCAXIS2PLACEMENT3D(#6266,#9,#8);
#6269=IFCWINDOW('2cXV28XOjE6f6irgi0CO1R',#18,'M_Fixed:0915 x 1830mm:354615',$,'M_Fixed:0915 x 1830mm',#14826,#6265,'354615',1829.9999999999982,914.99999999999989);
#6270=IFCPROPERTYSET('10htaqF6jubff7SfRPjcBg',#18,'Pset_QuantityTakeOff',$,(#6143));
#6271=IFCPROPERTYSET('30RLj9mllxFuloLwqjAzhT',#18,'Pset_WindowCommon',$,(#1200,#6143));
#6272=IFCRELDEFINESBYPROPERTIES('07_p6SxyDwVYE5G4jCotnj',#18,$,$,(#6269),#6270);
#6273=IFCRELDEFINESBYPROPERTIES('2akDA8xPUyjtsKjSjU4TiK',#18,$,$,(#6269),#6271);
#6274=IFCMAPPEDITEM(#6127,#1188);
#6275=IFCSHAPEREPRESENTATION(#101,'Body','MappedRepresentation',(#6274));
#6276=IFCPRODUCTDEFINITIONSHAPE($,$,(#6275));
#6277=IFCCARTESIANPOINT((-6782.6678536817863,8366.7015553552737,305.));
#6278=IFCAXIS2PLACEMENT3D(#6277,#9,#8);
#6280=IFCWINDOW('2cXV28XOjE6f6irgi0CO0V',#18,'M_Fixed:0915 x 1830mm:354675',$,'M_Fixed:0915 x 1830mm',#14841,#6276,'354675',1829.9999999999982,914.99999999999989);
#6281=IFCPROPERTYSET('16rfTfWJuDKAO9MmKXuS6H',#18,'Pset_QuantityTakeOff',$,(#6143));
#6282=IFCPROPERTYSET('0K6pajoavXnj2ucFRVL3DO',#18,'Pset_WindowCommon',$,(#1200,#6143));
#6283=IFCRELDEFINESBYPROPERTIES('38qZjk80bgVwbz7Lx9_VsN',#18,$,$,(#6280),#6281);
#6284=IFCRELDEFINESBYPROPERTIES('3m1rzg8PAcH52i7_VkPP6g',#18,$,$,(#6280),#6282);
#6285=IFCMAPPEDITEM(#6127,#1188);
#6286=IFCSHAPEREPRESENTATION(#101,'Body','MappedRepresentation',(#6285));
#6287=IFCPRODUCTDEFINITIONSHAPE($,$,(#6286));
#6288=IFCCARTESIANPOINT((-14582.667853681791,8194.2015553553156,305.));
#6289=IFCAXIS2PLACEMENT3D(#6288,#9,#7);
#6291=IFCWINDOW('2cXV28XOjE6f6irgi0CO3x',#18,'M_Fixed:0915 x 1830mm:354711',$,'M_Fixed:0915 x 1830mm',#14721,#6287,'354711',1829.9999999999982,914.99999999999989);
#6292=IFCPROPERTYSET('24SR09KhYAS1zuLeZk9$oN',#18,'Pset_QuantityTakeOff',$,(#6143));
#6293=IFCPROPERTYSET('0IEG0RvAGSIvfoHuNo5aw0',#18,'Pset_WindowCommon',$,(#1200,#6143));
#6294=IFCRELDEFINESBYPROPERTIES('3VhOJGgVn5xQ_zMc2oNEVa',#18,$,$,(#6291),#6292);
#6295=IFCRELDEFINESBYPROPERTIES('1vwOUPxPnTu_P9QYFtTzeT',#18,$,$,(#6291),#6293);
#6296=IFCAXIS2PLACEMENT3D(#3,$,$);
#6297=IFCLOCALPLACEMENT(#111,#6296);
#6298=IFCCARTESIANPOINT((-3.637978807091713E-12,-4.5474735088646412E-13));
#6299=IFCAXIS2PLACEMENT2D(#6298,#11);
#6300=IFCRECTANGLEPROFILEDEF(.AREA.,$,#6299,19800.000000000036,7800.0000000000036);
#6301=IFCCARTESIANPOINT((-10682.667853681805,-548.29844464471296,0.));
#6302=IFCAXIS2PLACEMENT3D(#6301,#10,#7);
#6303=IFCEXTRUDEDAREASOLID(#6300,#6302,#9,149.99999999999997);
#6304=IFCCOLOURRGB($,0.49803921568627452,0.49803921568627452,0.49803921568627452);
#6305=IFCSURFACESTYLERENDERING(#6304,0.,$,$,$,$,IFCNORMALISEDRATIOMEASURE(0.5),IFCSPECULAREXPONENT(64.),.NOTDEFINED.);
#6306=IFCSURFACESTYLE('Default Floor',.BOTH.,(#6305));
#6307=IFCPRESENTATIONSTYLEASSIGNMENT((#6306));
#6308=IFCSTYLEDITEM(#6303,(#6307),$);
#6309=IFCSHAPEREPRESENTATION(#101,'Body','SweptSolid',(#6303));
#6310=IFCPRODUCTDEFINITIONSHAPE($,$,(#6309));
#6311=IFCSLAB('2cXV28XOjE6f6irgi0CO28',#18,'Floor:Generic 150mm:354788',$,'Floor:Generic 150mm',#6297,#6310,'354788',.FLOOR.);
#6312=IFCSLABTYPE('3Zu5Bv0LOHrPC10026FoR_',#18,'Floor:Generic 150mm',$,$,(#6330),$,'339',$,.FLOOR.);
#6313=IFCMATERIAL('Default Floor');
#6314=IFCPRESENTATIONSTYLEASSIGNMENT((#6306));
#6315=IFCSTYLEDITEM($,(#6314),$);
#6316=IFCSTYLEDREPRESENTATION(#99,'Style','Material',(#6315));
#6317=IFCMATERIALDEFINITIONREPRESENTATION($,$,(#6316),#6313);
#6318=IFCMATERIALLAYER(#6313,149.99999999999997,$);
#6319=IFCMATERIALLAYERSET((#6318),'Floor:Generic 150mm');
#6320=IFCMATERIALLAYERSETUSAGE(#6319,.AXIS3.,.POSITIVE.,0.);
#6321=IFCPROPERTYSINGLEVALUE('Reference',$,IFCIDENTIFIER('Generic 150mm'),$);
#6322=IFCPROPERTYSET('22o9fPrraWOILUEEmiiaw9',#18,'Pset_QuantityTakeOff',$,(#6321));
#6323=IFCPROPERTYSINGLEVALUE('Reference',$,IFCLABEL('Generic 150mm'),$);
#6324=IFCPROPERTYSET('3_f6I1lj5uKOb$bl4s3Rdj',#18,'Pset_ReinforcementBarPitchOfSlab',$,(#6323));
#6325=IFCPROPERTYSINGLEVALUE('PitchAngle',$,IFCPLANEANGLEMEASURE(0.),$);
#6326=IFCPROPERTYSET('11uHorO0i69Q7sifAssDG$',#18,'Pset_SlabCommon',$,(#338,#1200,#6321,#6325));
#6327=IFCRELDEFINESBYPROPERTIES('0N9BOxiFaJhjGBPV846J1o',#18,$,$,(#6311),#6322);
#6328=IFCRELDEFINESBYPROPERTIES('254U2lciB5UPHoqtsMwQGV',#18,$,$,(#6311),#6324);
#6329=IFCRELDEFINESBYPROPERTIES('0GjCJfekqMZxbovKaRjKaz',#18,$,$,(#6311),#6326);
#6330=IFCPROPERTYSET('0hHWi0kBcTG7z3WhEuATsQ',#18,'Pset_SlabCommon',$,(#1200));
#6331=IFCAXIS2PLACEMENT3D(#3,$,$);
#6332=IFCLOCALPLACEMENT(#111,#6331);
#6333=IFCCARTESIANPOINT((0.,-4.5474735088646412E-13));
#6334=IFCAXIS2PLACEMENT2D(#6333,#11);
#6335=IFCRECTANGLEPROFILEDEF(.AREA.,'Plain',#6334,5100.0000000000273,7800.0000000000036);
#6336=IFCCARTESIANPOINT((-10682.667853681794,6801.7015553552865,2600.));
#6337=IFCAXIS2PLACEMENT3D(#6336,#9,#7);
#6338=IFCEXTRUDEDAREASOLID(#6335,#6337,#9,57.000000000000036);
#6339=IFCCOLOURRGB($,0.49803921568627452,0.49803921568627452,0.49803921568627452);
#6340=IFCSURFACESTYLERENDERING(#6339,0.,$,$,$,$,IFCNORMALISEDRATIOMEASURE(0.5),IFCSPECULAREXPONENT(64.),.NOTDEFINED.);
#6341=IFCSURFACESTYLE('Metal Stud Layer',.BOTH.,(#6340));
#6342=IFCPRESENTATIONSTYLEASSIGNMENT((#6341));
#6343=IFCSTYLEDITEM(#6338,(#6342),$);
#6344=IFCSHAPEREPRESENTATION(#101,'Body','SweptSolid',(#6338));
#6345=IFCPRODUCTDEFINITIONSHAPE($,$,(#6344));
#6346=IFCCOVERING('2cXV28XOjE6f6irgi0CO22',#18,'Compound Ceiling:Plain:354798',$,'Compound Ceiling:Plain',#6332,#6345,'354798',.CEILING.);
#6347=IFCCOVERINGTYPE('11BHxV0UD3kux7rc2nWrkt',#18,'Compound Ceiling:Plain',$,$,(#6371),$,'19849',$,.CEILING.);
#6348=IFCMATERIAL('Metal Stud Layer');
#6349=IFCPRESENTATIONSTYLEASSIGNMENT((#6341));
#6350=IFCSTYLEDITEM($,(#6349),$);
#6351=IFCSTYLEDREPRESENTATION(#99,'Style','Material',(#6350));
#6352=IFCMATERIALDEFINITIONREPRESENTATION($,$,(#6351),#6348);
#6353=IFCMATERIAL('Gypsum Wall Board');
#6354=IFCCOLOURRGB($,0.97647058823529409,0.97647058823529409,0.97647058823529409);
#6355=IFCSURFACESTYLERENDERING(#6354,0.,$,$,$,$,IFCNORMALISEDRATIOMEASURE(0.5),IFCSPECULAREXPONENT(128.),.NOTDEFINED.);
#6356=IFCSURFACESTYLE('Gypsum Wall Board',.BOTH.,(#6355));
#6357=IFCPRESENTATIONSTYLEASSIGNMENT((#6356));
#6358=IFCSTYLEDITEM($,(#6357),$);
#6359=IFCSTYLEDREPRESENTATION(#99,'Style','Material',(#6358));
#6360=IFCMATERIALDEFINITIONREPRESENTATION($,$,(#6359),#6353);
#6361=IFCMATERIALLAYER(#6348,45.,$);
#6362=IFCMATERIALLAYER(#6353,11.999999999999998,$);
#6363=IFCMATERIALLAYERSET((#6361,#6362),'Compound Ceiling:Plain');
#6364=IFCMATERIALLAYERSETUSAGE(#6363,.AXIS3.,.NEGATIVE.,56.999999999999993);
#6365=IFCPROPERTYSINGLEVALUE('Reference',$,IFCIDENTIFIER('Plain'),$);
#6366=IFCPROPERTYSET('2x8$UjBWqdbOPHrLSOkzSU',#18,'Pset_CoveringCommon',$,(#6365));
#6367=IFCPROPERTYSET('0Cg1FO47TEugy_wHnJbpdo',#18,'Pset_QuantityTakeOff',$,(#6365));
#6368=IFCRELDEFINESBYPROPERTIES('0NuJQLOmbF1A2nW$w3v8GN',#18,$,$,(#6346),#6366);
#6369=IFCRELDEFINESBYPROPERTIES('3dxwnfLjA2yt3PKtA81PGH',#18,$,$,(#6346),#6367);
#6370=IFCPROPERTYSINGLEVALUE('TotalThickness',$,IFCPOSITIVELENGTHMEASURE(56.999999999999993),$);
#6371=IFCPROPERTYSET('1yz_z1rJn5PKGaiKAVTdWp',#18,'Pset_CoveringCommon',$,(#6370));
#6372=IFCAXIS2PLACEMENT3D(#3,$,$);
#6373=IFCLOCALPLACEMENT(#111,#6372);
#6374=IFCCARTESIANPOINT((-1.1368683772161603E-12,4.5474735088646412E-13));
#6375=IFCAXIS2PLACEMENT2D(#6374,#11);
#6376=IFCRECTANGLEPROFILEDEF(.AREA.,'Plain',#6375,6400.,7800.0000000000036);
#6377=IFCCARTESIANPOINT((-10682.667853681804,851.70155535527249,2600.));
#6378=IFCAXIS2PLACEMENT3D(#6377,#9,#7);
#6379=IFCEXTRUDEDAREASOLID(#6376,#6378,#9,57.000000000000036);
#6380=IFCSTYLEDITEM(#6379,(#6342),$);
#6381=IFCSHAPEREPRESENTATION(#101,'Body','SweptSolid',(#6379));
#6382=IFCPRODUCTDEFINITIONSHAPE($,$,(#6381));
#6383=IFCCOVERING('2cXV28XOjE6f6irgi0CO2Q',#18,'Compound Ceiling:Plain:354806',$,'Compound Ceiling:Plain',#6373,#6382,'354806',.CEILING.);
#6384=IFCPROPERTYSET('2$bgiGYJias_liJHpUSF$j',#18,'Pset_CoveringCommon',$,(#6365));
#6385=IFCPROPERTYSET('0qTPWEcBuRTVkrYA1PQVwq',#18,'Pset_QuantityTakeOff',$,(#6365));
#6386=IFCRELDEFINESBYPROPERTIES('1_lW6ku_jrST2GKlZBVWOW',#18,$,$,(#6383),#6384);
#6387=IFCRELDEFINESBYPROPERTIES('2jvdmV3H6bcUd2epozfOmP',#18,$,$,(#6383),#6385);
#6388=IFCAXIS2PLACEMENT3D(#3,$,$);
#6389=IFCLOCALPLACEMENT(#111,#6388);
#6390=IFCCARTESIANPOINT((-6.8212102632969618E-13,0.));
#6391=IFCAXIS2PLACEMENT2D(#6390,#11);
#6392=IFCRECTANGLEPROFILEDEF(.AREA.,'Plain',#6391,4200.,7900.0000000000018);
#6393=IFCCARTESIANPOINT((-8882.6678536818144,-6498.2984446447344,2600.));
#6394=IFCAXIS2PLACEMENT3D(#6393,#9,#6);
#6395=IFCEXTRUDEDAREASOLID(#6392,#6394,#9,57.000000000000036);
#6396=IFCSTYLEDITEM(#6395,(#6342),$);
#6397=IFCSHAPEREPRESENTATION(#101,'Body','SweptSolid',(#6395));
#6398=IFCPRODUCTDEFINITIONSHAPE($,$,(#6397));
#6399=IFCCOVERING('2cXV28XOjE6f6irgi0CO2I',#18,'Compound Ceiling:Plain:354814',$,'Compound Ceiling:Plain',#6389,#6398,'354814',.CEILING.);
#6400=IFCPROPERTYSET('29i63j4rH81eNepcYdppYg',#18,'Pset_CoveringCommon',$,(#6365));
#6401=IFCPROPERTYSET('2IerubNwbSBa8uWcXdza7x',#18,'Pset_QuantityTakeOff',$,(#6365));
#6402=IFCRELDEFINESBYPROPERTIES('0kJtUl3WI8y3zTllqQv7za',#18,$,$,(#6399),#6400);
#6403=IFCRELDEFINESBYPROPERTIES('3DffzEcXwG3bKOY4imcPOt',#18,$,$,(#6399),#6401);
#6404=IFCAXIS2PLACEMENT3D(#3,$,$);
#6405=IFCLOCALPLACEMENT(#111,#6404);
#6406=IFCCARTESIANPOINT((6.8212102632969618E-13,0.));
#6407=IFCAXIS2PLACEMENT2D(#6406,#11);
#6408=IFCRECTANGLEPROFILEDEF(.AREA.,'Plain',#6407,7900.,3400.0000000000068);
#6409=IFCCARTESIANPOINT((-12882.667853681814,-6498.2984446447217,2600.));
#6410=IFCAXIS2PLACEMENT3D(#6409,#9,#7);
#6411=IFCEXTRUDEDAREASOLID(#6408,#6410,#9,57.000000000000036);
#6412=IFCSTYLEDITEM(#6411,(#6342),$);
#6413=IFCSHAPEREPRESENTATION(#101,'Body','SweptSolid',(#6411));
#6414=IFCPRODUCTDEFINITIONSHAPE($,$,(#6413));
#6415=IFCCOVERING('2cXV28XOjE6f6irgi0CODg',#18,'Compound Ceiling:Plain:354822',$,'Compound Ceiling:Plain',#6405,#6414,'354822',.CEILING.);
#6416=IFCPROPERTYSET('1$mf5JtekLjv$JzETbz0$K',#18,'Pset_CoveringCommon',$,(#6365));
#6417=IFCPROPERTYSET('1eZMj2DkS_mft_SaqrMdlg',#18,'Pset_QuantityTakeOff',$,(#6365));
#6418=IFCRELDEFINESBYPROPERTIES('1gb47WoAOdw83PkxI3ESxe',#18,$,$,(#6415),#6416);
#6419=IFCRELDEFINESBYPROPERTIES('3urrodGw3OiRVQblRc1RPC',#18,$,$,(#6415),#6417);
#6420=IFCAXIS2PLACEMENT3D(#3,$,$);
#6421=IFCLOCALPLACEMENT(#115,#6420);
#6422=IFCCARTESIANPOINT((1.8189894035458565E-12,4.5474735088646412E-13));
#6423=IFCAXIS2PLACEMENT2D(#6422,#11);
#6424=IFCRECTANGLEPROFILEDEF(.AREA.,$,#6423,20200.000000000022,8200.);
#6425=IFCCARTESIANPOINT((-10682.667853681805,-548.29844464471239,0.));
#6426=IFCAXIS2PLACEMENT3D(#6425,#10,#7);
#6427=IFCEXTRUDEDAREASOLID(#6424,#6426,#9,150.);
#6428=IFCSTYLEDITEM(#6427,(#6307),$);
#6429=IFCSHAPEREPRESENTATION(#101,'Body','SweptSolid',(#6427));
#6430=IFCPRODUCTDEFINITIONSHAPE($,$,(#6429));
#6431=IFCSLAB('2cXV28XOjE6f6irgi0COD_',#18,'Floor:Generic 150mm:354834',$,'Floor:Generic 150mm',#6421,#6430,'354834',.FLOOR.);
#6432=IFCPROPERTYSET('3X1c5cIEuSEtwV$Tt7O5q_',#18,'Pset_QuantityTakeOff',$,(#6321));
#6433=IFCPROPERTYSINGLEVALUE('Reference',$,IFCLABEL('Generic 150mm'),$);
#6434=IFCPROPERTYSET('09E8lPbkCCAvC0WvDKzbxS',#18,'Pset_ReinforcementBarPitchOfSlab',$,(#6433));
#6435=IFCPROPERTYSET('3D3LhsGsdX798DshcdD4xP',#18,'Pset_SlabCommon',$,(#338,#1200,#6321,#6325));
#6436=IFCRELDEFINESBYPROPERTIES('2rx3rrXFavVlZRtHqg6R5C',#18,$,$,(#6431),#6432);
#6437=IFCRELDEFINESBYPROPERTIES('0tXlRYztSBhGB3HrQYw3RR',#18,$,$,(#6431),#6434);
#6438=IFCRELDEFINESBYPROPERTIES('0$8NdBvSpC9V4TantZHSdj',#18,$,$,(#6431),#6435);
#6439=IFCCARTESIANPOINT((-14782.667853681822,-10548.298444644715,0.));
#6440=IFCAXIS2PLACEMENT3D(#6439,$,$);
#6441=IFCLOCALPLACEMENT(#115,#6440);
#6442=IFCCARTESIANPOINT((8200.,0.));
#6443=IFCPOLYLINE((#4,#6442));
#6444=IFCSHAPEREPRESENTATION(#100,'Axis','Curve2D',(#6443));
#6445=IFCCARTESIANPOINT((4100.0000000000009,-8.4554585555451922E-13));
#6446=IFCAXIS2PLACEMENT2D(#6445,#12);
#6447=IFCRECTANGLEPROFILEDEF(.AREA.,$,#6446,8200.0000000000018,200.);
#6448=IFCAXIS2PLACEMENT3D(#3,$,$);
#6449=IFCEXTRUDEDAREASOLID(#6447,#6448,#9,4000.0000000000005);
#6450=IFCSTYLEDITEM(#6449,(#315),$);
#6451=IFCSHAPEREPRESENTATION(#101,'Body','SweptSolid',(#6449));
#6452=IFCPRODUCTDEFINITIONSHAPE($,$,(#6444,#6451));
#6453=IFCWALLSTANDARDCASE('2cXV28XOjE6f6irgi0CO8W',#18,'Basic Wall:Outside wall:355148',$,'Basic Wall:Outside wall',#6441,#6452,'355148');
#6454=IFCPROPERTYSINGLEVALUE('FireRating',$,IFCLABEL('_FIRE-RATING_'),$);
#6455=IFCPROPERTYSET('2rTnaIsXMqkkGLkK9L5SXi',#18,'Pset_ConcreteElementGeneral',$,(#6454));
#6456=IFCPROPERTYSET('0Joug9JbvPEBtbokOgYq3o',#18,'Pset_QuantityTakeOff',$,(#331));
#6457=IFCPROPERTYSINGLEVALUE('Reference',$,IFCLABEL('Outside wall'),$);
#6458=IFCPROPERTYSET('38HVi0pZKaXzWkPfCmdCJ9',#18,'Pset_ReinforcementBarPitchOfWall',$,(#6457));
#6459=IFCPROPERTYSINGLEVALUE('FireRating',$,IFCLABEL('_FIRE-RATING_'),$);
#6460=IFCPROPERTYSET('30u8P5WLb2P6WIhGsy96XT',#18,'Pset_WallCommon',$,(#331,#336,#338,#1475,#6459));
#6461=IFCRELDEFINESBYPROPERTIES('0JFjoyRJzUEKGEkHI48KQi',#18,$,$,(#6453),#6455);
#6462=IFCRELDEFINESBYPROPERTIES('20trfla44TIIlJFMFgjD9d',#18,$,$,(#6453),#6456);
#6463=IFCRELDEFINESBYPROPERTIES('2_$zLSwgSQB7gHN45jG_of',#18,$,$,(#6453),#6458);
#6464=IFCRELDEFINESBYPROPERTIES('2NJPP32KM0qOvYysGkzwfo',#18,$,$,(#6453),#6460);
#6465=IFCCARTESIANPOINT((-14682.667853681824,-10448.298444644719,0.));
#6466=IFCAXIS2PLACEMENT3D(#6465,#9,#7);
#6467=IFCLOCALPLACEMENT(#115,#6466);
#6468=IFCCARTESIANPOINT((20000.,0.));
#6469=IFCPOLYLINE((#4,#6468));
#6470=IFCSHAPEREPRESENTATION(#100,'Axis','Curve2D',(#6469));
#6471=IFCCARTESIANPOINT((10000.000000000018,-7.9580786405131221E-13));
#6472=IFCAXIS2PLACEMENT2D(#6471,#12);
#6473=IFCRECTANGLEPROFILEDEF(.AREA.,$,#6472,20000.000000000029,200.);
#6474=IFCAXIS2PLACEMENT3D(#3,$,$);
#6475=IFCEXTRUDEDAREASOLID(#6473,#6474,#9,4000.0000000000005);
#6476=IFCSTYLEDITEM(#6475,(#315),$);
#6477=IFCSHAPEREPRESENTATION(#101,'Body','SweptSolid',(#6475));
#6478=IFCPRODUCTDEFINITIONSHAPE($,$,(#6470,#6477));
#6479=IFCWALLSTANDARDCASE('2cXV28XOjE6f6irgi0CO8X',#18,'Basic Wall:Outside wall:355149',$,'Basic Wall:Outside wall',#6467,#6478,'355149');
#6480=IFCPROPERTYSINGLEVALUE('FireRating',$,IFCLABEL('_FIRE-RATING_'),$);
#6481=IFCPROPERTYSET('0HaO9DDaKZhitHxkpJcVbO',#18,'Pset_ConcreteElementGeneral',$,(#6480));
#6482=IFCPROPERTYSET('0XeUNCGAVF$f6d$SLDAMbU',#18,'Pset_QuantityTakeOff',$,(#331));
#6483=IFCPROPERTYSINGLEVALUE('Reference',$,IFCLABEL('Outside wall'),$);
#6484=IFCPROPERTYSET('0k6mNIxA2y6JosLoYsR83u',#18,'Pset_ReinforcementBarPitchOfWall',$,(#6483));
#6485=IFCPROPERTYSINGLEVALUE('FireRating',$,IFCLABEL('_FIRE-RATING_'),$);
#6486=IFCPROPERTYSET('1QF3rhqIjw4uyoOBJKMMNE',#18,'Pset_WallCommon',$,(#331,#336,#338,#1475,#6485));
#6487=IFCRELDEFINESBYPROPERTIES('2IW9460_HOchukJfCms3VZ',#18,$,$,(#6479),#6481);
#6488=IFCRELDEFINESBYPROPERTIES('0sgj3ESWPgPn5UJceubkXq',#18,$,$,(#6479),#6482);
#6489=IFCRELDEFINESBYPROPERTIES('2t2$VfX8CmpsL$6LcyLleE',#18,$,$,(#6479),#6484);
#6490=IFCRELDEFINESBYPROPERTIES('29ztunbTEnPmxGe875a7Ad',#18,$,$,(#6479),#6486);
#6491=IFCCARTESIANPOINT((-6682.6678536818199,-10448.298444644744,0.));
#6492=IFCAXIS2PLACEMENT3D(#6491,#9,#7);
#6493=IFCLOCALPLACEMENT(#115,#6492);
#6494=IFCCARTESIANPOINT((20000.,0.));
#6495=IFCPOLYLINE((#4,#6494));
#6496=IFCSHAPEREPRESENTATION(#100,'Axis','Curve2D',(#6495));
#6497=IFCCARTESIANPOINT((10000.000000000016,0.));
#6498=IFCAXIS2PLACEMENT2D(#6497,#12);
#6499=IFCRECTANGLEPROFILEDEF(.AREA.,$,#6498,20000.000000000033,200.);
#6500=IFCAXIS2PLACEMENT3D(#3,$,$);
#6501=IFCEXTRUDEDAREASOLID(#6499,#6500,#9,4000.0000000000005);
#6502=IFCSTYLEDITEM(#6501,(#315),$);
#6503=IFCSHAPEREPRESENTATION(#101,'Body','SweptSolid',(#6501));
#6504=IFCPRODUCTDEFINITIONSHAPE($,$,(#6496,#6503));
#6505=IFCWALLSTANDARDCASE('2cXV28XOjE6f6irgi0CO8Y',#18,'Basic Wall:Outside wall:355150',$,'Basic Wall:Outside wall',#6493,#6504,'355150');
#6506=IFCPROPERTYSINGLEVALUE('FireRating',$,IFCLABEL('_FIRE-RATING_'),$);
#6507=IFCPROPERTYSET('2YmLh654SJ$V1dS8Fq4Srm',#18,'Pset_ConcreteElementGeneral',$,(#6506));
#6508=IFCPROPERTYSET('1QD8jUqYZq2tmhLf9ccwmY',#18,'Pset_QuantityTakeOff',$,(#331));
#6509=IFCPROPERTYSINGLEVALUE('Reference',$,IFCLABEL('Outside wall'),$);
#6510=IFCPROPERTYSET('3RjQIBom7O_dYMtpwANzuy',#18,'Pset_ReinforcementBarPitchOfWall',$,(#6509));
#6511=IFCPROPERTYSINGLEVALUE('FireRating',$,IFCLABEL('_FIRE-RATING_'),$);
#6512=IFCPROPERTYSET('2TPH2a15FgPdBQqXlbiJwb',#18,'Pset_WallCommon',$,(#331,#336,#338,#1475,#6511));
#6513=IFCRELDEFINESBYPROPERTIES('0L0s3INFCjBtEe796DySA6',#18,$,$,(#6505),#6507);
#6514=IFCRELDEFINESBYPROPERTIES('0HxFcprtGBQi7UfSw5WbVv',#18,$,$,(#6505),#6508);
#6515=IFCRELDEFINESBYPROPERTIES('1y8Y3W6lXYecjBdyDg4oQ_',#18,$,$,(#6505),#6510);
#6516=IFCRELDEFINESBYPROPERTIES('3QY$JgGtYyfVPHLWksEA$l',#18,$,$,(#6505),#6512);
#6517=IFCCARTESIANPOINT((-6782.6678536817872,9451.7015553552883,0.));
#6518=IFCAXIS2PLACEMENT3D(#6517,#9,#6);
#6519=IFCLOCALPLACEMENT(#115,#6518);
#6520=IFCCARTESIANPOINT((7800.,0.));
#6521=IFCPOLYLINE((#4,#6520));
#6522=IFCSHAPEREPRESENTATION(#100,'Axis','Curve2D',(#6521));
#6523=IFCCARTESIANPOINT((3900.0000000000009,-3.1974423109204508E-13));
#6524=IFCAXIS2PLACEMENT2D(#6523,#12);
#6525=IFCRECTANGLEPROFILEDEF(.AREA.,$,#6524,7800.0000000000018,200.);
#6526=IFCAXIS2PLACEMENT3D(#3,$,$);
#6527=IFCEXTRUDEDAREASOLID(#6525,#6526,#9,4000.0000000000005);
#6528=IFCSTYLEDITEM(#6527,(#315),$);
#6529=IFCSHAPEREPRESENTATION(#101,'Body','SweptSolid',(#6527));
#6530=IFCPRODUCTDEFINITIONSHAPE($,$,(#6522,#6529));
#6531=IFCWALLSTANDARDCASE('2cXV28XOjE6f6irgi0CO8Z',#18,'Basic Wall:Outside wall:355151',$,'Basic Wall:Outside wall',#6519,#6530,'355151');
#6532=IFCPROPERTYSINGLEVALUE('FireRating',$,IFCLABEL('_FIRE-RATING_'),$);
#6533=IFCPROPERTYSET('3sfggFQRXxNCgx0zSJR8KJ',#18,'Pset_ConcreteElementGeneral',$,(#6532));
#6534=IFCPROPERTYSET('0ZD6C8z$sx1PEWgY79xKye',#18,'Pset_QuantityTakeOff',$,(#331));
#6535=IFCPROPERTYSINGLEVALUE('Reference',$,IFCLABEL('Outside wall'),$);
#6536=IFCPROPERTYSET('1r5LjpEpl00CeOemUwuhgX',#18,'Pset_ReinforcementBarPitchOfWall',$,(#6535));
#6537=IFCPROPERTYSINGLEVALUE('FireRating',$,IFCLABEL('_FIRE-RATING_'),$);
#6538=IFCPROPERTYSET('0vHmSakGVfu_vtiqImbRuP',#18,'Pset_WallCommon',$,(#331,#336,#338,#1475,#6537));
#6539=IFCRELDEFINESBYPROPERTIES('0hafxUeCYO4GUa8rfZJ6q5',#18,$,$,(#6531),#6533);
#6540=IFCRELDEFINESBYPROPERTIES('2qW6X20Sr99sFnwjLQFawS',#18,$,$,(#6531),#6534);
#6541=IFCRELDEFINESBYPROPERTIES('0BkWhPyyC53fliulfnlfFu',#18,$,$,(#6531),#6536);
#6542=IFCRELDEFINESBYPROPERTIES('1xG2y3moo_voArk3ZDpD5N',#18,$,$,(#6531),#6538);
#6543=IFCMAPPEDITEM(#6127,#1188);
#6544=IFCSHAPEREPRESENTATION(#101,'Body','MappedRepresentation',(#6543));
#6545=IFCPRODUCTDEFINITIONSHAPE($,$,(#6544));
#6546=IFCCARTESIANPOINT((-14582.6678536818,2836.701555355286,305.));
#6547=IFCAXIS2PLACEMENT3D(#6546,#9,#7);
#6549=IFCWINDOW('2cXV28XOjE6f6irgi0CO8v',#18,'M_Fixed:0915 x 1830mm:355157',$,'M_Fixed:0915 x 1830mm',#14946,#6545,'355157',1829.9999999999986,914.99999999999932);
#6550=IFCPROPERTYSET('3wtM1x0RVdgydsNDxulFhc',#18,'Pset_QuantityTakeOff',$,(#6143));
#6551=IFCPROPERTYSET('2rsB2Y2FpshcYan3eeiAE9',#18,'Pset_WindowCommon',$,(#1200,#6143));
#6552=IFCRELDEFINESBYPROPERTIES('0jEZAU5XLP3svo_y1c9U6V',#18,$,$,(#6549),#6550);
#6553=IFCRELDEFINESBYPROPERTIES('3OsI80Nx2XXdpNnE4mderL',#18,$,$,(#6549),#6551);
#6554=IFCMAPPEDITEM(#6127,#1188);
#6555=IFCSHAPEREPRESENTATION(#101,'Body','MappedRepresentation',(#6554));
#6556=IFCPRODUCTDEFINITIONSHAPE($,$,(#6555));
#6557=IFCCARTESIANPOINT((-14582.667853681804,1321.7015553552858,305.));
#6558=IFCAXIS2PLACEMENT3D(#6557,#9,#7);
#6560=IFCWINDOW('2cXV28XOjE6f6irgi0CO8w',#18,'M_Fixed:0915 x 1830mm:355158',$,'M_Fixed:0915 x 1830mm',#14961,#6556,'355158',1829.9999999999986,914.99999999999932);
#6561=IFCPROPERTYSET('1YDU$DdU9ef0Bg27OGJhN_',#18,'Pset_QuantityTakeOff',$,(#6143));
#6562=IFCPROPERTYSET('1h7tCPuRh28sTNQisbMhGL',#18,'Pset_WindowCommon',$,(#1200,#6143));
#6563=IFCRELDEFINESBYPROPERTIES('1sbEuyugbACVmcKl3rA8qt',#18,$,$,(#6560),#6561);
#6564=IFCRELDEFINESBYPROPERTIES('3xJmWnfGv3GmZqPZ7OdrCs',#18,$,$,(#6560),#6562);
#6565=IFCMAPPEDITEM(#6127,#1188);
#6566=IFCSHAPEREPRESENTATION(#101,'Body','MappedRepresentation',(#6565));
#6567=IFCPRODUCTDEFINITIONSHAPE($,$,(#6566));
#6568=IFCCARTESIANPOINT((-14582.667853681807,-193.29844464471395,305.));
#6569=IFCAXIS2PLACEMENT3D(#6568,#9,#7);
#6571=IFCWINDOW('2cXV28XOjE6f6irgi0CO8x',#18,'M_Fixed:0915 x 1830mm:355159',$,'M_Fixed:0915 x 1830mm',#14976,#6567,'355159',1829.9999999999986,914.99999999999932);
#6572=IFCPROPERTYSET('0ZMTyL7_F1A9bVLy3mXwrn',#18,'Pset_QuantityTakeOff',$,(#6143));
#6573=IFCPROPERTYSET('35TjMBk8w8uhDFx$jJxvFM',#18,'Pset_WindowCommon',$,(#1200,#6143));
#6574=IFCRELDEFINESBYPROPERTIES('2XMv75d$0$bBGpgXLm2nSl',#18,$,$,(#6571),#6572);
#6575=IFCRELDEFINESBYPROPERTIES('2AGFra3IVrlzwhqWRmbaNE',#18,$,$,(#6571),#6573);
#6576=IFCMAPPEDITEM(#6127,#1188);
#6577=IFCSHAPEREPRESENTATION(#101,'Body','MappedRepresentation',(#6576));
#6578=IFCPRODUCTDEFINITIONSHAPE($,$,(#6577));
#6579=IFCCARTESIANPOINT((-14582.667853681809,-1728.2984446447138,305.));
#6580=IFCAXIS2PLACEMENT3D(#6579,#9,#7);
#6582=IFCWINDOW('2cXV28XOjE6f6irgi0CO8q',#18,'M_Fixed:0915 x 1830mm:355160',$,'M_Fixed:0915 x 1830mm',#14991,#6578,'355160',1829.9999999999986,914.99999999999955);
#6583=IFCPROPERTYSET('2IYTHt19J2ul1G9TTWnDG8',#18,'Pset_QuantityTakeOff',$,(#6143));
#6584=IFCPROPERTYSET('2XivQ$ETnQxKs23YwqHVsL',#18,'Pset_WindowCommon',$,(#1200,#6143));
#6585=IFCRELDEFINESBYPROPERTIES('1dncG6CxOZC1L25DYTb7F6',#18,$,$,(#6582),#6583);
#6586=IFCRELDEFINESBYPROPERTIES('0BEGB8jMU91JpKNwdBDi_4',#18,$,$,(#6582),#6584);
#6587=IFCMAPPEDITEM(#6127,#1188);
#6588=IFCSHAPEREPRESENTATION(#101,'Body','MappedRepresentation',(#6587));
#6589=IFCPRODUCTDEFINITIONSHAPE($,$,(#6588));
#6590=IFCCARTESIANPOINT((-14582.667853681814,-5463.2984446447135,305.));
#6591=IFCAXIS2PLACEMENT3D(#6590,#9,#7);
#6593=IFCWINDOW('2cXV28XOjE6f6irgi0CO8r',#18,'M_Fixed:0915 x 1830mm:355161',$,'M_Fixed:0915 x 1830mm',#15006,#6589,'355161',1829.9999999999986,914.99999999999932);
#6594=IFCPROPERTYSET('3lFFLTGAASipjMrC6aYqWO',#18,'Pset_QuantityTakeOff',$,(#6143));
#6595=IFCPROPERTYSET('26I3$IOH6tZA5COfySe0Zf',#18,'Pset_WindowCommon',$,(#1200,#6143));
#6596=IFCRELDEFINESBYPROPERTIES('1PqOvww4Utvg2_XCPQJWYG',#18,$,$,(#6593),#6594);
#6597=IFCRELDEFINESBYPROPERTIES('1xH3UvFnD_SVDWxQ7hwEvW',#18,$,$,(#6593),#6595);
#6598=IFCMAPPEDITEM(#6127,#1188);
#6599=IFCSHAPEREPRESENTATION(#101,'Body','MappedRepresentation',(#6598));
#6600=IFCPRODUCTDEFINITIONSHAPE($,$,(#6599));
#6601=IFCCARTESIANPOINT((-14582.66785368182,-8413.2984446447135,305.));
#6602=IFCAXIS2PLACEMENT3D(#6601,#9,#7);
#6604=IFCWINDOW('2cXV28XOjE6f6irgi0CO8s',#18,'M_Fixed:0915 x 1830mm:355162',$,'M_Fixed:0915 x 1830mm',#15021,#6600,'355162',1829.9999999999986,914.99999999999989);
#6605=IFCPROPERTYSET('3s6VHgkINdV6Zw8l2mrcMU',#18,'Pset_QuantityTakeOff',$,(#6143));
#6606=IFCPROPERTYSET('3LnYm1FOcuxOjs_F58x5$z',#18,'Pset_WindowCommon',$,(#1200,#6143));
#6607=IFCRELDEFINESBYPROPERTIES('0M4raoG_42pgi1NfxKVBdn',#18,$,$,(#6604),#6605);
#6608=IFCRELDEFINESBYPROPERTIES('22tyzICiX9K982epzmftzr',#18,$,$,(#6604),#6606);
#6609=IFCMAPPEDITEM(#6127,#1188);
#6610=IFCSHAPEREPRESENTATION(#101,'Body','MappedRepresentation',(#6609));
#6611=IFCPRODUCTDEFINITIONSHAPE($,$,(#6610));
#6612=IFCCARTESIANPOINT((-11282.66785368182,-10448.298444644726,305.));
#6613=IFCAXIS2PLACEMENT3D(#6612,#9,#6);
#6615=IFCWINDOW('2cXV28XOjE6f6irgi0CO8t',#18,'M_Fixed:0915 x 1830mm:355163',$,'M_Fixed:0915 x 1830mm',#14916,#6611,'355163',1829.9999999999986,914.99999999999989);
#6616=IFCPROPERTYSET('0mRYfH0xLVUUc0ieaUkC3l',#18,'Pset_QuantityTakeOff',$,(#6143));
#6617=IFCPROPERTYSET('2HMPQDA4da9Qxg85_E$wqn',#18,'Pset_WindowCommon',$,(#1200,#6143));
#6618=IFCRELDEFINESBYPROPERTIES('1pZRaQp$ysY0BhUw8tXU5A',#18,$,$,(#6615),#6616);
#6619=IFCRELDEFINESBYPROPERTIES('216UC6w6nps3ITIjtt6qNF',#18,$,$,(#6615),#6617);
#6620=IFCMAPPEDITEM(#6127,#1188);
#6621=IFCSHAPEREPRESENTATION(#101,'Body','MappedRepresentation',(#6620));
#6622=IFCPRODUCTDEFINITIONSHAPE($,$,(#6621));
#6623=IFCCARTESIANPOINT((-9467.6678536818199,-10448.298444644734,305.));
#6624=IFCAXIS2PLACEMENT3D(#6623,#9,#6);
#6626=IFCWINDOW('2cXV28XOjE6f6irgi0CO8m',#18,'M_Fixed:0915 x 1830mm:355164',$,'M_Fixed:0915 x 1830mm',#14931,#6622,'355164',1829.9999999999986,914.99999999999886);
#6627=IFCPROPERTYSET('0TX8nYM6nW8NdK$GyxiliE',#18,'Pset_QuantityTakeOff',$,(#6143));
#6628=IFCPROPERTYSET('1CvkoJdWnLvNPF8wOyz$Hf',#18,'Pset_WindowCommon',$,(#1200,#6143));
#6629=IFCRELDEFINESBYPROPERTIES('3mJXPTvoy9VRFQ$0IS9lto',#18,$,$,(#6626),#6627);
#6630=IFCRELDEFINESBYPROPERTIES('3Nz9wLPq_ygqCUDEvsOs9G',#18,$,$,(#6626),#6628);
#6631=IFCMAPPEDITEM(#6127,#1188);
#6632=IFCSHAPEREPRESENTATION(#101,'Body','MappedRepresentation',(#6631));
#6633=IFCPRODUCTDEFINITIONSHAPE($,$,(#6632));
#6634=IFCCARTESIANPOINT((-6782.6678536818081,-4910.7984446447426,305.));
#6635=IFCAXIS2PLACEMENT3D(#6634,#9,#8);
#6637=IFCWINDOW('2cXV28XOjE6f6irgi0CO8n',#18,'M_Fixed:0915 x 1830mm:355165',$,'M_Fixed:0915 x 1830mm',#15051,#6633,'355165',1829.9999999999986,914.99999999999989);
#6638=IFCPROPERTYSET('1xCNh7ESEQlVavMdKrozov',#18,'Pset_QuantityTakeOff',$,(#6143));
#6639=IFCPROPERTYSET('0uVKf5sTZCeNTridojJeyU',#18,'Pset_WindowCommon',$,(#1200,#6143));
#6640=IFCRELDEFINESBYPROPERTIES('2MpKkh117PWabf9$IvVYKA',#18,$,$,(#6637),#6638);
#6641=IFCRELDEFINESBYPROPERTIES('2i8wDFhijTj4pUC9gmw5Cp',#18,$,$,(#6637),#6639);
#6642=IFCMAPPEDITEM(#6127,#1188);
#6643=IFCSHAPEREPRESENTATION(#101,'Body','MappedRepresentation',(#6642));
#6644=IFCPRODUCTDEFINITIONSHAPE($,$,(#6643));
#6645=IFCCARTESIANPOINT((-6782.6678536818017,-433.29844464474138,305.));
#6646=IFCAXIS2PLACEMENT3D(#6645,#9,#8);
#6648=IFCWINDOW('2cXV28XOjE6f6irgi0CO8o',#18,'M_Fixed:0915 x 1830mm:355166',$,'M_Fixed:0915 x 1830mm',#15066,#6644,'355166',1829.9999999999986,914.99999999999932);
#6649=IFCPROPERTYSET('3pKWtRT0K3PylVBcOaPVAP',#18,'Pset_QuantityTakeOff',$,(#6143));
#6650=IFCPROPERTYSET('2_bgGMD0vIHE69DTQqN4JZ',#18,'Pset_WindowCommon',$,(#1200,#6143));
#6651=IFCRELDEFINESBYPROPERTIES('1AMBlEiMsyW$FfjvBuRA0v',#18,$,$,(#6648),#6649);
#6652=IFCRELDEFINESBYPROPERTIES('1dg8hktahdpUBcP_$jCFx7',#18,$,$,(#6648),#6650);
#6653=IFCMAPPEDITEM(#6127,#1188);
#6654=IFCSHAPEREPRESENTATION(#101,'Body','MappedRepresentation',(#6653));
#6655=IFCPRODUCTDEFINITIONSHAPE($,$,(#6654));
#6656=IFCCARTESIANPOINT((-6782.6678536817944,3751.7015553552578,305.));
#6657=IFCAXIS2PLACEMENT3D(#6656,#9,#8);
#6659=IFCWINDOW('2cXV28XOjE6f6irgi0CO8p',#18,'M_Fixed:0915 x 1830mm:355167',$,'M_Fixed:0915 x 1830mm',#15081,#6655,'355167',1829.9999999999986,914.99999999999932);
#6660=IFCPROPERTYSET('02ZPFVc2Ij6F$wrpIKgpI2',#18,'Pset_QuantityTakeOff',$,(#6143));
#6661=IFCPROPERTYSET('22AaTFag4Oo2jKeaclwRrE',#18,'Pset_WindowCommon',$,(#1200,#6143));
#6662=IFCRELDEFINESBYPROPERTIES('0gZrNGE16kKvotXZgZoppD',#18,$,$,(#6659),#6660);
#6663=IFCRELDEFINESBYPROPERTIES('3nU6pg$5YDcRN_NabompGm',#18,$,$,(#6659),#6661);
#6664=IFCMAPPEDITEM(#6127,#1188);
#6665=IFCSHAPEREPRESENTATION(#101,'Body','MappedRepresentation',(#6664));
#6666=IFCPRODUCTDEFINITIONSHAPE($,$,(#6665));
#6667=IFCCARTESIANPOINT((-6782.6678536817899,6466.7015553552601,305.));
#6668=IFCAXIS2PLACEMENT3D(#6667,#9,#8);
#6670=IFCWINDOW('2cXV28XOjE6f6irgi0CO8C',#18,'M_Fixed:0915 x 1830mm:355168',$,'M_Fixed:0915 x 1830mm',#15096,#6666,'355168',1829.9999999999986,914.99999999999989);
#6671=IFCPROPERTYSET('2QKpDiFyGmzE79yqiFoXWG',#18,'Pset_QuantityTakeOff',$,(#6143));
#6672=IFCPROPERTYSET('3FcJDiZHn$eoiL1m7OpP2D',#18,'Pset_WindowCommon',$,(#1200,#6143));
#6673=IFCRELDEFINESBYPROPERTIES('2ioC$piSK$_cSCVyLQbQvz',#18,$,$,(#6670),#6671);
#6674=IFCRELDEFINESBYPROPERTIES('0jlkBZHjPZeuMj_UTBusYy',#18,$,$,(#6670),#6672);
#6675=IFCMAPPEDITEM(#6127,#1188);
#6676=IFCSHAPEREPRESENTATION(#101,'Body','MappedRepresentation',(#6675));
#6677=IFCPRODUCTDEFINITIONSHAPE($,$,(#6676));
#6678=IFCCARTESIANPOINT((-6782.6678536817863,8366.7015553552737,305.));
#6679=IFCAXIS2PLACEMENT3D(#6678,#9,#8);
#6681=IFCWINDOW('2cXV28XOjE6f6irgi0CO8D',#18,'M_Fixed:0915 x 1830mm:355169',$,'M_Fixed:0915 x 1830mm',#15111,#6677,'355169',1829.9999999999986,914.99999999999989);
#6682=IFCPROPERTYSET('3MGftFLVrzEIcIp2O$CEJr',#18,'Pset_QuantityTakeOff',$,(#6143));
#6683=IFCPROPERTYSET('3ehJeyfJTAmejIZjbX1OtX',#18,'Pset_WindowCommon',$,(#1200,#6143));
#6684=IFCRELDEFINESBYPROPERTIES('3RAOMtAnY5dEnRbjptRfKj',#18,$,$,(#6681),#6682);
#6685=IFCRELDEFINESBYPROPERTIES('1EHYGvYxs33w$Q81SktUjF',#18,$,$,(#6681),#6683);
#6686=IFCMAPPEDITEM(#6127,#1188);
#6687=IFCSHAPEREPRESENTATION(#101,'Body','MappedRepresentation',(#6686));
#6688=IFCPRODUCTDEFINITIONSHAPE($,$,(#6687));
#6689=IFCCARTESIANPOINT((-14582.667853681791,8194.2015553553156,305.));
#6690=IFCAXIS2PLACEMENT3D(#6689,#9,#7);
#6692=IFCWINDOW('2cXV28XOjE6f6irgi0CO8E',#18,'M_Fixed:0915 x 1830mm:355170',$,'M_Fixed:0915 x 1830mm',#15036,#6688,'355170',1829.9999999999986,914.99999999999989);
#6693=IFCPROPERTYSET('1G3urZ7GJgcAQuWOeCXnAo',#18,'Pset_QuantityTakeOff',$,(#6143));
#6694=IFCPROPERTYSET('0h2_KS2qWio2wlHER1nhKm',#18,'Pset_WindowCommon',$,(#1200,#6143));
#6695=IFCRELDEFINESBYPROPERTIES('02F83lE7EzM5Zm5wW16WUZ',#18,$,$,(#6692),#6693);
#6696=IFCRELDEFINESBYPROPERTIES('3N_ZjvJ5ZgGjtCUZL9PQPM',#18,$,$,(#6692),#6694);
#6697=IFCAXIS2PLACEMENT3D(#3,$,$);
#6698=IFCLOCALPLACEMENT(#115,#6697);
#6699=IFCCARTESIANPOINT((4.5474735088646412E-13,0.));
#6700=IFCAXIS2PLACEMENT2D(#6699,#11);
#6701=IFCRECTANGLEPROFILEDEF(.AREA.,'Plain',#6700,7800.0000000000036,19800.000000000029);
#6702=IFCCARTESIANPOINT((-10682.667853681805,-548.29844464471432,2600.));
#6703=IFCAXIS2PLACEMENT3D(#6702,#9,#6);
#6704=IFCEXTRUDEDAREASOLID(#6701,#6703,#9,57.000000000000036);
#6705=IFCSTYLEDITEM(#6704,(#6342),$);
#6706=IFCSHAPEREPRESENTATION(#101,'Body','SweptSolid',(#6704));
#6707=IFCPRODUCTDEFINITIONSHAPE($,$,(#6706));
#6708=IFCCOVERING('2cXV28XOjE6f6irgi0COGb',#18,'Compound Ceiling:Plain:355657',$,'Compound Ceiling:Plain',#6698,#6707,'355657',.CEILING.);
#6709=IFCPROPERTYSET('0xiGi7C6FMuQuMOBRBUapC',#18,'Pset_CoveringCommon',$,(#6365));
#6710=IFCPROPERTYSET('3655KGSpxDGuoKjB1zp8W4',#18,'Pset_QuantityTakeOff',$,(#6365));
#6711=IFCRELDEFINESBYPROPERTIES('2OUZmCoJrzFhHINm1DzqX9',#18,$,$,(#6708),#6709);
#6712=IFCRELDEFINESBYPROPERTIES('33rN2kBdt2XScM9Q_ASLgR',#18,$,$,(#6708),#6710);
#6713=IFCCARTESIANPOINT((20683.073042068809,-5757.9730203213276,0.));
#6714=IFCAXIS2PLACEMENT3D(#6713,#9,#7);
#6715=IFCLOCALPLACEMENT(#111,#6714);
#6716=IFCCARTESIANPOINT((8200.,0.));
#6717=IFCPOLYLINE((#4,#6716));
#6718=IFCSHAPEREPRESENTATION(#100,'Axis','Curve2D',(#6717));
#6719=IFCCARTESIANPOINT((4100.0000000000027,3.3395508580724709E-13));
#6720=IFCAXIS2PLACEMENT2D(#6719,#12);
#6721=IFCRECTANGLEPROFILEDEF(.AREA.,$,#6720,8200.0000000000055,199.99999999999784);
#6722=IFCAXIS2PLACEMENT3D(#3,$,$);
#6723=IFCEXTRUDEDAREASOLID(#6721,#6722,#9,3850.0000000000005);
#6724=IFCSTYLEDITEM(#6723,(#315),$);
#6725=IFCSHAPEREPRESENTATION(#101,'Body','SweptSolid',(#6723));
#6726=IFCPRODUCTDEFINITIONSHAPE($,$,(#6718,#6725));
#6727=IFCWALLSTANDARDCASE('2cXV28XOjE6f6irgi0COIb',#18,'Basic Wall:Outside wall:355785',$,'Basic Wall:Outside wall',#6715,#6726,'355785');
#6728=IFCPROPERTYSINGLEVALUE('FireRating',$,IFCLABEL('_FIRE-RATING_'),$);
#6729=IFCPROPERTYSET('2bjyfr72bdeNgI4ee1Lo4b',#18,'Pset_ConcreteElementGeneral',$,(#6728));
#6730=IFCPROPERTYSET('048DhLPgtkEqtB5LKMClV_',#18,'Pset_QuantityTakeOff',$,(#331));
#6731=IFCPROPERTYSINGLEVALUE('Reference',$,IFCLABEL('Outside wall'),$);
#6732=IFCPROPERTYSET('2wrpeXpUxp8dwJAoNkR17B',#18,'Pset_ReinforcementBarPitchOfWall',$,(#6731));
#6733=IFCPROPERTYSINGLEVALUE('FireRating',$,IFCLABEL('_FIRE-RATING_'),$);
#6734=IFCPROPERTYSET('2cINz02rI4mQP7pXMa5GBa',#18,'Pset_WallCommon',$,(#331,#336,#338,#1475,#6733));
#6735=IFCRELDEFINESBYPROPERTIES('1SDiOClwVvsmTOy9InCDlb',#18,$,$,(#6727),#6729);
#6736=IFCRELDEFINESBYPROPERTIES('0fZUlsOD9KyP$lY2ao5TeY',#18,$,$,(#6727),#6730);
#6737=IFCRELDEFINESBYPROPERTIES('1VbWYB6cbMCT2g9CYp0A$1',#18,$,$,(#6727),#6732);
#6738=IFCRELDEFINESBYPROPERTIES('3tXGFRNqYDf4Ufj$5n0S6f',#18,$,$,(#6727),#6734);
#6739=IFCAXIS2PLACEMENT3D(#3,$,$);
#6740=IFCLOCALPLACEMENT(#111,#6739);
#6741=IFCCARTESIANPOINT((-150.68446522441462,-226.02669783662247));
#6742=IFCCARTESIANPOINT((226.02669783662031,-226.02669783662247));
#6743=IFCCARTESIANPOINT((226.02669783662031,-150.6844652244157));
#6744=IFCCARTESIANPOINT((-75.342232612206772,-150.6844652244157));
#6745=IFCCARTESIANPOINT((-75.342232612206772,376.71116306103386));
#6746=IFCCARTESIANPOINT((-150.68446522441462,376.71116306103386));
#6747=IFCPOLYLINE((#6741,#6742,#6743,#6744,#6745,#6746,#6741));
#6748=IFCARBITRARYCLOSEDPROFILEDEF(.AREA.,'600mm Arial',#6747);
#6749=IFCCARTESIANPOINT((9812.4607918459806,-14016.538488124161,0.));
#6750=IFCAXIS2PLACEMENT3D(#6749,$,$);
#6751=IFCEXTRUDEDAREASOLID(#6748,#6750,#9,149.99999999999997);
#6752=IFCCARTESIANPOINT((193.97855717573398,73.575462221780256));
#6753=IFCCARTESIANPOINT((225.03860549029235,73.575462221780271));
#6754=IFCCARTESIANPOINT((253.2319156411462,79.64357724534743));
#6755=IFCCARTESIANPOINT((269.65152099903145,153.17485341326923));
#6756=IFCCARTESIANPOINT((237.36603275080051,150.80989900280355));
#6757=IFCCARTESIANPOINT((204.553837138104,152.33198219733515));
#6758=IFCCARTESIANPOINT((75.973798289135871,177.12382943458624));
#6759=IFCCARTESIANPOINT((-15.509449599470528,197.55212750679902));
#6760=IFCCARTESIANPOINT((-80.651054789266283,208.32888785081138));
#6761=IFCCARTESIANPOINT((-110.18762558139429,205.61395713728692));
#6762=IFCCARTESIANPOINT((-135.59245422196398,196.92537711546359));
#6763=IFCCARTESIANPOINT((-158.27607767345512,180.33531517172452));
#6764=IFCCARTESIANPOINT((-179.64903289834905,153.91593869245531));
#6765=IFCCARTESIANPOINT((-198.24988996579194,116.70010698757612));
#6766=IFCCARTESIANPOINT((-212.61721894492939,67.720679367009325));
#6767=IFCCARTESIANPOINT((-220.49220863673159,15.067546310243763));
#6768=IFCCARTESIANPOINT((-219.48776967531052,-32.594938608171347));
#6769=IFCCARTESIANPOINT((-209.82159150415393,-73.540771738238163));
#6770=IFCCARTESIANPOINT((-191.71136356674694,-106.04394942995721));
#6771=IFCCARTESIANPOINT((-164.36911630824466,-132.14629060281896));
#6772=IFCCARTESIANPOINT((-127.00688017379878,-153.8896141763189));
#6773=IFCCARTESIANPOINT((-101.39586529492409,-82.410788678132604));
#6774=IFCCARTESIANPOINT((-128.70499726578615,-60.971080004995045));
#6775=IFCCARTESIANPOINT((-143.66840142244558,-35.729387728800106));
#6776=IFCCARTESIANPOINT((-147.44720432415642,-2.7700905225876795));
#6777=IFCCARTESIANPOINT((-141.20253253017219,41.822432940604493));
#6778=IFCCARTESIANPOINT((-125.32183490588075,87.957257352885563));
#6779=IFCCARTESIANPOINT((-114.51457363904311,105.12613966637599));
#6780=IFCCARTESIANPOINT((-101.79603740240594,118.36266871809859));
#6781=IFCCARTESIANPOINT((-90.500674224850044,125.14145524351864));
#6782=IFCCARTESIANPOINT((-76.93412518814759,128.75564030746145));
#6783=IFCCARTESIANPOINT((-42.987469537296732,126.49020605090288));
#6784=IFCCARTESIANPOINT((-26.711479953177292,122.40343097414004));
#6785=IFCCARTESIANPOINT((-24.757329400434969,67.00887497373634));
#6786=IFCCARTESIANPOINT((-29.912856813034967,-10.771615471373039));
#6787=IFCCARTESIANPOINT((-33.061249212670376,-76.862757961502354));
#6788=IFCCARTESIANPOINT((-29.001489238981826,-106.28499386577928));
#6789=IFCCARTESIANPOINT((-20.430729924761895,-133.73669586448034));
#6790=IFCCARTESIANPOINT((-6.5263178086364695,-158.57229013961489));
#6791=IFCCARTESIANPOINT((13.534400570771622,-180.14620287318851));
#6792=IFCCARTESIANPOINT((38.859229648041484,-196.88336641044395));
#6793=IFCCARTESIANPOINT((68.555973857756442,-207.20871309662508));
#6794=IFCCARTESIANPOINT((95.00772488796818,-210.67000139171373));
#6795=IFCCARTESIANPOINT((120.07621549525625,-208.93157950884947));
#6796=IFCCARTESIANPOINT((143.76144567961853,-201.9934474480317));
#6797=IFCCARTESIANPOINT((166.06341544105882,-189.85560520926356));
#6798=IFCCARTESIANPOINT((185.94256618415497,-172.61574289108376));
#6799=IFCCARTESIANPOINT((202.35933931349282,-150.37155059202613));
#6800=IFCCARTESIANPOINT((215.31373482906923,-123.12302831209442));
#6801=IFCCARTESIANPOINT((224.80575273088681,-90.870176051286975));
#6802=IFCCARTESIANPOINT((230.2751782121187,-49.327396288762067));
#6803=IFCCARTESIANPOINT((227.89070321104407,-8.8579004277485556));
#6804=IFCCARTESIANPOINT((216.25695408110155,31.716867189760546));
#6805=IFCPOLYLINE((#6752,#6753,#6754,#6755,#6756,#6757,#6758,#6759,#6760,#6761,#6762,#6763,#6764,#6765,#6766,#6767,#6768,#6769,#6770,#6771,#6772,#6773,#6774,#6775,#6776,#6777,#6778,#6779,#6780,#6781,#6782,#6783,#6784,#6785,#6786,#6787,#6788,#6789,#6790,#6791,#6792,#6793,#6794,#6795,#6796,#6797,#6798,#6799,#6800,#6801,#6802,#6803,#6804,#6752));
#6806=IFCCARTESIANPOINT((46.916004839888316,106.41467293755116));
#6807=IFCCARTESIANPOINT((67.644083410739483,101.33374206763465));
#6808=IFCCARTESIANPOINT((100.02630315707741,91.04952805452173));
#6809=IFCCARTESIANPOINT((121.91829694298143,77.001325873642003));
#6810=IFCCARTESIANPOINT((140.66486127604134,52.158759959003653));
#6811=IFCCARTESIANPOINT((153.78914693176128,19.525038317590319));
#6812=IFCCARTESIANPOINT((159.19094750981128,-18.319983852450743));
#6813=IFCCARTESIANPOINT((154.77005660985819,-58.796451352967139));
#6814=IFCCARTESIANPOINT((142.46668150563775,-95.156862890804803));
#6815=IFCCARTESIANPOINT((124.4775858045991,-119.50479098269267));
#6816=IFCCARTESIANPOINT((102.89356419374704,-131.93016977821927));
#6817=IFCCARTESIANPOINT((79.805411360083411,-132.52293342697669));
#6818=IFCCARTESIANPOINT((65.538299698805332,-126.69847720404641));
#6819=IFCCARTESIANPOINT((53.75797184830963,-116.15212954561477));
#6820=IFCCARTESIANPOINT((45.241939904189124,-101.45329910809959));
#6821=IFCCARTESIANPOINT((40.767715962036327,-83.171394547929637));
#6822=IFCCARTESIANPOINT((42.974239864792821,-17.246874241924843));
#6823=IFCCARTESIANPOINT((48.127327203567269,54.27691833105736));
#6824=IFCPOLYLINE((#6806,#6807,#6808,#6809,#6810,#6811,#6812,#6813,#6814,#6815,#6816,#6817,#6818,#6819,#6820,#6821,#6822,#6823,#6806));
#6825=IFCARBITRARYPROFILEDEFWITHVOIDS(.AREA.,'600mm Arial',#6805,(#6824));
#6826=IFCCARTESIANPOINT((10282.281673181564,-14012.777068252719,0.));
#6827=IFCDIRECTION((0.21793361821912582,-0.97596359463348858,0.));
#6828=IFCAXIS2PLACEMENT3D(#6826,#9,#6827);
#6829=IFCEXTRUDEDAREASOLID(#6825,#6828,#9,149.99999999999991);
#6830=IFCCARTESIANPOINT((-113.93305390625379,-345.6085797788092));
#6831=IFCCARTESIANPOINT((-38.590821294044851,-345.6085797788092));
#6832=IFCCARTESIANPOINT((-38.590821294044851,-112.96000602900556));
#6833=IFCCARTESIANPOINT((-35.537400734078709,-67.048333030943041));
#6834=IFCCARTESIANPOINT((-26.377139054175938,-24.962632782717801));
#6835=IFCCARTESIANPOINT((-15.469437897185145,-1.4917614904387564));
#6836=IFCCARTESIANPOINT((0.77255218987113494,16.240150677083285));
#6837=IFCCARTESIANPOINT((20.87730322628309,27.386975130940396));
#6838=IFCCARTESIANPOINT((43.373287231343078,31.102583282226824));
#6839=IFCCARTESIANPOINT((69.860790884072031,27.239822332868982));
#6840=IFCCARTESIANPOINT((96.348294536800992,15.651539484799793));
#6841=IFCCARTESIANPOINT((121.51142300689372,83.194673799260585));
#6842=IFCCARTESIANPOINT((83.398848306579339,100.6322803706398));
#6843=IFCCARTESIANPOINT((45.87488479854629,106.44481589443359));
#6844=IFCCARTESIANPOINT((21.300367520734888,102.80278414218179));
#6845=IFCCARTESIANPOINT((-1.2140105840832121,91.876688885432884));
#6846=IFCCARTESIANPOINT((-23.654812289868854,69.50946357868186));
#6847=IFCCARTESIANPOINT((-48.008600370572047,31.544041676438901));
#6848=IFCCARTESIANPOINT((-48.008600370572047,97.027036817906392));
#6849=IFCCARTESIANPOINT((-113.93305390625379,97.027036817906392));
#6850=IFCPOLYLINE((#6830,#6831,#6832,#6833,#6834,#6835,#6836,#6837,#6838,#6839,#6840,#6841,#6842,#6843,#6844,#6845,#6846,#6847,#6848,#6849,#6830));
#6851=IFCARBITRARYCLOSEDPROFILEDEF(.AREA.,'600mm Arial',#6850);
#6852=IFCCARTESIANPOINT((10689.233950950829,-13896.956606181973,0.));
#6853=IFCAXIS2PLACEMENT3D(#6852,$,$);
#6854=IFCEXTRUDEDAREASOLID(#6851,#6853,#9,149.99999999999997);
#6855=IFCCARTESIANPOINT((98.400633588193557,-172.9876473845982));
#6856=IFCCARTESIANPOINT((131.64780798533474,-172.9876473845982));
#6857=IFCCARTESIANPOINT((160.88574377934705,-166.52677380224671));
#6858=IFCCARTESIANPOINT((186.11444097023073,-153.60502663753934));
#6859=IFCCARTESIANPOINT((207.33389955798336,-134.22240589048036));
#6860=IFCCARTESIANPOINT((224.47872349479647,-109.60050830943553));
#6861=IFCCARTESIANPOINT((237.48351673286163,-80.960930642770691));
#6862=IFCCARTESIANPOINT((246.3482792721764,-48.303672890490006));
#6863=IFCCARTESIANPOINT((251.07301111274103,-11.628735052589168));
#6864=IFCCARTESIANPOINT((251.66132303636073,19.780422927380339));
#6865=IFCCARTESIANPOINT((248.95303633249756,48.825364119520614));
#6866=IFCCARTESIANPOINT((242.94815100114971,75.506088523836141));
#6867=IFCCARTESIANPOINT((233.64666704232138,99.822596140326581));
#6868=IFCCARTESIANPOINT((221.46993667850435,121.53394154095758));
#6869=IFCCARTESIANPOINT((206.83931213219472,140.39917929769439));
#6870=IFCCARTESIANPOINT((189.75479340339044,156.41830941054153));
#6871=IFCCARTESIANPOINT((170.21638049209355,169.59133187949448));
#6872=IFCCARTESIANPOINT((145.6055111558386,180.31458740976598));
#6873=IFCCARTESIANPOINT((113.30362315216679,188.98441670656612));
#6874=IFCCARTESIANPOINT((25.626791142568074,200.16379659975252));
#6875=IFCCARTESIANPOINT((-355.63230242936243,226.32811814670509));
#6876=IFCCARTESIANPOINT((-360.7906130308408,151.16267497811717));
#6877=IFCCARTESIANPOINT((-304.41653065439874,147.29394202700831));
#6878=IFCCARTESIANPOINT((-334.93437633703991,123.86173376436079));
#6879=IFCCARTESIANPOINT((-357.45390718494775,96.617219205255324));
#6880=IFCCARTESIANPOINT((-371.97512319812245,65.560398349689734));
#6881=IFCCARTESIANPOINT((-378.49802437656399,30.691271197661845));
#6882=IFCCARTESIANPOINT((-378.50891778152152,3.9347960638829882));
#6883=IFCCARTESIANPOINT((-374.76353847382518,-21.281814516713656));
#6884=IFCCARTESIANPOINT((-367.26188645347662,-44.958560544123628));
#6885=IFCCARTESIANPOINT((-356.00396172047607,-67.095442018349104));
#6886=IFCCARTESIANPOINT((-341.26687285610114,-87.364616234226702));
#6887=IFCCARTESIANPOINT((-323.32772844162963,-105.43824048659528));
#6888=IFCCARTESIANPOINT((-302.18652847706346,-121.31631477545032));
#6889=IFCCARTESIANPOINT((-277.84327296239837,-134.99883910079649));
#6890=IFCCARTESIANPOINT((-223.14504111254871,-154.95900684598325));
#6891=IFCCARTESIANPOINT((-162.82747872185166,-164.50051270718586));
#6892=IFCCARTESIANPOINT((-118.37777713856021,-164.5410225369944));
#6893=IFCCARTESIANPOINT((-76.783363756592095,-158.3657861554704));
#6894=IFCCARTESIANPOINT((-38.044238575949777,-145.97480356261798));
#6895=IFCCARTESIANPOINT((-2.1604015966332746,-127.36807475843715));
#6896=IFCCARTESIANPOINT((28.363424741510595,-102.90839395092972));
#6897=IFCCARTESIANPOINT((51.022517998634555,-72.958555348104028));
#6898=IFCCARTESIANPOINT((65.816878174736587,-37.518558949957743));
#6899=IFCCARTESIANPOINT((72.746505269816566,3.4115952435069765));
#6900=IFCCARTESIANPOINT((71.536556902274867,37.36406466152085));
#6901=IFCCARTESIANPOINT((63.080870436154918,68.900677451197268));
#6902=IFCCARTESIANPOINT((47.379445871458927,98.021433612536086));
#6903=IFCCARTESIANPOINT((24.432283208184838,124.72633314553963));
#6904=IFCCARTESIANPOINT((79.668968680656974,119.86628825866467));
#6905=IFCCARTESIANPOINT((111.72374551403611,113.57339966900916));
#6906=IFCCARTESIANPOINT((141.15579088270491,97.541197724628589));
#6907=IFCCARTESIANPOINT((162.34935640595148,73.2244363293931));
#6908=IFCCARTESIANPOINT((169.60591349315979,57.663121801731663));
#6909=IFCCARTESIANPOINT((174.30125915425342,39.438219339407922));
#6910=IFCCARTESIANPOINT((176.00831619808605,-5.002349389223637));
#6911=IFCCARTESIANPOINT((168.98572021708787,-46.078231734162607));
#6912=IFCCARTESIANPOINT((154.2650722720044,-76.817149870123899));
#6913=IFCCARTESIANPOINT((137.01305321066204,-91.784341004494436));
#6914=IFCCARTESIANPOINT((112.95462458574517,-98.46699304119069));
#6915=IFCPOLYLINE((#6855,#6856,#6857,#6858,#6859,#6860,#6861,#6862,#6863,#6864,#6865,#6866,#6867,#6868,#6869,#6870,#6871,#6872,#6873,#6874,#6875,#6876,#6877,#6878,#6879,#6880,#6881,#6882,#6883,#6884,#6885,#6886,#6887,#6888,#6889,#6890,#6891,#6892,#6893,#6894,#6895,#6896,#6897,#6898,#6899,#6900,#6901,#6902,#6903,#6904,#6905,#6906,#6907,#6908,#6909,#6910,#6911,#6912,#6913,#6914,#6855));
#6916=IFCCARTESIANPOINT((-162.80743083697658,-88.982450649822781));
#6917=IFCCARTESIANPOINT((-197.04385259392021,-84.591000902474704));
#6918=IFCCARTESIANPOINT((-226.49617227661795,-76.443989531788702));
#6919=IFCCARTESIANPOINT((-251.16438988507025,-64.541416537771227));
#6920=IFCCARTESIANPOINT((-271.04850541927459,-48.883281920418142));
#6921=IFCCARTESIANPOINT((-286.15508405269628,-30.639907672799254));
#6922=IFCCARTESIANPOINT((-296.49069095880702,-10.981615787981758));
#6923=IFCCARTESIANPOINT((-302.05532613760272,10.091593734029722));
#6924=IFCCARTESIANPOINT((-302.84898958908525,32.579720893239653));
#6925=IFCCARTESIANPOINT((-298.92785673330127,55.126865285618365));
#6926=IFCCARTESIANPOINT((-290.39847711727106,75.643088976202833));
#6927=IFCCARTESIANPOINT((-277.26085074099251,94.128391964988609));
#6928=IFCCARTESIANPOINT((-259.51497760446767,110.58277425198013));
#6929=IFCCARTESIANPOINT((-237.32844326918345,123.77321459299026));
#6930=IFCCARTESIANPOINT((-210.86883329662862,132.4666917438384));
#6931=IFCCARTESIANPOINT((-180.13614768680546,136.66320570452262));
#6932=IFCCARTESIANPOINT((-145.1303864397093,136.36275647504687));
#6933=IFCCARTESIANPOINT((-108.88912467637556,131.83372239341639));
#6934=IFCCARTESIANPOINT((-78.120125172548768,123.59635243248451));
#6935=IFCCARTESIANPOINT((-52.823387928226943,111.65064659224895));
#6936=IFCCARTESIANPOINT((-32.998912943412087,95.996604872711998));
#6937=IFCCARTESIANPOINT((-18.251886637627383,77.685718482327587));
#6938=IFCCARTESIANPOINT((-8.1874954303914169,57.76947862955371));
#6939=IFCCARTESIANPOINT((-2.8057393217085096,36.247885314390615));
#6940=IFCCARTESIANPOINT((-2.1066183115746346,13.120938536833711));
#6941=IFCCARTESIANPOINT((-5.9880351116724935,-9.9221308670618793));
#6942=IFCCARTESIANPOINT((-14.307593132106817,-30.604862036492563));
#6943=IFCCARTESIANPOINT((-27.065292372877604,-48.927254971458325));
#6944=IFCCARTESIANPOINT((-44.261132833985009,-64.889309671961357));
#6945=IFCCARTESIANPOINT((-66.231459762629839,-77.481545170529316));
#6946=IFCCARTESIANPOINT((-93.312618406008895,-85.694480499694549));
#6947=IFCCARTESIANPOINT((-125.50460876412448,-89.528115659459033));
#6948=IFCPOLYLINE((#6916,#6917,#6918,#6919,#6920,#6921,#6922,#6923,#6924,#6925,#6926,#6927,#6928,#6929,#6930,#6931,#6932,#6933,#6934,#6935,#6936,#6937,#6938,#6939,#6940,#6941,#6942,#6943,#6944,#6945,#6946,#6947,#6916));
#6949=IFCARBITRARYPROFILEDEFWITHVOIDS(.AREA.,'600mm Arial',#6915,(#6948));
#6950=IFCCARTESIANPOINT((11004.84344014879,-14170.222954377161,0.));
#6951=IFCDIRECTION((0.068465061661084611,-0.99765351466916807,0.));
#6952=IFCAXIS2PLACEMENT3D(#6950,#9,#6951);
#6953=IFCEXTRUDEDAREASOLID(#6949,#6952,#9,149.99999999999997);
#6954=IFCCARTESIANPOINT((-34.298333227768531,-135.00287082233899));
#6955=IFCCARTESIANPOINT((-69.363547295185271,-200.69918980517593));
#6956=IFCCARTESIANPOINT((-38.679389576635906,-208.58270005558859));
#6957=IFCCARTESIANPOINT((-8.5667779951000131,-211.20036263423032));
#6958=IFCCARTESIANPOINT((20.974287449422437,-208.55217754110112));
#6959=IFCCARTESIANPOINT((49.943806756930172,-200.63814477620269));
#6960=IFCCARTESIANPOINT((77.873372445076214,-187.41911912198614));
#6961=IFCCARTESIANPOINT((104.29457703150811,-168.85595536090639));
#6962=IFCCARTESIANPOINT((129.20742051622889,-144.94865349296299));
#6963=IFCCARTESIANPOINT((152.61190289923624,-115.69721351815164));
#6964=IFCCARTESIANPOINT((176.62188910738371,-75.412464038949054));
#6965=IFCCARTESIANPOINT((191.60033559821204,-34.967054131120179));
#6966=IFCCARTESIANPOINT((197.54724237171695,5.6390162053327293));
#6967=IFCCARTESIANPOINT((194.46260942790269,46.405746970411954));
#6968=IFCCARTESIANPOINT((182.32165344926597,86.042606939490071));
#6969=IFCCARTESIANPOINT((161.09959111829789,123.25906488793557));
#6970=IFCCARTESIANPOINT((130.79642243500095,158.05512081575199));
#6971=IFCCARTESIANPOINT((91.412147399373922,190.43077472293757));
#6972=IFCCARTESIANPOINT((46.417111933721216,217.87864654864197));
#6973=IFCCARTESIANPOINT((2.2819917562299081,235.76256846583581));
#6974=IFCCARTESIANPOINT((-40.99321313309823,244.08254047451786));
#6975=IFCCARTESIANPOINT((-83.408502734263692,242.83856257469114));
#6976=IFCCARTESIANPOINT((-123.51447483669276,232.81783192537694));
#6977=IFCCARTESIANPOINT((-159.86172722980913,214.80754568559999));
#6978=IFCCARTESIANPOINT((-192.45025991361288,188.80770385536036));
#6979=IFCCARTESIANPOINT((-221.280072888104,154.81830643465796));
#6980=IFCCARTESIANPOINT((-243.01913116957689,117.55144276020529));
#6981=IFCCARTESIANPOINT((-256.12358149792203,79.198925140173515));
#6982=IFCCARTESIANPOINT((-260.59342387313291,39.760753574560624));
#6983=IFCCARTESIANPOINT((-256.42865829521435,-0.76307193663257522));
#6984=IFCCARTESIANPOINT((-243.33622412081223,-40.719801738197347));
#6985=IFCCARTESIANPOINT((-221.02306070657852,-78.456686174925849));
#6986=IFCCARTESIANPOINT((-189.48916805251201,-113.97372524681634));
#6987=IFCCARTESIANPOINT((-148.73454615861218,-147.27091895387187));
#6988=IFCCARTESIANPOINT((-131.91727115337167,-158.66178784767789));
#6989=IFCCARTESIANPOINT((64.016354845806632,117.48856656579393));
#6990=IFCCARTESIANPOINT((86.011275615064434,96.531907326320194));
#6991=IFCCARTESIANPOINT((102.46485798565256,74.218080983839698));
#6992=IFCCARTESIANPOINT((113.37710195756802,50.547087538351953));
#6993=IFCCARTESIANPOINT((118.7480075308133,25.518926989860503));
#6994=IFCCARTESIANPOINT((118.92103643888069,0.062700228926532889));
#6995=IFCCARTESIANPOINT((114.23965041526675,-24.892491853886483));
#6996=IFCCARTESIANPOINT((104.70384945996973,-49.346649258577287));
#6997=IFCCARTESIANPOINT((90.313633572991378,-73.299771985147132));
#6998=IFCCARTESIANPOINT((63.899494040034135,-103.72556385050825));
#6999=IFCCARTESIANPOINT((34.726163701706795,-124.43518264731617));
#7000=IFCCARTESIANPOINT((2.1935765988300782,-135.00287082233899));
#7001=IFCPOLYLINE((#6954,#6955,#6956,#6957,#6958,#6959,#6960,#6961,#6962,#6963,#6964,#6965,#6966,#6967,#6968,#6969,#6970,#6971,#6972,#6973,#6974,#6975,#6976,#6977,#6978,#6979,#6980,#6981,#6982,#6983,#6984,#6985,#6986,#6987,#6988,#6989,#6990,#6991,#6992,#6993,#6994,#6995,#6996,#6997,#6998,#6999,#7000,#6954));
#7002=IFCCARTESIANPOINT((2.5696006260338975,161.08614001715375));
#7003=IFCCARTESIANPOINT((-150.0219064537261,-53.977499752051735));
#7004=IFCCARTESIANPOINT((-176.58873273291113,-22.633102587379589));
#7005=IFCCARTESIANPOINT((-184.28329916148772,-6.4268249035814868));
#7006=IFCCARTESIANPOINT((-188.25196778272263,10.135505514520077));
#7007=IFCCARTESIANPOINT((-188.96407325133552,35.833256042505532));
#7008=IFCCARTESIANPOINT((-184.43661638492651,61.286715193908087));
#7009=IFCCARTESIANPOINT((-174.66959718349261,86.495882968728239));
#7010=IFCCARTESIANPOINT((-159.6630156470373,111.46075936696849));
#7011=IFCCARTESIANPOINT((-142.89667485605338,132.04772716654313));
#7012=IFCCARTESIANPOINT((-124.52946897580134,148.80368362695788));
#7013=IFCCARTESIANPOINT((-104.56139800627999,161.72862874821456));
#7014=IFCCARTESIANPOINT((-82.992461947488792,170.82256253031008));
#7015=IFCCARTESIANPOINT((-60.867806584072625,175.59785720762389));
#7016=IFCCARTESIANPOINT((-39.232577700679975,175.56688501453783));
#7017=IFCCARTESIANPOINT((-18.086775297311551,170.72964595104725));
#7018=IFCPOLYLINE((#7002,#7003,#7004,#7005,#7006,#7007,#7008,#7009,#7010,#7011,#7012,#7013,#7014,#7015,#7016,#7017,#7002));
#7019=IFCARBITRARYPROFILEDEFWITHVOIDS(.AREA.,'600mm Arial',#7001,(#7018));
#7020=IFCCARTESIANPOINT((11499.258052941446,-14060.568092489453,0.));
#7021=IFCDIRECTION((-0.578660492791081,-0.81556853426476872,0.));
#7022=IFCAXIS2PLACEMENT3D(#7020,#10,#7021);
#7023=IFCEXTRUDEDAREASOLID(#7019,#7022,#10,149.99999999999997);
#7024=IFCCARTESIANPOINT((-233.26445895207621,-139.98988191290749));
#7025=IFCCARTESIANPOINT((-233.26445895207621,-215.33211452511426));
#7026=IFCCARTESIANPOINT((369.47340194558012,-215.33211452511426));
#7027=IFCCARTESIANPOINT((369.47340194558012,-139.98988191290749));
#7028=IFCCARTESIANPOINT((145.94830167616087,-139.98988191290749));
#7029=IFCCARTESIANPOINT((177.81607950835166,-115.21302953775034));
#7030=IFCCARTESIANPOINT((200.57877795991405,-87.235603804555623));
#7031=IFCCARTESIANPOINT((214.23639703085237,-56.057604713321176));
#7032=IFCCARTESIANPOINT((218.78893672116658,-21.679032264051337));
#7033=IFCCARTESIANPOINT((214.68705247494458,17.132518227099553));
#7034=IFCCARTESIANPOINT((202.38139973628077,53.810353146226845));
#7035=IFCCARTESIANPOINT((182.64453069504626,86.257545120818847));
#7036=IFCCARTESIANPOINT((156.2489975411122,112.37716677837251));
#7037=IFCCARTESIANPOINT((123.45231767110087,132.84979980996192));
#7038=IFCCARTESIANPOINT((84.512008481636684,148.35602590666329));
#7039=IFCCARTESIANPOINT((41.046750751498699,158.12329287860769));
#7040=IFCCARTESIANPOINT((-5.3247747405361734,161.37904853592175));
#7041=IFCCARTESIANPOINT((-58.833210939001077,158.00832975511457));
#7042=IFCCARTESIANPOINT((-105.90371222187029,147.89617341269312));
#7043=IFCCARTESIANPOINT((-146.53627858914817,131.04257950865517));
#7044=IFCCARTESIANPOINT((-180.73091004083037,107.44754804300288));
#7045=IFCCARTESIANPOINT((-207.83461603548108,79.125232939328896));
#7046=IFCCARTESIANPOINT((-227.19440603166015,48.089788121227961));
#7047=IFCCARTESIANPOINT((-238.81028002936543,14.341213588697912));
#7048=IFCCARTESIANPOINT((-242.68223802860123,-22.120490658263414));
#7049=IFCCARTESIANPOINT((-237.68823994407711,-57.630300242701701));
#7050=IFCCARTESIANPOINT((-222.70624569050258,-89.111801979956951));
#7051=IFCCARTESIANPOINT((-197.73625526787762,-116.56499587002483));
#7052=IFCCARTESIANPOINT((-162.77826867620229,-139.98988191290749));
#7053=IFCPOLYLINE((#7024,#7025,#7026,#7027,#7028,#7029,#7030,#7031,#7032,#7033,#7034,#7035,#7036,#7037,#7038,#7039,#7040,#7041,#7042,#7043,#7044,#7045,#7046,#7047,#7048,#7049,#7050,#7051,#7052,#7024));
#7054=IFCCARTESIANPOINT((-8.8564418942327912,-139.98988191290749));
#7055=IFCCARTESIANPOINT((-71.690686670429983,-134.83953398043181));
#7056=IFCCARTESIANPOINT((-95.492651758368083,-128.40159906483831));
#7057=IFCCARTESIANPOINT((-114.2178453128673,-119.38849018300695));
#7058=IFCCARTESIANPOINT((-137.45879035816017,-101.13234617235807));
#7059=IFCCARTESIANPOINT((-154.05946539051376,-79.914752100537953));
#7060=IFCCARTESIANPOINT((-164.01987040992375,-55.735707967542254));
#7061=IFCCARTESIANPOINT((-167.34000541639446,-28.59521377337532));
#7062=IFCCARTESIANPOINT((-164.89359014846994,-6.0624415687947764));
#7063=IFCCARTESIANPOINT((-157.55434434469197,14.888438056522938));
#7064=IFCCARTESIANPOINT((-145.32226800506496,34.257425102579987));
#7065=IFCCARTESIANPOINT((-128.19736112958452,52.044519569378537));
#7066=IFCCARTESIANPOINT((-106.22560896765138,66.916149224400058));
#7067=IFCCARTESIANPOINT((-79.45299676865973,77.538741835130324));
#7068=IFCCARTESIANPOINT((-47.879524532611747,83.912297401569347));
#7069=IFCCARTESIANPOINT((-11.505192259505254,86.036815923712808));
#7070=IFCCARTESIANPOINT((25.558918754555442,83.999669375422016));
#7071=IFCCARTESIANPOINT((57.435893636624229,77.888229730547494));
#7072=IFCCARTESIANPOINT((84.125732386701117,67.702496989091401));
#7073=IFCCARTESIANPOINT((105.62843500478392,53.442471151051556));
#7074=IFCCARTESIANPOINT((122.17392773786101,36.294571650872939));
#7075=IFCCARTESIANPOINT((133.99213683291637,17.445217923002662));
#7076=IFCCARTESIANPOINT((141.08306228994786,-3.1055900325636059));
#7077=IFCCARTESIANPOINT((143.44670410895981,-25.357852215819367));
#7078=IFCCARTESIANPOINT((141.0002888410331,-47.890624420397749));
#7079=IFCCARTESIANPOINT((133.66104303725515,-68.841504045715467));
#7080=IFCCARTESIANPOINT((121.42896669762813,-88.210491091774671));
#7081=IFCCARTESIANPOINT((104.30405982214769,-105.99758555857106));
#7082=IFCCARTESIANPOINT((82.553036857320592,-120.86921521359258));
#7083=IFCCARTESIANPOINT((56.442612249647055,-131.49180782432285));
#7084=IFCCARTESIANPOINT((25.972785999129265,-137.86536339076187));
#7085=IFCPOLYLINE((#7054,#7055,#7056,#7057,#7058,#7059,#7060,#7061,#7062,#7063,#7064,#7065,#7066,#7067,#7068,#7069,#7070,#7071,#7072,#7073,#7074,#7075,#7076,#7077,#7078,#7079,#7080,#7081,#7082,#7083,#7084,#7054));
#7086=IFCARBITRARYPROFILEDEFWITHVOIDS(.AREA.,'600mm Arial',#7053,(#7085));
#7087=IFCCARTESIANPOINT((12231.553210278151,-14009.300727008707,0.));
#7088=IFCAXIS2PLACEMENT3D(#7087,#10,#7);
#7089=IFCEXTRUDEDAREASOLID(#7086,#7088,#10,149.99999999999997);
#7090=IFCCARTESIANPOINT((122.04900540630231,-124.31266639275117));
#7091=IFCCARTESIANPOINT((197.39123801850909,-124.31266639275117));
#7092=IFCCARTESIANPOINT((197.39123801850909,318.32295020396441));
#7093=IFCCARTESIANPOINT((122.04900540630231,318.32295020396441));
#7094=IFCCARTESIANPOINT((122.04900540630231,88.028821223292582));
#7095=IFCCARTESIANPOINT((118.995584846334,39.523580159234115));
#7096=IFCCARTESIANPOINT((109.8353231664334,4.0781499239503152));
#7097=IFCCARTESIANPOINT((93.335815682752681,-21.802348436737038));
#7098=IFCCARTESIANPOINT((68.264657711454859,-41.612793877008329));
#7099=IFCCARTESIANPOINT((37.859210810093714,-54.194358112054694));
#7100=IFCCARTESIANPOINT((5.3568365362230397,-58.388212857069426));
#7101=IFCCARTESIANPOINT((-25.379704160797161,-54.286328610849601));
#7102=IFCCARTESIANPOINT((-50.781955927756208,-41.980675872185785));
#7103=IFCCARTESIANPOINT((-69.599119981048162,-22.501324227573548));
#7104=IFCCARTESIANPOINT((-80.58039753707574,3.1216567364893706));
#7105=IFCCARTESIANPOINT((-84.001700092219338,32.257910754490794));
#7106=IFCCARTESIANPOINT((-85.142134277267928,79.935417329403791));
#7107=IFCCARTESIANPOINT((-85.142134277267928,318.32295020396441));
#7108=IFCCARTESIANPOINT((-160.4843668894747,318.32295020396441));
#7109=IFCCARTESIANPOINT((-160.4843668894747,44.47159299436187));
#7110=IFCCARTESIANPOINT((-156.06978294735393,-25.573138887299972));
#7111=IFCCARTESIANPOINT((-147.2222209633521,-55.849827090349983));
#7112=IFCCARTESIANPOINT((-133.62898124156828,-81.049743759961103));
#7113=IFCCARTESIANPOINT((-113.4322597063636,-101.7982882879309));
#7114=IFCCARTESIANPOINT((-84.774252282090472,-118.72086006606341));
#7115=IFCCARTESIANPOINT((-50.616409029926679,-129.97804911847354));
#7116=IFCCARTESIANPOINT((-13.920180011041271,-133.73044546927619));
#7117=IFCCARTESIANPOINT((26.80435685502934,-128.38695948933491));
#7118=IFCCARTESIANPOINT((63.040733379944555,-112.35650154950451));
#7119=IFCCARTESIANPOINT((94.788949563702218,-85.639071649791546));
#7120=IFCCARTESIANPOINT((122.04900540630231,-48.234669790189486));
#7121=IFCPOLYLINE((#7090,#7091,#7092,#7093,#7094,#7095,#7096,#7097,#7098,#7099,#7100,#7101,#7102,#7103,#7104,#7105,#7106,#7107,#7108,#7109,#7110,#7111,#7112,#7113,#7114,#7115,#7116,#7117,#7118,#7119,#7120,#7090));
#7122=IFCARBITRARYCLOSEDPROFILEDEF(.AREA.,'600mm Arial',#7121);
#7123=IFCCARTESIANPOINT((12638.176637392278,-14118.252519568032,0.));
#7124=IFCAXIS2PLACEMENT3D(#7123,$,$);
#7125=IFCEXTRUDEDAREASOLID(#7122,#7124,#9,149.99999999999997);
#7126=IFCCARTESIANPOINT((-1.0835776720341528E-12,-1.0800249583553523E-12));
#7127=IFCAXIS2PLACEMENT2D(#7126,#11);
#7128=IFCRECTANGLEPROFILEDEF(.AREA.,'600mm Arial',#7127,75.342232612206772,442.63561659671558);
#7129=IFCCARTESIANPOINT((12976.834561558677,-14021.247377662425,0.));
#7130=IFCAXIS2PLACEMENT3D(#7129,$,$);
#7131=IFCEXTRUDEDAREASOLID(#7128,#7130,#9,149.99999999999997);
#7132=IFCCARTESIANPOINT((-1.0835776720341528E-12,1.0800249583553523E-12));
#7133=IFCAXIS2PLACEMENT2D(#7132,#11);
#7134=IFCRECTANGLEPROFILEDEF(.AREA.,'600mm Arial',#7133,75.342232612206772,602.73786089765633);
#7135=IFCCARTESIANPOINT((13165.190143089194,-13941.196255511955,0.));
#7136=IFCAXIS2PLACEMENT3D(#7135,$,$);
#7137=IFCEXTRUDEDAREASOLID(#7134,#7136,#9,149.99999999999997);
#7138=IFCCARTESIANPOINT((149.21347824664676,-228.16812270045992));
#7139=IFCCARTESIANPOINT((224.55571085885353,-228.16812270045992));
#7140=IFCCARTESIANPOINT((224.55571085885353,374.56973819719639));
#7141=IFCCARTESIANPOINT((149.21347824664676,374.56973819719639));
#7142=IFCCARTESIANPOINT((149.21347824664676,150.01456834128157));
#7143=IFCCARTESIANPOINT((127.2509231345916,179.75782765132678));
#7144=IFCCARTESIANPOINT((99.622985296816225,203.35745764191694));
#7145=IFCCARTESIANPOINT((67.028640524150646,218.75331914006532));
#7146=IFCCARTESIANPOINT((30.166864607437869,223.88527297278287));
#7147=IFCCARTESIANPOINT((4.23578247241191,222.09184824629631));
#7148=IFCCARTESIANPOINT((-20.435303829130135,216.71157406683446));
#7149=IFCCARTESIANPOINT((-43.846394297194763,207.74445043439945));
#7150=IFCCARTESIANPOINT((-65.997488931775479,195.19047734899135));
#7151=IFCCARTESIANPOINT((-86.175816367224229,179.27038400771616));
#7152=IFCCARTESIANPOINT((-103.66860523787994,160.20489960767992));
#7153=IFCCARTESIANPOINT((-118.47585554374481,137.99402414888044));
#7154=IFCCARTESIANPOINT((-130.597567284821,112.63775763131994));
#7155=IFCCARTESIANPOINT((-146.76598097284264,55.726412977469558));
#7156=IFCCARTESIANPOINT((-152.1554522021803,-7.2917727963131149));
#7157=IFCCARTESIANPOINT((-146.30612847887028,-71.100904859729368));
#7158=IFCCARTESIANPOINT((-138.99447382473059,-100.09460460459944));
#7159=IFCCARTESIANPOINT((-128.75815730893805,-127.14772682491372));
#7160=IFCCARTESIANPOINT((-115.86389337799075,-151.7912219768175));
#7161=IFCCARTESIANPOINT((-100.5783964783954,-173.5560405164648));
#7162=IFCCARTESIANPOINT((-82.901666610149874,-192.44218244385348));
#7163=IFCCARTESIANPOINT((-62.833703773256318,-208.44964775898353));
#7164=IFCCARTESIANPOINT((-41.055089658788795,-221.19675889185942));
#7165=IFCCARTESIANPOINT((-18.246405957830031,-230.30183827248567));
#7166=IFCCARTESIANPOINT((5.5923473296264659,-235.76488590086012));
#7167=IFCCARTESIANPOINT((30.461170203578533,-237.58590177698494));
#7168=IFCCARTESIANPOINT((67.295354970653051,-232.55511549294243));
#7169=IFCCARTESIANPOINT((99.365467900191788,-217.46275664081486));
#7170=IFCCARTESIANPOINT((126.67150899218825,-192.30882522060227));
#7171=IFCCARTESIANPOINT((149.21347824664676,-157.09332123230467));
#7172=IFCPOLYLINE((#7138,#7139,#7140,#7141,#7142,#7143,#7144,#7145,#7146,#7147,#7148,#7149,#7150,#7151,#7152,#7153,#7154,#7155,#7156,#7157,#7158,#7159,#7160,#7161,#7162,#7163,#7164,#7165,#7166,#7167,#7168,#7169,#7170,#7171,#7138));
#7173=IFCCARTESIANPOINT((-76.813219589975702,-6.9974672001724514));
#7174=IFCCARTESIANPOINT((-74.826656816021355,30.623065331593409));
#7175=IFCCARTESIANPOINT((-68.866968494156154,62.844929584141468));
#7176=IFCCARTESIANPOINT((-58.934154624382245,89.668125557469551));
#7177=IFCCARTESIANPOINT((-45.028215206699649,111.09265325157767));
#7178=IFCCARTESIANPOINT((-28.151628677965675,127.47719761176313));
#7179=IFCCARTESIANPOINT((-9.3068734750333029,139.1804435833254));
#7180=IFCCARTESIANPOINT((11.506050402093138,146.20239116626234));
#7181=IFCCARTESIANPOINT((34.28714295341581,148.5430403605761));
#7182=IFCCARTESIANPOINT((57.606262922685538,146.10582214252955));
#7183=IFCCARTESIANPOINT((79.003199467155397,138.79416748838983));
#7184=IFCCARTESIANPOINT((98.477952586827556,126.60807639815918));
#7185=IFCCARTESIANPOINT((116.03052228169986,109.5475488718354));
#7186=IFCCARTESIANPOINT((130.54806551636415,87.281491113759429));
#7187=IFCCARTESIANPOINT((140.91773925541005,59.47880932827438));
#7188=IFCCARTESIANPOINT((147.13954349883758,26.139503515378085));
#7189=IFCCARTESIANPOINT((149.21347824664676,-12.736426324929454));
#7190=IFCCARTESIANPOINT((147.17633169835599,-48.195652135033463));
#7191=IFCCARTESIANPOINT((141.06489205348146,-78.789638558924494));
#7192=IFCCARTESIANPOINT((130.87915931202321,-104.51838559660035));
#7193=IFCCARTESIANPOINT((116.61913347398335,-125.38189324806324));
#7194=IFCCARTESIANPOINT((99.443642824166474,-141.50892021162642));
#7195=IFCCARTESIANPOINT((80.511515647379269,-153.02822518560106));
#7196=IFCCARTESIANPOINT((59.822751943626059,-159.93980816998499));
#7197=IFCCARTESIANPOINT((37.377351712900349,-162.24366916477817));
#7198=IFCCARTESIANPOINT((15.037717555789754,-159.82944357143197));
#7199=IFCCARTESIANPOINT((-5.7752063213366851,-152.58676679138898));
#7200=IFCCARTESIANPOINT((-25.061419918478972,-140.51563882464924));
#7201=IFCCARTESIANPOINT((-42.820923235639263,-123.61605967121493));
#7202=IFCCARTESIANPOINT((-57.692552890660778,-101.84204408168964));
#7203=IFCCARTESIANPOINT((-68.315145501391058,-75.147606806672684));
#7204=IFCCARTESIANPOINT((-74.688701067827921,-43.532747846168398));
#7205=IFCPOLYLINE((#7173,#7174,#7175,#7176,#7177,#7178,#7179,#7180,#7181,#7182,#7183,#7184,#7185,#7186,#7187,#7188,#7189,#7190,#7191,#7192,#7193,#7194,#7195,#7196,#7197,#7198,#7199,#7200,#7201,#7202,#7203,#7204,#7173));
#7206=IFCARBITRARYPROFILEDEFWITHVOIDS(.AREA.,'600mm Arial',#7172,(#7205));
#7207=IFCCARTESIANPOINT((13439.776723286212,-14014.397063260323,0.));
#7208=IFCAXIS2PLACEMENT3D(#7207,$,$);
#7209=IFCEXTRUDEDAREASOLID(#7206,#7208,#9,149.99999999999997);
#7210=IFCCARTESIANPOINT((-1.0835776720341528E-12,-1.0800249583553523E-12));
#7211=IFCAXIS2PLACEMENT2D(#7210,#11);
#7212=IFCRECTANGLEPROFILEDEF(.AREA.,'600mm Arial',#7211,75.342232612206772,442.63561659671558);
#7213=IFCCARTESIANPOINT((13815.016899369481,-14021.247377662425,0.));
#7214=IFCAXIS2PLACEMENT3D(#7213,$,$);
#7215=IFCEXTRUDEDAREASOLID(#7212,#7214,#9,149.99999999999997);
#7216=IFCCARTESIANPOINT((-192.42569414988449,-322.87999402134875));
#7217=IFCCARTESIANPOINT((-117.08346153767772,-322.87999402134875));
#7218=IFCCARTESIANPOINT((-117.08346153767772,-88.024128300484719));
#7219=IFCCARTESIANPOINT((-114.93595039083175,-49.994327049082948));
#7220=IFCCARTESIANPOINT((-108.49341695029815,-18.604795810624768));
#7221=IFCCARTESIANPOINT((-97.755861216074791,6.1444654148941371));
#7222=IFCCARTESIANPOINT((-82.723283188163819,24.253456627471603));
#7223=IFCCARTESIANPOINT((-64.729255099079452,37.193705807815284));
#7224=IFCCARTESIANPOINT((-45.10734918133803,46.436740936632809));
#7225=IFCCARTESIANPOINT((-23.857565434939584,51.982562013922028));
#7226=IFCCARTESIANPOINT((-0.97990385988193796,53.831169039687268));
#7227=IFCCARTESIANPOINT((26.813580875725137,50.538625182854808));
#7228=IFCCARTESIANPOINT((50.744304661974375,40.660993612357416));
#7229=IFCCARTESIANPOINT((69.414315917199247,25.265132114209059));
#7230=IFCCARTESIANPOINT((81.425663059720236,5.4178984744193714));
#7231=IFCCARTESIANPOINT((87.937174374350533,-22.283615762392799));
#7232=IFCCARTESIANPOINT((90.107678145892521,-61.242319051615105));
#7233=IFCCARTESIANPOINT((90.107678145892521,-322.87999402134875));
#7234=IFCCARTESIANPOINT((165.44991075809929,-322.87999402134875));
#7235=IFCCARTESIANPOINT((165.44991075809929,-51.088775984735165));
#7236=IFCCARTESIANPOINT((161.4767852101906,21.751859060270558));
#7237=IFCCARTESIANPOINT((152.59243502667039,51.642271168385001));
#7238=IFCCARTESIANPOINT((138.88883070633571,77.154887533894893));
#7239=IFCCARTESIANPOINT((118.69210917112885,98.234525857525909));
#7240=IFCCARTESIANPOINT((90.32840734299856,114.82600383999937));
#7241=IFCCARTESIANPOINT((56.317716888904009,125.58655219891875));
#7242=IFCCARTESIANPOINT((19.180029475806528,129.17340165189404));
#7243=IFCCARTESIANPOINT((-22.776912074105411,124.72202951025487));
#7244=IFCCARTESIANPOINT((-59.473141092990822,111.36791308533738));
#7245=IFCCARTESIANPOINT((-90.908657580847532,89.111052377141547));
#7246=IFCCARTESIANPOINT((-117.08346153767772,57.951447385667379));
#7247=IFCCARTESIANPOINT((-117.08346153767772,119.75562257536684));
#7248=IFCCARTESIANPOINT((-192.42569414988449,119.75562257536684));
#7249=IFCPOLYLINE((#7216,#7217,#7218,#7219,#7220,#7221,#7222,#7223,#7224,#7225,#7226,#7227,#7228,#7229,#7230,#7231,#7232,#7233,#7234,#7235,#7236,#7237,#7238,#7239,#7240,#7241,#7242,#7243,#7244,#7245,#7246,#7247,#7248,#7216));
#7250=IFCARBITRARYCLOSEDPROFILEDEF(.AREA.,'600mm Arial',#7249);
#7251=IFCCARTESIANPOINT((14158.127058743776,-13919.685191939434,0.));
#7252=IFCAXIS2PLACEMENT3D(#7251,$,$);
#7253=IFCEXTRUDEDAREASOLID(#7250,#7252,#9,149.99999999999997);
#7254=IFCCARTESIANPOINT((98.400633588193998,-172.9876473845917));
#7255=IFCCARTESIANPOINT((131.64780798533519,-172.9876473845917));
#7256=IFCCARTESIANPOINT((160.88574377934751,-166.52677380224023));
#7257=IFCCARTESIANPOINT((186.11444097023116,-153.60502663753286));
#7258=IFCCARTESIANPOINT((207.33389955798381,-134.22240589047385));
#7259=IFCCARTESIANPOINT((224.47872349479692,-109.60050830942905));
#7260=IFCCARTESIANPOINT((237.48351673286209,-80.960930642764211));
#7261=IFCCARTESIANPOINT((246.34827927217697,-48.303672890481366));
#7262=IFCCARTESIANPOINT((251.07301111274148,-11.628735052582686));
#7263=IFCCARTESIANPOINT((251.66132303636115,19.78042292738682));
#7264=IFCCARTESIANPOINT((248.95303633249802,48.825364119527094));
#7265=IFCCARTESIANPOINT((242.94815100115014,75.506088523842621));
#7266=IFCCARTESIANPOINT((233.64666704232184,99.822596140333061));
#7267=IFCCARTESIANPOINT((221.46993667850481,121.53394154096407));
#7268=IFCCARTESIANPOINT((206.83931213219515,140.3991792977009));
#7269=IFCCARTESIANPOINT((189.75479340339092,156.41830941054803));
#7270=IFCCARTESIANPOINT((170.21638049209398,169.59133187950098));
#7271=IFCCARTESIANPOINT((145.60551115583905,180.31458740977246));
#7272=IFCCARTESIANPOINT((113.30362315216725,188.98441670657257));
#7273=IFCCARTESIANPOINT((25.626791142568518,200.163796599759));
#7274=IFCCARTESIANPOINT((-355.63230242936203,226.32811814671157));
#7275=IFCCARTESIANPOINT((-360.79061303084035,151.16267497812365));
#7276=IFCCARTESIANPOINT((-304.41653065439829,147.29394202701479));
#7277=IFCCARTESIANPOINT((-334.9343763370394,123.86173376436945));
#7278=IFCCARTESIANPOINT((-357.45390718494718,96.617219205263964));
#7279=IFCCARTESIANPOINT((-371.97512319812199,65.560398349696214));
#7280=IFCCARTESIANPOINT((-378.49802437656359,30.691271197668325));
#7281=IFCCARTESIANPOINT((-378.50891778152112,3.9347960638894728));
#7282=IFCCARTESIANPOINT((-374.76353847382467,-21.281814516707175));
#7283=IFCCARTESIANPOINT((-367.26188645347611,-44.958560544117148));
#7284=IFCCARTESIANPOINT((-356.00396172047567,-67.095442018342624));
#7285=IFCCARTESIANPOINT((-341.26687285610075,-87.364616234220222));
#7286=IFCCARTESIANPOINT((-323.32772844162906,-105.43824048658664));
#7287=IFCCARTESIANPOINT((-302.18652847706295,-121.31631477544384));
#7288=IFCCARTESIANPOINT((-277.84327296239775,-134.99883910078785));
#7289=IFCCARTESIANPOINT((-223.14504111254828,-154.95900684597677));
#7290=IFCCARTESIANPOINT((-162.82747872185121,-164.50051270717935));
#7291=IFCCARTESIANPOINT((-118.37777713855976,-164.5410225369879));
#7292=IFCCARTESIANPOINT((-76.78336375659164,-158.36578615546389));
#7293=IFCCARTESIANPOINT((-38.044238575949336,-145.9748035626115));
#7294=IFCCARTESIANPOINT((-2.1604015966326813,-127.36807475842851));
#7295=IFCCARTESIANPOINT((28.363424741511039,-102.90839395092324));
#7296=IFCCARTESIANPOINT((51.022517998634996,-72.958555348097548));
#7297=IFCCARTESIANPOINT((65.816878174737042,-37.518558949951256));
#7298=IFCCARTESIANPOINT((72.746505269817007,3.411595243513458));
#7299=IFCCARTESIANPOINT((71.536556902275308,37.36406466152733));
#7300=IFCCARTESIANPOINT((63.080870436155372,68.900677451203748));
#7301=IFCCARTESIANPOINT((47.379445871459374,98.021433612542566));
#7302=IFCCARTESIANPOINT((24.432283208185282,124.72633314554611));
#7303=IFCCARTESIANPOINT((79.668968680657443,119.86628825867115));
#7304=IFCCARTESIANPOINT((111.72374551403655,113.57339966901563));
#7305=IFCCARTESIANPOINT((141.1557908827055,97.541197724637229));
#7306=IFCCARTESIANPOINT((162.34935640595194,73.22443632939958));
#7307=IFCCARTESIANPOINT((169.60591349316024,57.663121801738143));
#7308=IFCCARTESIANPOINT((174.30125915425387,39.438219339414402));
#7309=IFCCARTESIANPOINT((176.00831619808653,-5.0023493892171542));
#7310=IFCCARTESIANPOINT((168.98572021708833,-46.078231734156127));
#7311=IFCCARTESIANPOINT((154.26507227200486,-76.817149870117419));
#7312=IFCCARTESIANPOINT((137.01305321066249,-91.784341004487928));
#7313=IFCCARTESIANPOINT((112.95462458574561,-98.46699304118421));
#7314=IFCPOLYLINE((#7254,#7255,#7256,#7257,#7258,#7259,#7260,#7261,#7262,#7263,#7264,#7265,#7266,#7267,#7268,#7269,#7270,#7271,#7272,#7273,#7274,#7275,#7276,#7277,#7278,#7279,#7280,#7281,#7282,#7283,#7284,#7285,#7286,#7287,#7288,#7289,#7290,#7291,#7292,#7293,#7294,#7295,#7296,#7297,#7298,#7299,#7300,#7301,#7302,#7303,#7304,#7305,#7306,#7307,#7308,#7309,#7310,#7311,#7312,#7313,#7254));
#7315=IFCCARTESIANPOINT((-162.80743083697615,-88.9824506498163));
#7316=IFCCARTESIANPOINT((-197.04385259391964,-84.591000902466064));
#7317=IFCCARTESIANPOINT((-226.4961722766175,-76.443989531782222));
#7318=IFCCARTESIANPOINT((-251.16438988506982,-64.541416537764746));
#7319=IFCCARTESIANPOINT((-271.04850541927402,-48.883281920409502));
#7320=IFCCARTESIANPOINT((-286.15508405269571,-30.63990767279061));
#7321=IFCCARTESIANPOINT((-296.49069095880657,-10.981615787975278));
#7322=IFCCARTESIANPOINT((-302.05532613760226,10.091593734036204));
#7323=IFCCARTESIANPOINT((-302.84898958908479,32.579720893246133));
#7324=IFCCARTESIANPOINT((-298.9278567333007,55.126865285627012));
#7325=IFCCARTESIANPOINT((-290.3984771172706,75.643088976209313));
#7326=IFCCARTESIANPOINT((-277.26085074099188,94.128391964997235));
#7327=IFCCARTESIANPOINT((-259.51497760446722,110.58277425198661));
#7328=IFCCARTESIANPOINT((-237.32844326918303,123.77321459299674));
#7329=IFCCARTESIANPOINT((-210.8688332966282,132.4666917438449));
#7330=IFCCARTESIANPOINT((-180.13614768680503,136.6632057045291));
#7331=IFCCARTESIANPOINT((-145.13038643970887,136.36275647505335));
#7332=IFCCARTESIANPOINT((-108.88912467637512,131.83372239342287));
#7333=IFCCARTESIANPOINT((-78.120125172548327,123.59635243249099));
#7334=IFCCARTESIANPOINT((-52.823387928226353,111.65064659225757));
#7335=IFCCARTESIANPOINT((-32.998912943411646,95.996604872718478));
#7336=IFCCARTESIANPOINT((-18.251886637626939,77.685718482334096));
#7337=IFCCARTESIANPOINT((-8.1874954303909728,57.76947862956019));
#7338=IFCCARTESIANPOINT((-2.8057393217080651,36.247885314397102));
#7339=IFCCARTESIANPOINT((-2.1066183115741897,13.120938536840194));
#7340=IFCCARTESIANPOINT((-5.9880351116720485,-9.9221308670553992));
#7341=IFCCARTESIANPOINT((-14.307593132106373,-30.604862036486075));
#7342=IFCCARTESIANPOINT((-27.06529237287716,-48.927254971451845));
#7343=IFCCARTESIANPOINT((-44.261132833984419,-64.889309671952716));
#7344=IFCCARTESIANPOINT((-66.231459762629399,-77.481545170522836));
#7345=IFCCARTESIANPOINT((-93.31261840600844,-85.694480499688069));
#7346=IFCCARTESIANPOINT((-125.50460876412404,-89.528115659452553));
#7347=IFCPOLYLINE((#7315,#7316,#7317,#7318,#7319,#7320,#7321,#7322,#7323,#7324,#7325,#7326,#7327,#7328,#7329,#7330,#7331,#7332,#7333,#7334,#7335,#7336,#7337,#7338,#7339,#7340,#7341,#7342,#7343,#7344,#7345,#7346,#7315));
#7348=IFCARBITRARYPROFILEDEFWITHVOIDS(.AREA.,'600mm Arial',#7314,(#7347));
#7349=IFCCARTESIANPOINT((14574.18171015209,-14170.222954377161,0.));
#7350=IFCDIRECTION((0.068465061661084611,-0.99765351466916807,0.));
#7351=IFCAXIS2PLACEMENT3D(#7349,#9,#7350);
#7352=IFCEXTRUDEDAREASOLID(#7348,#7351,#9,149.99999999999997);
#7353=IFCCARTESIANPOINT((-359.0142590188612,-305.58384940485456));
#7354=IFCCARTESIANPOINT((-130.7802692111805,-305.58384940485456));
#7355=IFCCARTESIANPOINT((-78.007597003068327,-302.99028133885861));
#7356=IFCCARTESIANPOINT((-34.174457277752893,-295.20957714086853));
#7357=IFCCARTESIANPOINT((1.8963723493306306,-282.37049550919994));
#7358=IFCCARTESIANPOINT((31.38211426275139,-264.60179514215952));
#7359=IFCCARTESIANPOINT((55.459990847072042,-240.06406606386867));
#7360=IFCCARTESIANPOINT((75.307224486859567,-206.91789829843796));
#7361=IFCCARTESIANPOINT((88.60615861250055,-167.94080090945755));
#7362=IFCCARTESIANPOINT((93.039136654381608,-125.91028296050882));
#7363=IFCCARTESIANPOINT((91.415857350664638,-99.799858352837461));
#7364=IFCCARTESIANPOINT((86.546019439511582,-75.473661421770359));
#7365=IFCCARTESIANPOINT((78.429622920922426,-52.931692167313997));
#7366=IFCCARTESIANPOINT((67.066667794899345,-32.173950589461903));
#7367=IFCCARTESIANPOINT((52.687080308426346,-13.761456730863632));
#7368=IFCCARTESIANPOINT((35.520786708489617,1.7447693658377432));
#7369=IFCCARTESIANPOINT((15.567786995089143,14.344727700642222));
#7370=IFCCARTESIANPOINT((-7.1719188317772309,24.038418273551969));
#7371=IFCCARTESIANPOINT((28.567816999649398,47.52768366558913));
#7372=IFCCARTESIANPOINT((53.970068766606282,77.381307574185172));
#7373=IFCCARTESIANPOINT((69.1452010676486,111.50236262683275));
#7374=IFCCARTESIANPOINT((74.203578501329375,147.79392145102446));
#7375=IFCCARTESIANPOINT((68.18870788018765,187.23087133397507));
#7376=IFCCARTESIANPOINT((50.144096016766831,224.90198764007954));
#7377=IFCCARTESIANPOINT((36.964723539559003,242.10506943953467));
#7378=IFCCARTESIANPOINT((21.486088592495886,256.92611532021976));
#7379=IFCCARTESIANPOINT((3.7081911755753083,269.36512528213478));
#7380=IFCCARTESIANPOINT((-16.368968711196228,279.42209932527976));
#7381=IFCCARTESIANPOINT((-65.757126563681012,292.72103345092074));
#7382=IFCCARTESIANPOINT((-129.01443563433,297.15401149280177));
#7383=IFCCARTESIANPOINT((-359.0142590188612,297.15401149280177));
#7384=IFCPOLYLINE((#7353,#7354,#7355,#7356,#7357,#7358,#7359,#7360,#7361,#7362,#7363,#7364,#7365,#7366,#7367,#7368,#7369,#7370,#7371,#7372,#7373,#7374,#7375,#7376,#7377,#7378,#7379,#7380,#7381,#7382,#7383,#7353));
#7385=IFCCARTESIANPOINT((-283.67202640665442,52.291755503129238));
#7386=IFCCARTESIANPOINT((-283.67202640665442,221.811778880595));
#7387=IFCCARTESIANPOINT((-156.53200887355453,221.811778880595));
#7388=IFCCARTESIANPOINT((-98.03877164044566,219.84361020639878));
#7389=IFCCARTESIANPOINT((-59.705467743023071,213.93910418381009));
#7390=IFCCARTESIANPOINT((-34.726280270520157,202.73709743067863));
#7391=IFCCARTESIANPOINT((-16.295392312161603,184.87642656484545));
#7392=IFCCARTESIANPOINT((-4.9278386611984502,161.99416646484772));
#7393=IFCCARTESIANPOINT((-1.1386541108773998,135.72739200922481));
#7394=IFCCARTESIANPOINT((-5.2037501575809983,108.66967126397263));
#7395=IFCCARTESIANPOINT((-17.399038297691796,86.651933852640965));
#7396=IFCCARTESIANPOINT((-37.61415393265677,69.931697171856371));
#7397=IFCCARTESIANPOINT((-65.738732463922901,58.766478618241145));
#7398=IFCCARTESIANPOINT((-97.965195241408864,53.910436281906129));
#7399=IFCCARTESIANPOINT((-146.08416021053392,52.291755503129238));
#7400=IFCPOLYLINE((#7385,#7386,#7387,#7388,#7389,#7390,#7391,#7392,#7393,#7394,#7395,#7396,#7397,#7398,#7399,#7385));
#7401=IFCCARTESIANPOINT((-283.67202640665442,-230.24161679264776));
#7402=IFCCARTESIANPOINT((-283.67202640665442,-23.05047710907753));
#7403=IFCCARTESIANPOINT((-136.5192283359375,-23.05047710907753));
#7404=IFCCARTESIANPOINT((-82.863639339401175,-25.570468776038862));
#7405=IFCCARTESIANPOINT((-43.445083556208679,-33.130443776922846));
#7406=IFCCARTESIANPOINT((-15.614810621083206,-46.907624496294311));
#7407=IFCCARTESIANPOINT((3.2759298312433716,-68.079233318718067));
#7408=IFCCARTESIANPOINT((14.091660489443592,-95.155348163730508));
#7409=IFCCARTESIANPOINT((17.696904042174832,-126.64604695086373));
#7410=IFCCARTESIANPOINT((14.625089382448408,-153.75894999539241));
#7411=IFCCARTESIANPOINT((5.409645403269133,-177.41376228526127));
#7412=IFCCARTESIANPOINT((-8.5698704134502517,-196.74596113179993));
#7413=IFCCARTESIANPOINT((-25.933900585792674,-210.89102384634884));
#7414=IFCCARTESIANPOINT((-47.289450405806235,-220.76865541684407));
#7415=IFCCARTESIANPOINT((-73.243525165528212,-227.29856083123246));
#7416=IFCCARTESIANPOINT((-129.16158843240143,-230.24161679264776));
#7417=IFCPOLYLINE((#7401,#7402,#7403,#7404,#7405,#7406,#7407,#7408,#7409,#7410,#7411,#7412,#7413,#7414,#7415,#7416,#7401));
#7418=IFCARBITRARYPROFILEDEFWITHVOIDS(.AREA.,'600mm Arial',#7384,(#7400,#7417));
#7419=IFCCARTESIANPOINT((15492.520229101961,-13936.981336555929,0.));
#7420=IFCAXIS2PLACEMENT3D(#7419,$,$);
#7421=IFCEXTRUDEDAREASOLID(#7418,#7420,#9,149.99999999999997);
#7422=IFCCARTESIANPOINT((-1.0835776720341528E-12,1.0835776720341528E-12));
#7423=IFCAXIS2PLACEMENT2D(#7422,#11);
#7424=IFCRECTANGLEPROFILEDEF(.AREA.,'600mm Arial',#7423,75.342232612206772,75.342232612206772);
#7425=IFCCARTESIANPOINT((12976.834561558677,-13677.498441369231,0.));
#7426=IFCAXIS2PLACEMENT3D(#7425,$,$);
#7427=IFCEXTRUDEDAREASOLID(#7424,#7426,#9,149.99999999999997);
#7428=IFCCARTESIANPOINT((-1.0835776720341528E-12,1.0835776720341528E-12));
#7429=IFCAXIS2PLACEMENT2D(#7428,#11);
#7430=IFCRECTANGLEPROFILEDEF(.AREA.,'600mm Arial',#7429,75.342232612206772,75.342232612206772);
#7431=IFCCARTESIANPOINT((13815.016899369481,-13677.498441369231,0.));
#7432=IFCAXIS2PLACEMENT3D(#7431,$,$);
#7433=IFCEXTRUDEDAREASOLID(#7430,#7432,#9,149.99999999999997);
#7434=IFCSHAPEREPRESENTATION(#101,'Body','SweptSolid',(#6751,#6829,#6854,#6953,#7023,#7089,#7125,#7131,#7137,#7209,#7215,#7253,#7352,#7421,#7427,#7433));
#7435=IFCPRODUCTDEFINITIONSHAPE($,$,(#7434));
#7436=IFCBUILDINGELEMENTPROXY('2cXV28XOjE6f6irgi0COIc',#18,'Model Text:600mm Arial:355786',$,'Model Text:600mm Arial',#6740,#7435,'355786',$);
#7437=IFCPROPERTYSET('1uld_pLJPswQ5LDdgxdiLH',#18,'Pset_BuildingElementProxyCommon',$,(#1002));
#7438=IFCPROPERTYSET('1NB1e3DinzgJZWkff5kvTm',#18,'Pset_QuantityTakeOff',$,(#1002));
#7439=IFCRELDEFINESBYPROPERTIES('1vEsjTOgoZbXluwaygQLuW',#18,$,$,(#7436),#7437);
#7440=IFCRELDEFINESBYPROPERTIES('3nmOE_bpmLth7$LEuwB_ok',#18,$,$,(#7436),#7438);
#7441=IFCCARTESIANPOINT((20583.073042068812,-5657.9730203213276,0.));
#7442=IFCAXIS2PLACEMENT3D(#7441,#9,#6);
#7443=IFCLOCALPLACEMENT(#111,#7442);
#7444=IFCCARTESIANPOINT((20000.,-0.));
#7445=IFCPOLYLINE((#4,#7444));
#7446=IFCSHAPEREPRESENTATION(#100,'Axis','Curve2D',(#7445));
#7447=IFCCARTESIANPOINT((10000.000000000018,-3.907985046680551E-13));
#7448=IFCAXIS2PLACEMENT2D(#7447,#12);
#7449=IFCRECTANGLEPROFILEDEF(.AREA.,$,#7448,20000.000000000036,200.);
#7450=IFCAXIS2PLACEMENT3D(#3,$,$);
#7451=IFCEXTRUDEDAREASOLID(#7449,#7450,#9,3850.0000000000005);
#7452=IFCSTYLEDITEM(#7451,(#315),$);
#7453=IFCSHAPEREPRESENTATION(#101,'Body','SweptSolid',(#7451));
#7454=IFCPRODUCTDEFINITIONSHAPE($,$,(#7446,#7453));
#7455=IFCWALLSTANDARDCASE('2cXV28XOjE6f6irgi0COId',#18,'Basic Wall:Outside wall:355787',$,'Basic Wall:Outside wall',#7443,#7454,'355787');
#7456=IFCPROPERTYSINGLEVALUE('FireRating',$,IFCLABEL('_FIRE-RATING_'),$);
#7457=IFCPROPERTYSET('0r5IIBNadNSuqn_6WjoPia',#18,'Pset_ConcreteElementGeneral',$,(#7456));
#7458=IFCPROPERTYSET('1Nlouw$E04j7OcV8YY5cIY',#18,'Pset_QuantityTakeOff',$,(#331));
#7459=IFCPROPERTYSINGLEVALUE('Reference',$,IFCLABEL('Outside wall'),$);
#7460=IFCPROPERTYSET('3sw_QSaH2Z6raTk0QTCzq5',#18,'Pset_ReinforcementBarPitchOfWall',$,(#7459));
#7461=IFCPROPERTYSINGLEVALUE('FireRating',$,IFCLABEL('_FIRE-RATING_'),$);
#7462=IFCPROPERTYSET('1$yo1AN6z8SdS7P13D8TEw',#18,'Pset_WallCommon',$,(#331,#336,#338,#1475,#7461));
#7463=IFCRELDEFINESBYPROPERTIES('3SKec26KytkkKC3RaUTLyX',#18,$,$,(#7455),#7457);
#7464=IFCRELDEFINESBYPROPERTIES('1_k0TPvRSoDSOysfaf50dS',#18,$,$,(#7455),#7458);
#7465=IFCRELDEFINESBYPROPERTIES('2pXqeYsGNxrkxpFJd$I2hF',#18,$,$,(#7455),#7460);
#7466=IFCRELDEFINESBYPROPERTIES('2mU1XqwGHXBEKRFFv5B1rD',#18,$,$,(#7455),#7462);
#7467=IFCCARTESIANPOINT((20583.073042068849,2342.026979678677,0.));
#7468=IFCAXIS2PLACEMENT3D(#7467,#9,#6);
#7469=IFCLOCALPLACEMENT(#111,#7468);
#7470=IFCCARTESIANPOINT((20000.,0.));
#7471=IFCPOLYLINE((#4,#7470));
#7472=IFCSHAPEREPRESENTATION(#100,'Axis','Curve2D',(#7471));
#7473=IFCCARTESIANPOINT((10000.000000000018,-1.4921397450962104E-13));
#7474=IFCAXIS2PLACEMENT2D(#7473,#12);
#7475=IFCRECTANGLEPROFILEDEF(.AREA.,$,#7474,20000.000000000036,200.);
#7476=IFCAXIS2PLACEMENT3D(#3,$,$);
#7477=IFCEXTRUDEDAREASOLID(#7475,#7476,#9,3850.0000000000005);
#7478=IFCSTYLEDITEM(#7477,(#315),$);
#7479=IFCSHAPEREPRESENTATION(#101,'Body','SweptSolid',(#7477));
#7480=IFCPRODUCTDEFINITIONSHAPE($,$,(#7472,#7479));
#7481=IFCWALLSTANDARDCASE('2cXV28XOjE6f6irgi0COIW',#18,'Basic Wall:Outside wall:355788',$,'Basic Wall:Outside wall',#7469,#7480,'355788');
#7482=IFCPROPERTYSINGLEVALUE('FireRating',$,IFCLABEL('_FIRE-RATING_'),$);
#7483=IFCPROPERTYSET('1Wg5rMxEdDENHpnYGytu7k',#18,'Pset_ConcreteElementGeneral',$,(#7482));
#7484=IFCPROPERTYSET('1zTuLzMt8cmCcQmfLPbo8w',#18,'Pset_QuantityTakeOff',$,(#331));
#7485=IFCPROPERTYSINGLEVALUE('Reference',$,IFCLABEL('Outside wall'),$);
#7486=IFCPROPERTYSET('31RGtaxn6c6GdYkveV7XpL',#18,'Pset_ReinforcementBarPitchOfWall',$,(#7485));
#7487=IFCPROPERTYSINGLEVALUE('FireRating',$,IFCLABEL('_FIRE-RATING_'),$);
#7488=IFCPROPERTYSET('0U3zGjWUQq80kgEr4lBNS3',#18,'Pset_WallCommon',$,(#331,#336,#338,#1475,#7487));
#7489=IFCRELDEFINESBYPROPERTIES('1oSK8AQf7GFQU$BT587YIX',#18,$,$,(#7481),#7483);
#7490=IFCRELDEFINESBYPROPERTIES('3EPExL36B7lSo$TPdannoi',#18,$,$,(#7481),#7484);
#7491=IFCRELDEFINESBYPROPERTIES('2mKMOy33usu8AiJG7MGSuw',#18,$,$,(#7481),#7486);
#7492=IFCRELDEFINESBYPROPERTIES('1LorazMAARKEfgGgO2P4IB',#18,$,$,(#7481),#7488);
#7493=IFCCARTESIANPOINT((683.07304206881315,2242.026979678742,0.));
#7494=IFCAXIS2PLACEMENT3D(#7493,#9,#8);
#7495=IFCLOCALPLACEMENT(#111,#7494);
#7496=IFCCARTESIANPOINT((7800.,-0.));
#7497=IFCPOLYLINE((#4,#7496));
#7498=IFCSHAPEREPRESENTATION(#100,'Axis','Curve2D',(#7497));
#7499=IFCCARTESIANPOINT((3900.0000000000023,2.8421709430404007E-14));
#7500=IFCAXIS2PLACEMENT2D(#7499,#12);
#7501=IFCRECTANGLEPROFILEDEF(.AREA.,$,#7500,7800.0000000000045,199.99999999999994);
#7502=IFCAXIS2PLACEMENT3D(#3,$,$);
#7503=IFCEXTRUDEDAREASOLID(#7501,#7502,#9,3850.0000000000005);
#7504=IFCSTYLEDITEM(#7503,(#315),$);
#7505=IFCSHAPEREPRESENTATION(#101,'Body','SweptSolid',(#7503));
#7506=IFCPRODUCTDEFINITIONSHAPE($,$,(#7498,#7505));
#7507=IFCWALLSTANDARDCASE('2cXV28XOjE6f6irgi0COIX',#18,'Basic Wall:Outside wall:355789',$,'Basic Wall:Outside wall',#7495,#7506,'355789');
#7508=IFCPROPERTYSINGLEVALUE('FireRating',$,IFCLABEL('_FIRE-RATING_'),$);
#7509=IFCPROPERTYSET('1NAHXaRxX0ByTFULTgyYEm',#18,'Pset_ConcreteElementGeneral',$,(#7508));
#7510=IFCPROPERTYSET('0v_WEztftbJ8CiyFGSANNz',#18,'Pset_QuantityTakeOff',$,(#331));
#7511=IFCPROPERTYSINGLEVALUE('Reference',$,IFCLABEL('Outside wall'),$);
#7512=IFCPROPERTYSET('3fsI45A_CyKnId9JFYprG1',#18,'Pset_ReinforcementBarPitchOfWall',$,(#7511));
#7513=IFCPROPERTYSINGLEVALUE('FireRating',$,IFCLABEL('_FIRE-RATING_'),$);
#7514=IFCPROPERTYSET('120ZiA44nz24eMUvi$WHru',#18,'Pset_WallCommon',$,(#331,#336,#338,#1475,#7513));
#7515=IFCRELDEFINESBYPROPERTIES('2La17a0TtAmGefYr9uKJJy',#18,$,$,(#7507),#7509);
#7516=IFCRELDEFINESBYPROPERTIES('2GPR1oneG72SSqakZ2Cicq',#18,$,$,(#7507),#7510);
#7517=IFCRELDEFINESBYPROPERTIES('0f5LMWWQgVOd6F$JUpaDAr',#18,$,$,(#7507),#7512);
#7518=IFCRELDEFINESBYPROPERTIES('36V3dNR$riGJK_oBYpJWHo',#18,$,$,(#7507),#7514);
#7519=IFCMAPPEDITEM(#1173,#1188);
#7520=IFCSHAPEREPRESENTATION(#101,'Body','MappedRepresentation',(#7519));
#7521=IFCPRODUCTDEFINITIONSHAPE($,$,(#7520));
#7522=IFCCARTESIANPOINT((18468.073042068845,2242.0269796786833,0.));
#7523=IFCAXIS2PLACEMENT3D(#7522,$,$);
#7525=IFCDOOR('2cXV28XOjE6f6irgi0COIY',#18,'M_Single-Flush:Inside Door:355790',$,'M_Single-Flush:Inside Door',#15291,#7521,'355790',2133.9999999999995,914.99999999999989);
#7526=IFCPROPERTYSINGLEVALUE('FireRating',$,IFCLABEL('Inside door: Fire Rating'),$);
#7527=IFCPROPERTYSET('0W2UjYdH5zMEYv5k8wmPii',#18,'Pset_ConcreteElementGeneral',$,(#7526));
#7528=IFCPROPERTYSINGLEVALUE('FireRating',$,IFCLABEL('Inside door: Fire Rating'),$);
#7529=IFCPROPERTYSET('0EW65ccAcuhmAz8RGvC9fh',#18,'Pset_DoorCommon',$,(#1198,#1200,#7528));
#7530=IFCPROPERTYSET('3d78FGWtf_kHd2LEdk85GR',#18,'Pset_QuantityTakeOff',$,(#1198));
#7531=IFCRELDEFINESBYPROPERTIES('1J6JClurhvO5z6qQiHVqj5',#18,$,$,(#7525),#7527);
#7532=IFCRELDEFINESBYPROPERTIES('3gZomwUWndZ00ap3xM0RMI',#18,$,$,(#7525),#7529);
#7533=IFCRELDEFINESBYPROPERTIES('0uk$xvrA1UEZJSd4wkrXWI',#18,$,$,(#7525),#7530);
#7534=IFCMAPPEDITEM(#1173,#1188);
#7535=IFCSHAPEREPRESENTATION(#101,'Body','MappedRepresentation',(#7534));
#7536=IFCPRODUCTDEFINITIONSHAPE($,$,(#7535));
#7537=IFCCARTESIANPOINT((16453.073042068845,2242.0269796786897,0.));
#7538=IFCAXIS2PLACEMENT3D(#7537,$,$);
#7540=IFCDOOR('2cXV28XOjE6f6irgi0COIZ',#18,'M_Single-Flush:Inside Door:355791',$,'M_Single-Flush:Inside Door',#15306,#7536,'355791',2133.9999999999995,914.99999999999989);
#7541=IFCPROPERTYSINGLEVALUE('FireRating',$,IFCLABEL('Inside door: Fire Rating'),$);
#7542=IFCPROPERTYSET('1AEuvySnKLW17eKGOZz3A7',#18,'Pset_ConcreteElementGeneral',$,(#7541));
#7543=IFCPROPERTYSINGLEVALUE('FireRating',$,IFCLABEL('Inside door: Fire Rating'),$);
#7544=IFCPROPERTYSET('1ZYHr$KsRCmNVjhPOQiBOU',#18,'Pset_DoorCommon',$,(#1198,#1200,#7543));
#7545=IFCPROPERTYSET('1sizYQBL3ZyggSuZ9q$GzM',#18,'Pset_QuantityTakeOff',$,(#1198));
#7546=IFCRELDEFINESBYPROPERTIES('1WURitypmfLEuCZa75qff4',#18,$,$,(#7540),#7542);
#7547=IFCRELDEFINESBYPROPERTIES('1cEc9QOKpUMIiHYYloNDsA',#18,$,$,(#7540),#7544);
#7548=IFCRELDEFINESBYPROPERTIES('1hkhlZWrC1$WaPdshQ0VTG',#18,$,$,(#7540),#7545);
#7549=IFCMAPPEDITEM(#1173,#1188);
#7550=IFCSHAPEREPRESENTATION(#101,'Body','MappedRepresentation',(#7549));
#7551=IFCPRODUCTDEFINITIONSHAPE($,$,(#7550));
#7552=IFCCARTESIANPOINT((13638.073042068845,2242.0269796786988,0.));
#7553=IFCAXIS2PLACEMENT3D(#7552,$,$);
#7555=IFCDOOR('2cXV28XOjE6f6irgi0COIy',#18,'M_Single-Flush:Inside Door:355792',$,'M_Single-Flush:Inside Door',#15321,#7551,'355792',2133.9999999999995,914.99999999999989);
#7556=IFCPROPERTYSINGLEVALUE('FireRating',$,IFCLABEL('Inside door: Fire Rating'),$);
#7557=IFCPROPERTYSET('0Gyca5woAWslg$dDm0iszc',#18,'Pset_ConcreteElementGeneral',$,(#7556));
#7558=IFCPROPERTYSINGLEVALUE('FireRating',$,IFCLABEL('Inside door: Fire Rating'),$);
#7559=IFCPROPERTYSET('1aIibgRAj990Mu7IGiqAOz',#18,'Pset_DoorCommon',$,(#1198,#1200,#7558));
#7560=IFCPROPERTYSET('17PzrJ9IRDpX3jTSgd1Sc0',#18,'Pset_QuantityTakeOff',$,(#1198));
#7561=IFCRELDEFINESBYPROPERTIES('3n_0A67dLxlJsOegWQaJMr',#18,$,$,(#7555),#7557);
#7562=IFCRELDEFINESBYPROPERTIES('0zgDPlvEq5ebwG5ekaCcnV',#18,$,$,(#7555),#7559);
#7563=IFCRELDEFINESBYPROPERTIES('1dSKgIBh13AWcR7YyMN1xe',#18,$,$,(#7555),#7560);
#7564=IFCMAPPEDITEM(#1173,#1188);
#7565=IFCSHAPEREPRESENTATION(#101,'Body','MappedRepresentation',(#7564));
#7566=IFCPRODUCTDEFINITIONSHAPE($,$,(#7565));
#7567=IFCCARTESIANPOINT((3098.0730420687801,-5557.9730203212703,0.));
#7568=IFCAXIS2PLACEMENT3D(#7567,#9,#6);
#7570=IFCDOOR('2cXV28XOjE6f6irgi0COIz',#18,'M_Single-Flush:Inside Door:355793',$,'M_Single-Flush:Inside Door',#15156,#7566,'355793',2133.9999999999995,915.00000000000011);
#7571=IFCPROPERTYSINGLEVALUE('FireRating',$,IFCLABEL('Inside door: Fire Rating'),$);
#7572=IFCPROPERTYSET('38RyxsGYtRjvDPDvjM_qF6',#18,'Pset_ConcreteElementGeneral',$,(#7571));
#7573=IFCPROPERTYSINGLEVALUE('FireRating',$,IFCLABEL('Inside door: Fire Rating'),$);
#7574=IFCPROPERTYSET('1wyyLjHtlfrsIO_XvB$_NU',#18,'Pset_DoorCommon',$,(#1198,#1200,#7573));
#7575=IFCPROPERTYSET('18fUU8b71wsDJdrs_IttkN',#18,'Pset_QuantityTakeOff',$,(#1198));
#7576=IFCRELDEFINESBYPROPERTIES('3xzCp7snbT_E26Xv8xmrMx',#18,$,$,(#7570),#7572);
#7577=IFCRELDEFINESBYPROPERTIES('0dYv0BEitiLmTzgt5SF$Im',#18,$,$,(#7570),#7574);
#7578=IFCRELDEFINESBYPROPERTIES('338sQcs6hySIaDRIxOK_RW',#18,$,$,(#7570),#7575);
#7579=IFCMAPPEDITEM(#1173,#1188);
#7580=IFCSHAPEREPRESENTATION(#101,'Body','MappedRepresentation',(#7579));
#7581=IFCPRODUCTDEFINITIONSHAPE($,$,(#7580));
#7582=IFCCARTESIANPOINT((4713.0730420687814,-5557.9730203212757,0.));
#7583=IFCAXIS2PLACEMENT3D(#7582,#9,#6);
#7585=IFCDOOR('2cXV28XOjE6f6irgi0COI_',#18,'M_Single-Flush:Inside Door:355794',$,'M_Single-Flush:Inside Door',#15171,#7581,'355794',2133.9999999999995,915.00000000000045);
#7586=IFCPROPERTYSINGLEVALUE('FireRating',$,IFCLABEL('Inside door: Fire Rating'),$);
#7587=IFCPROPERTYSET('2CZeyjTmRcU3HXDKVP41eb',#18,'Pset_ConcreteElementGeneral',$,(#7586));
#7588=IFCPROPERTYSINGLEVALUE('FireRating',$,IFCLABEL('Inside door: Fire Rating'),$);
#7589=IFCPROPERTYSET('3UYvD4cEMazTmcgAm$URD5',#18,'Pset_DoorCommon',$,(#1198,#1200,#7588));
#7590=IFCPROPERTYSET('0w0h9j9_JT1AAGiJToTqit',#18,'Pset_QuantityTakeOff',$,(#1198));
#7591=IFCRELDEFINESBYPROPERTIES('3uxn$Id9KIOqSI3LdMCnC6',#18,$,$,(#7585),#7587);
#7592=IFCRELDEFINESBYPROPERTIES('1Wuh$6wkzvbUo04dT48npV',#18,$,$,(#7585),#7589);
#7593=IFCRELDEFINESBYPROPERTIES('2U4nuEU3fGcFH_PAgJBvNV',#18,$,$,(#7585),#7590);
#7594=IFCCARTESIANPOINT((12583.073042068805,-5557.9730203213012,0.));
#7595=IFCAXIS2PLACEMENT3D(#7594,#9,#7);
#7596=IFCLOCALPLACEMENT(#111,#7595);
#7597=IFCCARTESIANPOINT((7800.,-0.));
#7598=IFCPOLYLINE((#4,#7597));
#7599=IFCSHAPEREPRESENTATION(#100,'Axis','Curve2D',(#7598));
#7600=IFCCARTESIANPOINT((3900.0000000000023,-1.7621459846850485E-12));
#7601=IFCAXIS2PLACEMENT2D(#7600,#11);
#7602=IFCRECTANGLEPROFILEDEF(.AREA.,$,#7601,7800.0000000000036,200.);
#7603=IFCAXIS2PLACEMENT3D(#3,$,$);
#7604=IFCEXTRUDEDAREASOLID(#7602,#7603,#9,4000.0000000000005);
#7605=IFCSTYLEDITEM(#7604,(#315),$);
#7606=IFCSHAPEREPRESENTATION(#101,'Body','SweptSolid',(#7604));
#7607=IFCPRODUCTDEFINITIONSHAPE($,$,(#7599,#7606));
#7608=IFCWALLSTANDARDCASE('2cXV28XOjE6f6irgi0COI$',#18,'Basic Wall:Inside:355795',$,'Basic Wall:Inside',#7596,#7607,'355795');
#7609=IFCPROPERTYSINGLEVALUE('FireRating',$,IFCLABEL('_FIRE-RATING_'),$);
#7610=IFCPROPERTYSET('3CIM8PAyBaElLeFKe6eoy6',#18,'Pset_ConcreteElementGeneral',$,(#7609));
#7611=IFCPROPERTYSET('0CftXQiLCZLzCaSpvVZMrY',#18,'Pset_QuantityTakeOff',$,(#1306));
#7612=IFCPROPERTYSINGLEVALUE('Reference',$,IFCLABEL('Inside'),$);
#7613=IFCPROPERTYSET('1D6XwUS7I$YhEAtq_YY98b',#18,'Pset_ReinforcementBarPitchOfWall',$,(#7612));
#7614=IFCPROPERTYSINGLEVALUE('FireRating',$,IFCLABEL('_FIRE-RATING_'),$);
#7615=IFCPROPERTYSET('3_yOmMYPbxS9C83VXUt_Gx',#18,'Pset_WallCommon',$,(#336,#338,#1306,#1475,#7614));
#7616=IFCRELDEFINESBYPROPERTIES('1G561z7SMqqqMcFjm$Pp4L',#18,$,$,(#7608),#7610);
#7617=IFCRELDEFINESBYPROPERTIES('03wiXseK6bNhcx7GwZVsml',#18,$,$,(#7608),#7611);
#7618=IFCRELDEFINESBYPROPERTIES('1xd0QzdC1df5QE6Io1vXT7',#18,$,$,(#7608),#7613);
#7619=IFCRELDEFINESBYPROPERTIES('3mL2nEYpwY1A_skTQ7siUz',#18,$,$,(#7608),#7615);
#7620=IFCCARTESIANPOINT((5983.0730420688051,-5557.9730203212794,0.));
#7621=IFCAXIS2PLACEMENT3D(#7620,#9,#7);
#7622=IFCLOCALPLACEMENT(#111,#7621);
#7623=IFCCARTESIANPOINT((7800.,-0.));
#7624=IFCPOLYLINE((#4,#7623));
#7625=IFCSHAPEREPRESENTATION(#100,'Axis','Curve2D',(#7624));
#7626=IFCCARTESIANPOINT((3900.0000000000027,-1.3500311979441904E-13));
#7627=IFCAXIS2PLACEMENT2D(#7626,#12);
#7628=IFCRECTANGLEPROFILEDEF(.AREA.,$,#7627,7800.0000000000055,200.);
#7629=IFCAXIS2PLACEMENT3D(#3,$,$);
#7630=IFCEXTRUDEDAREASOLID(#7628,#7629,#9,4000.0000000000005);
#7631=IFCSTYLEDITEM(#7630,(#315),$);
#7632=IFCSHAPEREPRESENTATION(#101,'Body','SweptSolid',(#7630));
#7633=IFCPRODUCTDEFINITIONSHAPE($,$,(#7625,#7632));
#7634=IFCWALLSTANDARDCASE('2cXV28XOjE6f6irgi0COIu',#18,'Basic Wall:Inside:355796',$,'Basic Wall:Inside',#7622,#7633,'355796');
#7635=IFCPROPERTYSINGLEVALUE('FireRating',$,IFCLABEL('_FIRE-RATING_'),$);
#7636=IFCPROPERTYSET('3sElmtYXyZCsIvHT3TgI3g',#18,'Pset_ConcreteElementGeneral',$,(#7635));
#7637=IFCPROPERTYSET('0x2vidMfw$hQ388fbHrxbe',#18,'Pset_QuantityTakeOff',$,(#1306));
#7638=IFCPROPERTYSINGLEVALUE('Reference',$,IFCLABEL('Inside'),$);
#7639=IFCPROPERTYSET('0JZC1FOCysaCX0lpEWomWQ',#18,'Pset_ReinforcementBarPitchOfWall',$,(#7638));
#7640=IFCPROPERTYSINGLEVALUE('FireRating',$,IFCLABEL('_FIRE-RATING_'),$);
#7641=IFCPROPERTYSET('2o8q$_KfFZB53ow41Tbo64',#18,'Pset_WallCommon',$,(#336,#338,#1306,#1475,#7640));
#7642=IFCRELDEFINESBYPROPERTIES('2lMz3Kl3k4Dd0Rbl1_qrQa',#18,$,$,(#7634),#7636);
#7643=IFCRELDEFINESBYPROPERTIES('0atGd1sOJTLpx2UjPOe0UF',#18,$,$,(#7634),#7637);
#7644=IFCRELDEFINESBYPROPERTIES('3$9kDxJWlxESc0k2JyPjOu',#18,$,$,(#7634),#7639);
#7645=IFCRELDEFINESBYPROPERTIES('27Fn7YtCAwKD2xhCB6Dtwi',#18,$,$,(#7634),#7641);
#7646=IFCMAPPEDITEM(#1398,#1188);
#7647=IFCSHAPEREPRESENTATION(#101,'Body','MappedRepresentation',(#7646));
#7648=IFCPRODUCTDEFINITIONSHAPE($,$,(#7647));
#7649=IFCCARTESIANPOINT((6083.0730420688369,1027.0269796787231,0.));
#7650=IFCAXIS2PLACEMENT3D(#7649,#9,#7);
#7652=IFCDOOR('2cXV28XOjE6f6irgi0COIv',#18,'M_Single-Flush:Inside Door:355797',$,'M_Single-Flush:Inside Door',#15441,#7648,'355797',2133.9999999999995,915.);
#7653=IFCPROPERTYSINGLEVALUE('FireRating',$,IFCLABEL('Inside door: Fire Rating'),$);
#7654=IFCPROPERTYSET('1nsQlwbo22lNbuUQ$RNTJV',#18,'Pset_ConcreteElementGeneral',$,(#7653));
#7655=IFCPROPERTYSINGLEVALUE('FireRating',$,IFCLABEL('Inside door: Fire Rating'),$);
#7656=IFCPROPERTYSET('3i9Q8VcAeKZL9u0aGBqCP7',#18,'Pset_DoorCommon',$,(#1198,#1200,#7655));
#7657=IFCPROPERTYSET('06qGVGICK2qvsSZw1A6yh_',#18,'Pset_QuantityTakeOff',$,(#1198));
#7658=IFCRELDEFINESBYPROPERTIES('3VhsIDbjf7u9k4mTVc5Trr',#18,$,$,(#7652),#7654);
#7659=IFCRELDEFINESBYPROPERTIES('3v4XNmxaUNJPyJsPMH6G4u',#18,$,$,(#7652),#7656);
#7660=IFCRELDEFINESBYPROPERTIES('3TJGHt$QxWliMwpvnBAsKe',#18,$,$,(#7652),#7657);
#7661=IFCMAPPEDITEM(#1398,#1188);
#7662=IFCSHAPEREPRESENTATION(#101,'Body','MappedRepresentation',(#7661));
#7663=IFCPRODUCTDEFINITIONSHAPE($,$,(#7662));
#7664=IFCCARTESIANPOINT((12683.073042068807,-5157.9730203213094,0.));
#7665=IFCAXIS2PLACEMENT3D(#7664,#9,#7);
#7667=IFCDOOR('2cXV28XOjE6f6irgi0COIw',#18,'M_Single-Flush:Inside Door:355798',$,'M_Single-Flush:Inside Door',#15411,#7663,'355798',2133.9999999999995,914.99999999999989);
#7668=IFCPROPERTYSINGLEVALUE('FireRating',$,IFCLABEL('Inside door: Fire Rating'),$);
#7669=IFCPROPERTYSET('2A1HVex6D$8Bj$dAwkMygB',#18,'Pset_ConcreteElementGeneral',$,(#7668));
#7670=IFCPROPERTYSINGLEVALUE('FireRating',$,IFCLABEL('Inside door: Fire Rating'),$);
#7671=IFCPROPERTYSET('27URJFYDqVzc_ODKWNGhxE',#18,'Pset_DoorCommon',$,(#1198,#1200,#7670));
#7672=IFCPROPERTYSET('1rUsTfBA0RDvcxOH_MRAxH',#18,'Pset_QuantityTakeOff',$,(#1198));
#7673=IFCRELDEFINESBYPROPERTIES('0VldEPYLoU_YrbI6k9kSgz',#18,$,$,(#7667),#7669);
#7674=IFCRELDEFINESBYPROPERTIES('2XEl0bfmdJV5RKvIGRbss5',#18,$,$,(#7667),#7671);
#7675=IFCRELDEFINESBYPROPERTIES('2p7sT1soT0hrAGdJrz2Ji6',#18,$,$,(#7667),#7672);
#7676=IFCMAPPEDITEM(#1398,#1188);
#7677=IFCSHAPEREPRESENTATION(#101,'Body','MappedRepresentation',(#7676));
#7678=IFCPRODUCTDEFINITIONSHAPE($,$,(#7677));
#7679=IFCCARTESIANPOINT((12683.073042068834,727.02697967870154,0.));
#7680=IFCAXIS2PLACEMENT3D(#7679,#9,#7);
#7682=IFCDOOR('2cXV28XOjE6f6irgi0COIx',#18,'M_Single-Flush:Inside Door:355799',$,'M_Single-Flush:Inside Door',#15426,#7678,'355799',2133.9999999999995,915.);
#7683=IFCPROPERTYSINGLEVALUE('FireRating',$,IFCLABEL('Inside door: Fire Rating'),$);
#7684=IFCPROPERTYSET('04FzlcAUIrWhcC9MfNAzUK',#18,'Pset_ConcreteElementGeneral',$,(#7683));
#7685=IFCPROPERTYSINGLEVALUE('FireRating',$,IFCLABEL('Inside door: Fire Rating'),$);
#7686=IFCPROPERTYSET('0$7_Ijf8sG8w0qPyEpedX3',#18,'Pset_DoorCommon',$,(#1198,#1200,#7685));
#7687=IFCPROPERTYSET('1M1ode$55rLt$XcvhfmLYR',#18,'Pset_QuantityTakeOff',$,(#1198));
#7688=IFCRELDEFINESBYPROPERTIES('1SV7YDqgl7jfTJDeus3rg7',#18,$,$,(#7682),#7684);
#7689=IFCRELDEFINESBYPROPERTIES('165dLkAW4djeLlkoukVJHP',#18,$,$,(#7682),#7686);
#7690=IFCRELDEFINESBYPROPERTIES('09imE7VmQM1m5WSjudgWT1',#18,$,$,(#7682),#7687);
#7691=IFCCARTESIANPOINT((12683.073042068825,-2057.9730203212962,0.));
#7692=IFCAXIS2PLACEMENT3D(#7691,$,$);
#7693=IFCLOCALPLACEMENT(#111,#7692);
#7694=IFCCARTESIANPOINT((7900.,-0.));
#7695=IFCPOLYLINE((#4,#7694));
#7696=IFCSHAPEREPRESENTATION(#100,'Axis','Curve2D',(#7695));
#7697=IFCCARTESIANPOINT((3950.0000000000018,-2.1316282072803006E-14));
#7698=IFCAXIS2PLACEMENT2D(#7697,#11);
#7699=IFCRECTANGLEPROFILEDEF(.AREA.,$,#7698,7900.0000000000036,200.);
#7700=IFCAXIS2PLACEMENT3D(#3,$,$);
#7701=IFCEXTRUDEDAREASOLID(#7699,#7700,#9,4000.0000000000005);
#7702=IFCSTYLEDITEM(#7701,(#315),$);
#7703=IFCSHAPEREPRESENTATION(#101,'Body','SweptSolid',(#7701));
#7704=IFCPRODUCTDEFINITIONSHAPE($,$,(#7696,#7703));
#7705=IFCWALLSTANDARDCASE('2cXV28XOjE6f6irgi0COIq',#18,'Basic Wall:Outside wall:355800',$,'Basic Wall:Outside wall',#7693,#7704,'355800');
#7706=IFCPROPERTYSINGLEVALUE('FireRating',$,IFCLABEL('_FIRE-RATING_'),$);
#7707=IFCPROPERTYSET('1bl9O80UstT2SgEzGUGgIa',#18,'Pset_ConcreteElementGeneral',$,(#7706));
#7708=IFCPROPERTYSET('3Ep95D1DHzcUhz4fzfZbnf',#18,'Pset_QuantityTakeOff',$,(#331));
#7709=IFCPROPERTYSINGLEVALUE('Reference',$,IFCLABEL('Outside wall'),$);
#7710=IFCPROPERTYSET('3KNtrCqq0OW4i3BYrdV7Mo',#18,'Pset_ReinforcementBarPitchOfWall',$,(#7709));
#7711=IFCPROPERTYSINGLEVALUE('FireRating',$,IFCLABEL('_FIRE-RATING_'),$);
#7712=IFCPROPERTYSET('0U5JeWLapjVj3fY8Lp_8f_',#18,'Pset_WallCommon',$,(#331,#336,#338,#1475,#7711));
#7713=IFCRELDEFINESBYPROPERTIES('1wNKjHqndyaE_51oMt9qeK',#18,$,$,(#7705),#7707);
#7714=IFCRELDEFINESBYPROPERTIES('3XcOIKb4CymMsbkvKvvt$p',#18,$,$,(#7705),#7708);
#7715=IFCRELDEFINESBYPROPERTIES('1TXfcTC1vE76ryJR3Od99m',#18,$,$,(#7705),#7710);
#7716=IFCRELDEFINESBYPROPERTIES('2xkMNEIuJSB4I6NyXquZKj',#18,$,$,(#7705),#7712);
#7717=IFCMAPPEDITEM(#6035,#1188);
#7718=IFCSHAPEREPRESENTATION(#101,'Body','MappedRepresentation',(#7717));
#7719=IFCPRODUCTDEFINITIONSHAPE($,$,(#7718));
#7720=IFCCARTESIANPOINT((17408.07304206882,-1957.9730203213114,0.));
#7721=IFCAXIS2PLACEMENT3D(#7720,#9,#6);
#7723=IFCDOOR('2cXV28XOjE6f6irgi0COIr',#18,'M_Door-Interior-Double-Full Glass-Wood:1500 x 2000mm:355801',$,'M_Door-Interior-Double-Full Glass-Wood:1500 x 2000mm',#15456,#7719,'355801',2025.0000000000002,1550.0000000000007);
#7724=IFCPROPERTYSET('00C7LE0D$WGOrPqvHv8HaB',#18,'Pset_DoorCommon',$,(#1200,#6062));
#7725=IFCPROPERTYSET('0IoybBVqvmJ6fDIP_tNLc_',#18,'Pset_QuantityTakeOff',$,(#6062));
#7726=IFCRELDEFINESBYPROPERTIES('2ucdaSfvV$rZTZUgKTQZlo',#18,$,$,(#7723),#7724);
#7727=IFCRELDEFINESBYPROPERTIES('1GUr7Iv310WSRYQd4tKD1I',#18,$,$,(#7723),#7725);
#7728=IFCMAPPEDITEM(#6127,#1188);
#7729=IFCSHAPEREPRESENTATION(#101,'Body','MappedRepresentation',(#7728));
#7730=IFCPRODUCTDEFINITIONSHAPE($,$,(#7729));
#7731=IFCCARTESIANPOINT((7298.073042068806,-5557.9730203212848,305.));
#7732=IFCAXIS2PLACEMENT3D(#7731,#9,#6);
#7734=IFCWINDOW('2cXV28XOjE6f6irgi0COIs',#18,'M_Fixed:0915 x 1830mm:355802',$,'M_Fixed:0915 x 1830mm',#15186,#7730,'355802',1829.9999999999982,914.99999999999989);
#7735=IFCPROPERTYSET('2gmP5x9gkR$c6m$AQXv5Vf',#18,'Pset_QuantityTakeOff',$,(#6143));
#7736=IFCPROPERTYSET('1LSjHSx5kTcGCV5MlSxiJI',#18,'Pset_WindowCommon',$,(#1200,#6143));
#7737=IFCRELDEFINESBYPROPERTIES('2_r$7cDkil5T5k2U3$JKdA',#18,$,$,(#7734),#7735);
#7738=IFCRELDEFINESBYPROPERTIES('3AaDrE6DlFXzulj3T0tWZO',#18,$,$,(#7734),#7736);
#7739=IFCMAPPEDITEM(#6127,#1188);
#7740=IFCSHAPEREPRESENTATION(#101,'Body','MappedRepresentation',(#7739));
#7741=IFCPRODUCTDEFINITIONSHAPE($,$,(#7740));
#7742=IFCCARTESIANPOINT((8813.0730420688069,-5557.9730203212903,305.));
#7743=IFCAXIS2PLACEMENT3D(#7742,#9,#6);
#7745=IFCWINDOW('2cXV28XOjE6f6irgi0COIt',#18,'M_Fixed:0915 x 1830mm:355803',$,'M_Fixed:0915 x 1830mm',#15201,#7741,'355803',1829.9999999999982,914.99999999999989);
#7746=IFCPROPERTYSET('1dWmzdt1mKjlgSrARQtT5P',#18,'Pset_QuantityTakeOff',$,(#6143));
#7747=IFCPROPERTYSET('3ZaUcx_q7s8$$sOET0VxRN',#18,'Pset_WindowCommon',$,(#1200,#6143));
#7748=IFCRELDEFINESBYPROPERTIES('1YmqvveSyBjIY8WDt8sk5r',#18,$,$,(#7745),#7746);
#7749=IFCRELDEFINESBYPROPERTIES('0D_q$3e6ya2SKGMFOZMCv7',#18,$,$,(#7745),#7747);
#7750=IFCMAPPEDITEM(#6127,#1188);
#7751=IFCSHAPEREPRESENTATION(#101,'Body','MappedRepresentation',(#7750));
#7752=IFCPRODUCTDEFINITIONSHAPE($,$,(#7751));
#7753=IFCCARTESIANPOINT((10328.073042068807,-5557.9730203212948,305.));
#7754=IFCAXIS2PLACEMENT3D(#7753,#9,#6);
#7756=IFCWINDOW('2cXV28XOjE6f6irgi0COIm',#18,'M_Fixed:0915 x 1830mm:355804',$,'M_Fixed:0915 x 1830mm',#15216,#7752,'355804',1829.9999999999982,914.99999999999989);
#7757=IFCPROPERTYSET('2pgX1sXcQX5FY2y2ieq5JL',#18,'Pset_QuantityTakeOff',$,(#6143));
#7758=IFCPROPERTYSET('3Z2vs2C_ZVX0NZGwbCUOl5',#18,'Pset_WindowCommon',$,(#1200,#6143));
#7759=IFCRELDEFINESBYPROPERTIES('1Jh1hVedDao8d_F21KH1dq',#18,$,$,(#7756),#7757);
#7760=IFCRELDEFINESBYPROPERTIES('1EgVZXwCZxNw1R0qGc85na',#18,$,$,(#7756),#7758);
#7761=IFCMAPPEDITEM(#6127,#1188);
#7762=IFCSHAPEREPRESENTATION(#101,'Body','MappedRepresentation',(#7761));
#7763=IFCPRODUCTDEFINITIONSHAPE($,$,(#7762));
#7764=IFCCARTESIANPOINT((11863.073042068805,-5557.9730203213003,305.));
#7765=IFCAXIS2PLACEMENT3D(#7764,#9,#6);
#7767=IFCWINDOW('2cXV28XOjE6f6irgi0COIn',#18,'M_Fixed:0915 x 1830mm:355805',$,'M_Fixed:0915 x 1830mm',#15231,#7763,'355805',1829.9999999999982,914.99999999999989);
#7768=IFCPROPERTYSET('1V40iR7jp0wKW$Bpc4eq6d',#18,'Pset_QuantityTakeOff',$,(#6143));
#7769=IFCPROPERTYSET('0BU6iO3qH$JEk4jSSvTq2u',#18,'Pset_WindowCommon',$,(#1200,#6143));
#7770=IFCRELDEFINESBYPROPERTIES('3mqVOAod3ZDFxmc2Gc63w3',#18,$,$,(#7767),#7768);
#7771=IFCRELDEFINESBYPROPERTIES('2W$BoHs8KcOWNAe5K3x67M',#18,$,$,(#7767),#7769);
#7772=IFCMAPPEDITEM(#6127,#1188);
#7773=IFCSHAPEREPRESENTATION(#101,'Body','MappedRepresentation',(#7772));
#7774=IFCPRODUCTDEFINITIONSHAPE($,$,(#7773));
#7775=IFCCARTESIANPOINT((15598.073042068805,-5557.9730203213121,305.));
#7776=IFCAXIS2PLACEMENT3D(#7775,#9,#6);
#7778=IFCWINDOW('2cXV28XOjE6f6irgi0COIo',#18,'M_Fixed:0915 x 1830mm:355806',$,'M_Fixed:0915 x 1830mm',#15246,#7774,'355806',1829.9999999999982,914.99999999999989);
#7779=IFCPROPERTYSET('3elXHaKY8sp1mIkvOXxFa5',#18,'Pset_QuantityTakeOff',$,(#6143));
#7780=IFCPROPERTYSET('1LTM2boe7OiLksgvf9$hGp',#18,'Pset_WindowCommon',$,(#1200,#6143));
#7781=IFCRELDEFINESBYPROPERTIES('3LBNbzlFfr$RGwkjVf2FWp',#18,$,$,(#7778),#7779);
#7782=IFCRELDEFINESBYPROPERTIES('3gTvwsiWaY0UwgPq5aMd$I',#18,$,$,(#7778),#7780);
#7783=IFCMAPPEDITEM(#6127,#1188);
#7784=IFCSHAPEREPRESENTATION(#101,'Body','MappedRepresentation',(#7783));
#7785=IFCPRODUCTDEFINITIONSHAPE($,$,(#7784));
#7786=IFCCARTESIANPOINT((18548.073042068805,-5557.9730203213221,305.));
#7787=IFCAXIS2PLACEMENT3D(#7786,#9,#6);
#7789=IFCWINDOW('2cXV28XOjE6f6irgi0COIp',#18,'M_Fixed:0915 x 1830mm:355807',$,'M_Fixed:0915 x 1830mm',#15261,#7785,'355807',1829.9999999999982,914.99999999999989);
#7790=IFCPROPERTYSET('1GXFhBStKgxBVRNUaDEcEr',#18,'Pset_QuantityTakeOff',$,(#6143));
#7791=IFCPROPERTYSET('22Kyoh2hHecMxO36JeRvUf',#18,'Pset_WindowCommon',$,(#1200,#6143));
#7792=IFCRELDEFINESBYPROPERTIES('3hM19bsHmDpJd4fal3T3ih',#18,$,$,(#7789),#7790);
#7793=IFCRELDEFINESBYPROPERTIES('0DQ3f2SZNYPYIih2tIjJgS',#18,$,$,(#7789),#7791);
#7794=IFCMAPPEDITEM(#6127,#1188);
#7795=IFCSHAPEREPRESENTATION(#101,'Body','MappedRepresentation',(#7794));
#7796=IFCPRODUCTDEFINITIONSHAPE($,$,(#7795));
#7797=IFCCARTESIANPOINT((20583.073042068827,-2257.9730203213257,305.));
#7798=IFCAXIS2PLACEMENT3D(#7797,#9,#8);
#7800=IFCWINDOW('2cXV28XOjE6f6irgi0COIC',#18,'M_Fixed:0915 x 1830mm:355808',$,'M_Fixed:0915 x 1830mm',#15126,#7796,'355808',1829.9999999999982,914.99999999999932);
#7801=IFCPROPERTYSET('0fLNqzS4wMNaMG$ixAtOmA',#18,'Pset_QuantityTakeOff',$,(#6143));
#7802=IFCPROPERTYSET('1Dzi1_s$XcOhew7X7W$9as',#18,'Pset_WindowCommon',$,(#1200,#6143));
#7803=IFCRELDEFINESBYPROPERTIES('2IspeUnW6xKu6IaKLvtros',#18,$,$,(#7800),#7801);
#7804=IFCRELDEFINESBYPROPERTIES('25OjQy6K6PMkrfNFXiZn$_',#18,$,$,(#7800),#7802);
#7805=IFCMAPPEDITEM(#6127,#1188);
#7806=IFCSHAPEREPRESENTATION(#101,'Body','MappedRepresentation',(#7805));
#7807=IFCPRODUCTDEFINITIONSHAPE($,$,(#7806));
#7808=IFCCARTESIANPOINT((20583.073042068838,-442.97302032132461,305.));
#7809=IFCAXIS2PLACEMENT3D(#7808,#9,#8);
#7811=IFCWINDOW('2cXV28XOjE6f6irgi0COID',#18,'M_Fixed:0915 x 1830mm:355809',$,'M_Fixed:0915 x 1830mm',#15141,#7807,'355809',1829.9999999999982,914.99999999999932);
#7812=IFCPROPERTYSET('0ao86BRMGD2XTfR8FSvUlq',#18,'Pset_QuantityTakeOff',$,(#6143));
#7813=IFCPROPERTYSET('3LhNiBuIJUirKBEm_Epnb4',#18,'Pset_WindowCommon',$,(#1200,#6143));
#7814=IFCRELDEFINESBYPROPERTIES('2ymbKlE1xjkojfoFibEmZ5',#18,$,$,(#7811),#7812);
#7815=IFCRELDEFINESBYPROPERTIES('3krLs8SFrsfKcNN6DRbVj_',#18,$,$,(#7811),#7813);
#7816=IFCMAPPEDITEM(#6127,#1188);
#7817=IFCSHAPEREPRESENTATION(#101,'Body','MappedRepresentation',(#7816));
#7818=IFCPRODUCTDEFINITIONSHAPE($,$,(#7817));
#7819=IFCCARTESIANPOINT((15045.573042068849,2242.0269796786965,305.));
#7820=IFCAXIS2PLACEMENT3D(#7819,$,$);
#7822=IFCWINDOW('2cXV28XOjE6f6irgi0COIE',#18,'M_Fixed:0915 x 1830mm:355810',$,'M_Fixed:0915 x 1830mm',#15336,#7818,'355810',1829.9999999999982,914.99999999999989);
#7823=IFCPROPERTYSET('3zDjmokRCFZJrLJMJDdzjK',#18,'Pset_QuantityTakeOff',$,(#6143));
#7824=IFCPROPERTYSET('3jMI5Bf7Y7eQ0_H0ewItZF',#18,'Pset_WindowCommon',$,(#1200,#6143));
#7825=IFCRELDEFINESBYPROPERTIES('2WYJ7H_R4XnC_Vrmara3TE',#18,$,$,(#7822),#7823);
#7826=IFCRELDEFINESBYPROPERTIES('2IJLoR0WzU4q6RF5_OF7Vi',#18,$,$,(#7822),#7824);
#7827=IFCMAPPEDITEM(#6127,#1188);
#7828=IFCSHAPEREPRESENTATION(#101,'Body','MappedRepresentation',(#7827));
#7829=IFCPRODUCTDEFINITIONSHAPE($,$,(#7828));
#7830=IFCCARTESIANPOINT((10568.073042068849,2242.0269796787106,305.));
#7831=IFCAXIS2PLACEMENT3D(#7830,$,$);
#7833=IFCWINDOW('2cXV28XOjE6f6irgi0COIF',#18,'M_Fixed:0915 x 1830mm:355811',$,'M_Fixed:0915 x 1830mm',#15351,#7829,'355811',1829.9999999999982,914.99999999999989);
#7834=IFCPROPERTYSET('3JBL6noFNLG6BG2HmmH98a',#18,'Pset_QuantityTakeOff',$,(#6143));
#7835=IFCPROPERTYSET('2FlAM2F4eWzWO7XoMU_04T',#18,'Pset_WindowCommon',$,(#1200,#6143));
#7836=IFCRELDEFINESBYPROPERTIES('2oA9zx7d08L17QUBkvdsEQ',#18,$,$,(#7833),#7834);
#7837=IFCRELDEFINESBYPROPERTIES('3Kv7WbfDbkgDrVLYibqbRV',#18,$,$,(#7833),#7835);
#7838=IFCMAPPEDITEM(#6127,#1188);
#7839=IFCSHAPEREPRESENTATION(#101,'Body','MappedRepresentation',(#7838));
#7840=IFCPRODUCTDEFINITIONSHAPE($,$,(#7839));
#7841=IFCCARTESIANPOINT((6383.0730420688478,2242.0269796787243,305.));
#7842=IFCAXIS2PLACEMENT3D(#7841,$,$);
#7844=IFCWINDOW('2cXV28XOjE6f6irgi0COI8',#18,'M_Fixed:0915 x 1830mm:355812',$,'M_Fixed:0915 x 1830mm',#15366,#7840,'355812',1829.9999999999982,914.99999999999989);
#7845=IFCPROPERTYSET('1fRcaqO1iIlIFABBBdWZkE',#18,'Pset_QuantityTakeOff',$,(#6143));
#7846=IFCPROPERTYSET('2mjcdZ55XX4XGR3XQzLdE8',#18,'Pset_WindowCommon',$,(#1200,#6143));
#7847=IFCRELDEFINESBYPROPERTIES('3lXqkYXtRRpIU$H_09ZkFi',#18,$,$,(#7844),#7845);
#7848=IFCRELDEFINESBYPROPERTIES('39GhXQBliDSbpXK2p2keDJ',#18,$,$,(#7844),#7846);
#7849=IFCMAPPEDITEM(#6127,#1188);
#7850=IFCSHAPEREPRESENTATION(#101,'Body','MappedRepresentation',(#7849));
#7851=IFCPRODUCTDEFINITIONSHAPE($,$,(#7850));
#7852=IFCCARTESIANPOINT((3668.0730420688451,2242.0269796787334,305.));
#7853=IFCAXIS2PLACEMENT3D(#7852,$,$);
#7855=IFCWINDOW('2cXV28XOjE6f6irgi0COI9',#18,'M_Fixed:0915 x 1830mm:355813',$,'M_Fixed:0915 x 1830mm',#15381,#7851,'355813',1829.9999999999982,914.99999999999932);
#7856=IFCPROPERTYSET('29ysRnRMG76QUezm7fiQpH',#18,'Pset_QuantityTakeOff',$,(#6143));
#7857=IFCPROPERTYSET('2WrglbHR3FSgF_ox1WisqN',#18,'Pset_WindowCommon',$,(#1200,#6143));
#7858=IFCRELDEFINESBYPROPERTIES('0OLuXGSgt7NG4cLkbPApPh',#18,$,$,(#7855),#7856);
#7859=IFCRELDEFINESBYPROPERTIES('3pX0rMePzIeKs$CESLVL7H',#18,$,$,(#7855),#7857);
#7860=IFCMAPPEDITEM(#6127,#1188);
#7861=IFCSHAPEREPRESENTATION(#101,'Body','MappedRepresentation',(#7860));
#7862=IFCPRODUCTDEFINITIONSHAPE($,$,(#7861));
#7863=IFCCARTESIANPOINT((1768.073042068831,2242.0269796787393,305.));
#7864=IFCAXIS2PLACEMENT3D(#7863,$,$);
#7866=IFCWINDOW('2cXV28XOjE6f6irgi0COIA',#18,'M_Fixed:0915 x 1830mm:355814',$,'M_Fixed:0915 x 1830mm',#15396,#7862,'355814',1829.9999999999982,914.99999999999932);
#7867=IFCPROPERTYSET('0PwcmS2gv2ETbd6BQ0$ahI',#18,'Pset_QuantityTakeOff',$,(#6143));
#7868=IFCPROPERTYSET('3Va8q6Evwb$AdUx$R9OA2Q',#18,'Pset_WindowCommon',$,(#1200,#6143));
#7869=IFCRELDEFINESBYPROPERTIES('1INFscySI2nkw5UdPfek3f',#18,$,$,(#7866),#7867);
#7870=IFCRELDEFINESBYPROPERTIES('0HbaQ3epgk9krmw4EaxXdG',#18,$,$,(#7866),#7868);
#7871=IFCMAPPEDITEM(#6127,#1188);
#7872=IFCSHAPEREPRESENTATION(#101,'Body','MappedRepresentation',(#7871));
#7873=IFCPRODUCTDEFINITIONSHAPE($,$,(#7872));
#7874=IFCCARTESIANPOINT((1940.5730420687771,-5557.9730203212675,305.));
#7875=IFCAXIS2PLACEMENT3D(#7874,#9,#6);
#7877=IFCWINDOW('2cXV28XOjE6f6irgi0COIB',#18,'M_Fixed:0915 x 1830mm:355815',$,'M_Fixed:0915 x 1830mm',#15276,#7873,'355815',1829.9999999999982,914.99999999999955);
#7878=IFCPROPERTYSET('3W4Iy8w1FIk5vpYDP6RnQ4',#18,'Pset_QuantityTakeOff',$,(#6143));
#7879=IFCPROPERTYSET('14NLqumSQzLX3UgXpLVnE0',#18,'Pset_WindowCommon',$,(#1200,#6143));
#7880=IFCRELDEFINESBYPROPERTIES('3wfaXwoKku0l6LPkgZnvsW',#18,$,$,(#7877),#7878);
#7881=IFCRELDEFINESBYPROPERTIES('3hUBELfw8GRp97clAEk93A',#18,$,$,(#7877),#7879);
#7882=IFCAXIS2PLACEMENT3D(#3,$,$);
#7883=IFCLOCALPLACEMENT(#111,#7882);
#7884=IFCCARTESIANPOINT((4.5474735088646412E-13,0.));
#7885=IFCAXIS2PLACEMENT2D(#7884,#11);
#7886=IFCRECTANGLEPROFILEDEF(.AREA.,$,#7885,7800.0000000000036,19800.000000000033);
#7887=IFCCARTESIANPOINT((10683.073042068814,-1657.9730203212926,0.));
#7888=IFCAXIS2PLACEMENT3D(#7887,#10,#7);
#7889=IFCEXTRUDEDAREASOLID(#7886,#7888,#9,149.99999999999997);
#7890=IFCSTYLEDITEM(#7889,(#6307),$);
#7891=IFCSHAPEREPRESENTATION(#101,'Body','SweptSolid',(#7889));
#7892=IFCPRODUCTDEFINITIONSHAPE($,$,(#7891));
#7893=IFCSLAB('2cXV28XOjE6f6irgi0COI6',#18,'Floor:Generic 150mm:355818',$,'Floor:Generic 150mm',#7883,#7892,'355818',.FLOOR.);
#7894=IFCPROPERTYSET('0o9P95tej0ONQf4Cqx9Wmv',#18,'Pset_QuantityTakeOff',$,(#6321));
#7895=IFCPROPERTYSINGLEVALUE('Reference',$,IFCLABEL('Generic 150mm'),$);
#7896=IFCPROPERTYSET('3WFvZqi4Kf1AspakZBwO5P',#18,'Pset_ReinforcementBarPitchOfSlab',$,(#7895));
#7897=IFCPROPERTYSET('1_yY5NRQqcqeLsIy8Q6na1',#18,'Pset_SlabCommon',$,(#338,#1200,#6321,#6325));
#7898=IFCRELDEFINESBYPROPERTIES('2_xVbfiVCX4NiFops2YdXf',#18,$,$,(#7893),#7894);
#7899=IFCRELDEFINESBYPROPERTIES('0ExhpbIuRi9PrvL_9xD7Sd',#18,$,$,(#7893),#7896);
#7900=IFCRELDEFINESBYPROPERTIES('2labR5HMvwcfca$s_TD3av',#18,$,$,(#7893),#7897);
#7901=IFCAXIS2PLACEMENT3D(#7903,$,$);
#7902=IFCLOCALPLACEMENT(#115,#7901);
#7903=IFCCARTESIANPOINT((783.07304206877473,-5557.9730203213276,0.));
#7904=IFCROOF('2cXV28XOjE6f6irgi0COSw',#18,'Basic Roof:Generic - 400mm:355926',$,'Basic Roof:Generic - 400mm',#7902,$,'355926',.NOTDEFINED.);
#7905=IFCAXIS2PLACEMENT3D(#3,$,$);
#7907=IFCPRODUCTDEFINITIONSHAPE($,$,(#7919));
#7908=IFCCARTESIANPOINT((0.,0.));
#7909=IFCAXIS2PLACEMENT2D(#7908,#13);
#7910=IFCRECTANGLEPROFILEDEF(.AREA.,$,#7909,7800.0000000000036,19800.000000000036);
#7911=IFCCARTESIANPOINT((9900.,3900.,0.));
#7912=IFCAXIS2PLACEMENT3D(#7911,$,$);
#7913=IFCEXTRUDEDAREASOLID(#7910,#7912,#9,400.);
#7914=IFCCOLOURRGB($,0.,0.49803921568627452,0.);
#7915=IFCSURFACESTYLERENDERING(#7914,0.,$,$,$,$,IFCNORMALISEDRATIOMEASURE(0.5),IFCSPECULAREXPONENT(64.),.NOTDEFINED.);
#7916=IFCSURFACESTYLE('Default Roof',.BOTH.,(#7915));
#7917=IFCPRESENTATIONSTYLEASSIGNMENT((#7916));
#7918=IFCSTYLEDITEM(#7913,(#7917),$);
#7919=IFCSHAPEREPRESENTATION(#101,'Body','SweptSolid',(#7913));
#7920=IFCAXIS2PLACEMENT3D(#3,$,$);
#7921=IFCLOCALPLACEMENT(#7902,#15463);
#7922=IFCSLAB('2cXV28XOjE6f6irga0COSw',#18,'Basic Roof:Generic - 400mm:355926',$,'Basic Roof:Generic - 400mm',#7921,#7907,'355926',.ROOF.);
#7923=IFCTYPEPRODUCT('3Zu5Bv0LOHrPC10026FoRY',#18,'Basic Roof:Generic - 400mm',$,$,$,$,'335');
#7924=IFCMATERIAL('Default Roof');
#7925=IFCPRESENTATIONSTYLEASSIGNMENT((#7916));
#7926=IFCSTYLEDITEM($,(#7925),$);
#7927=IFCSTYLEDREPRESENTATION(#99,'Style','Material',(#7926));
#7928=IFCMATERIALDEFINITIONREPRESENTATION($,$,(#7927),#7924);
#7929=IFCMATERIALLAYER(#7924,400.,$);
#7930=IFCMATERIALLAYERSET((#7929),'Basic Roof:Generic - 400mm');
#7931=IFCRELAGGREGATES('33F4_hyY6xSYItgmptOdwO',#18,$,$,#7904,(#7922));
#7932=IFCPROPERTYSINGLEVALUE('Reference',$,IFCIDENTIFIER('Generic - 400mm'),$);
#7933=IFCPROPERTYSET('14_EgpEzrBqZ4Vh3FIKPN2',#18,'Pset_QuantityTakeOff',$,(#7932));
#7934=IFCPROPERTYSINGLEVALUE('ProjectedArea',$,IFCAREAMEASURE(154.44000000000037),$);
#7935=IFCPROPERTYSINGLEVALUE('TotalArea',$,IFCAREAMEASURE(154.44000000000037),$);
#7936=IFCPROPERTYSET('2Fl7XRUiK1iO33AFPzMpVa',#18,'Pset_RoofCommon',$,(#336,#7932,#7934,#7935));
#7937=IFCPROPERTYSET('3klsYRLuv1Yhcf$0wLPcNM',#18,'Pset_QuantityTakeOff',$,(#7932));
#7938=IFCPROPERTYSINGLEVALUE('Reference',$,IFCLABEL('Generic - 400mm'),$);
#7939=IFCPROPERTYSET('22conn5z__3q_2tJzkPI6O',#18,'Pset_ReinforcementBarPitchOfSlab',$,(#7938));
#7940=IFCPROPERTYSET('1kvWNoTuqa_t2Mr$hfZFxG',#18,'Pset_SlabCommon',$,(#336,#6325,#7932));
#7941=IFCRELDEFINESBYPROPERTIES('0jXeYfSyZG$fGXxWzeOv6v',#18,$,$,(#7904),#7933);
#7942=IFCRELDEFINESBYPROPERTIES('2EZKicLIZjDVOpb63Yjg9E',#18,$,$,(#7904),#7936);
#7943=IFCRELDEFINESBYPROPERTIES('0Fq1d7V8FGSpFqDrt7nXDQ',#18,$,$,(#7922),#7937);
#7944=IFCRELDEFINESBYPROPERTIES('3890FN_NY66D8RVMSuDKmq',#18,$,$,(#7922),#7939);
#7945=IFCRELDEFINESBYPROPERTIES('3dLrrE$IDw$bct6lOPoc$E',#18,$,$,(#7922),#7940);
#7946=IFCAXIS2PLACEMENT3D(#3,$,$);
#7948=IFCCARTESIANPOINT((386.84999999998587,0.,704.84999999999991));
#7949=IFCCARTESIANPOINT((386.84999999998587,0.,603.24999999999989));
#7950=IFCCARTESIANPOINT((18.549999999986039,0.,603.24999999999989));
#7951=IFCCARTESIANPOINT((18.549999999986039,0.,704.84999999999991));
#7952=IFCPOLYLOOP((#7948,#7949,#7950,#7951));
#7953=IFCFACEOUTERBOUND(#7952,.T.);
#7954=IFCFACE((#7953));
#7955=IFCCARTESIANPOINT((386.84999999998598,-12.699999999674231,704.84999999999991));
#7956=IFCCARTESIANPOINT((386.84999999998598,-12.699999999674231,603.24999999999989));
#7957=IFCPOLYLOOP((#7949,#7948,#7955,#7956));
#7958=IFCFACEOUTERBOUND(#7957,.T.);
#7959=IFCFACE((#7958));
#7960=IFCCARTESIANPOINT((18.549999999986106,-12.699999999675313,603.24999999999989));
#7961=IFCPOLYLOOP((#7950,#7949,#7956,#7960));
#7962=IFCFACEOUTERBOUND(#7961,.T.);
#7963=IFCFACE((#7962));
#7964=IFCCARTESIANPOINT((18.549999999986106,-12.699999999675313,704.84999999999991));
#7965=IFCPOLYLOOP((#7951,#7950,#7960,#7964));
#7966=IFCFACEOUTERBOUND(#7965,.T.);
#7967=IFCFACE((#7966));
#7968=IFCPOLYLOOP((#7948,#7951,#7964,#7955));
#7969=IFCFACEOUTERBOUND(#7968,.T.);
#7970=IFCFACE((#7969));
#7971=IFCPOLYLOOP((#7955,#7964,#7960,#7956));
#7972=IFCFACEOUTERBOUND(#7971,.T.);
#7973=IFCFACE((#7972));
#7974=IFCCARTESIANPOINT((18.549999999988746,-12.699999999675313,584.19999999999982));
#7975=IFCCARTESIANPOINT((18.549999999988746,-12.699999999675313,171.0499999999999));
#7976=IFCCARTESIANPOINT((386.84999999998598,-12.699999999674231,171.0499999999999));
#7977=IFCCARTESIANPOINT((386.84999999998598,-12.699999999674231,584.19999999999982));
#7978=IFCPOLYLOOP((#7974,#7975,#7976,#7977));
#7979=IFCFACEOUTERBOUND(#7978,.T.);
#7980=IFCFACE((#7979));
#7981=IFCCARTESIANPOINT((386.84999999998587,0.,584.19999999999982));
#7982=IFCCARTESIANPOINT((18.549999999988678,0.,584.19999999999982));
#7983=IFCPOLYLOOP((#7981,#7982,#7974,#7977));
#7984=IFCFACEOUTERBOUND(#7983,.T.);
#7985=IFCFACE((#7984));
#7986=IFCCARTESIANPOINT((386.84999999998587,0.,171.0499999999999));
#7987=IFCPOLYLOOP((#7986,#7981,#7977,#7976));
#7988=IFCFACEOUTERBOUND(#7987,.T.);
#7989=IFCFACE((#7988));
#7990=IFCCARTESIANPOINT((18.549999999988678,0.,171.0499999999999));
#7991=IFCPOLYLOOP((#7990,#7986,#7976,#7975));
#7992=IFCFACEOUTERBOUND(#7991,.T.);
#7993=IFCFACE((#7992));
#7994=IFCPOLYLOOP((#7982,#7990,#7975,#7974));
#7995=IFCFACEOUTERBOUND(#7994,.T.);
#7996=IFCFACE((#7995));
#7997=IFCPOLYLOOP((#7982,#7981,#7986,#7990));
#7998=IFCFACEOUTERBOUND(#7997,.T.);
#7999=IFCFACE((#7998));
#8000=IFCCARTESIANPOINT((1137.1499999999983,0.,704.85000000000002));
#8001=IFCCARTESIANPOINT((1505.449999999993,0.,704.85000000000002));
#8002=IFCCARTESIANPOINT((1505.449999999993,0.,602.85000000000002));
#8003=IFCCARTESIANPOINT((1137.1499999999985,0.,602.85000000000002));
#8004=IFCPOLYLOOP((#8000,#8001,#8002,#8003));
#8005=IFCFACEOUTERBOUND(#8004,.T.);
#8006=IFCFACE((#8005));
#8007=IFCCARTESIANPOINT((1137.1499999999985,-12.69999999966811,704.85000000000002));
#8008=IFCCARTESIANPOINT((1505.449999999993,-12.699999999665753,704.85000000000002));
#8009=IFCPOLYLOOP((#8001,#8000,#8007,#8008));
#8010=IFCFACEOUTERBOUND(#8009,.T.);
#8011=IFCFACE((#8010));
#8012=IFCCARTESIANPOINT((1505.449999999993,-12.699999999665753,602.85000000000002));
#8013=IFCPOLYLOOP((#8002,#8001,#8008,#8012));
#8014=IFCFACEOUTERBOUND(#8013,.T.);
#8015=IFCFACE((#8014));
#8016=IFCCARTESIANPOINT((1137.1499999999985,-12.69999999966811,602.85000000000002));
#8017=IFCPOLYLOOP((#8003,#8002,#8012,#8016));
#8018=IFCFACEOUTERBOUND(#8017,.T.);
#8019=IFCFACE((#8018));
#8020=IFCPOLYLOOP((#8000,#8003,#8016,#8007));
#8021=IFCFACEOUTERBOUND(#8020,.T.);
#8022=IFCFACE((#8021));
#8023=IFCPOLYLOOP((#8007,#8016,#8012,#8008));
#8024=IFCFACEOUTERBOUND(#8023,.T.);
#8025=IFCFACE((#8024));
#8026=IFCCARTESIANPOINT((1505.449999999993,-12.699999999665753,583.79999999999995));
#8027=IFCCARTESIANPOINT((1137.1499999999985,-12.69999999966811,583.79999999999995));
#8028=IFCCARTESIANPOINT((1137.1499999999985,-12.69999999966811,482.19999999999993));
#8029=IFCCARTESIANPOINT((1505.449999999993,-12.699999999665753,482.19999999999993));
#8030=IFCPOLYLOOP((#8026,#8027,#8028,#8029));
#8031=IFCFACEOUTERBOUND(#8030,.T.);
#8032=IFCFACE((#8031));
#8033=IFCCARTESIANPOINT((1505.449999999993,0.,482.19999999999993));
#8034=IFCCARTESIANPOINT((1505.449999999993,0.,583.79999999999995));
#8035=IFCPOLYLOOP((#8033,#8034,#8026,#8029));
#8036=IFCFACEOUTERBOUND(#8035,.T.);
#8037=IFCFACE((#8036));
#8038=IFCCARTESIANPOINT((1137.1499999999985,0.,482.19999999999993));
#8039=IFCPOLYLOOP((#8038,#8033,#8029,#8028));
#8040=IFCFACEOUTERBOUND(#8039,.T.);
#8041=IFCFACE((#8040));
#8042=IFCCARTESIANPOINT((1137.1499999999985,0.,583.79999999999995));
#8043=IFCPOLYLOOP((#8042,#8038,#8028,#8027));
#8044=IFCFACEOUTERBOUND(#8043,.T.);
#8045=IFCFACE((#8044));
#8046=IFCPOLYLOOP((#8034,#8042,#8027,#8026));
#8047=IFCFACEOUTERBOUND(#8046,.T.);
#8048=IFCFACE((#8047));
#8049=IFCPOLYLOOP((#8034,#8033,#8038,#8042));
#8050=IFCFACEOUTERBOUND(#8049,.T.);
#8051=IFCFACE((#8050));
#8052=IFCCARTESIANPOINT((1505.449999999993,0.,171.04999999999981));
#8053=IFCCARTESIANPOINT((1505.449999999993,0.,342.50000000000006));
#8054=IFCCARTESIANPOINT((1505.449999999993,-12.699999999665753,342.50000000000006));
#8055=IFCCARTESIANPOINT((1505.449999999993,-12.699999999665753,171.04999999999981));
#8056=IFCPOLYLOOP((#8052,#8053,#8054,#8055));
#8057=IFCFACEOUTERBOUND(#8056,.T.);
#8058=IFCFACE((#8057));
#8059=IFCCARTESIANPOINT((1137.1499999999933,0.,171.04999999999981));
#8060=IFCCARTESIANPOINT((1137.1499999999935,-12.69999999966811,171.04999999999981));
#8061=IFCPOLYLOOP((#8059,#8052,#8055,#8060));
#8062=IFCFACEOUTERBOUND(#8061,.T.);
#8063=IFCFACE((#8062));
#8064=IFCCARTESIANPOINT((1137.1499999999933,0.,342.50000000000006));
#8065=IFCCARTESIANPOINT((1137.1499999999935,-12.69999999966811,342.50000000000006));
#8066=IFCPOLYLOOP((#8064,#8059,#8060,#8065));
#8067=IFCFACEOUTERBOUND(#8066,.T.);
#8068=IFCFACE((#8067));
#8069=IFCPOLYLOOP((#8053,#8064,#8065,#8054));
#8070=IFCFACEOUTERBOUND(#8069,.T.);
#8071=IFCFACE((#8070));
#8072=IFCPOLYLOOP((#8054,#8065,#8060,#8055));
#8073=IFCFACEOUTERBOUND(#8072,.T.);
#8074=IFCFACE((#8073));
#8075=IFCPOLYLOOP((#8053,#8052,#8059,#8064));
#8076=IFCFACEOUTERBOUND(#8075,.T.);
#8077=IFCFACE((#8076));
#8078=IFCCARTESIANPOINT((1505.449999999993,0.,361.55000000000001));
#8079=IFCCARTESIANPOINT((1505.449999999993,0.,463.14999999999998));
#8080=IFCCARTESIANPOINT((1505.449999999993,-12.699999999665753,463.14999999999998));
#8081=IFCCARTESIANPOINT((1505.449999999993,-12.699999999665753,361.55000000000001));
#8082=IFCPOLYLOOP((#8078,#8079,#8080,#8081));
#8083=IFCFACEOUTERBOUND(#8082,.T.);
#8084=IFCFACE((#8083));
#8085=IFCCARTESIANPOINT((1137.1499999999933,0.,361.55000000000001));
#8086=IFCCARTESIANPOINT((1137.1499999999935,-12.69999999966811,361.55000000000001));
#8087=IFCPOLYLOOP((#8085,#8078,#8081,#8086));
#8088=IFCFACEOUTERBOUND(#8087,.T.);
#8089=IFCFACE((#8088));
#8090=IFCCARTESIANPOINT((1137.1499999999933,0.,463.14999999999998));
#8091=IFCCARTESIANPOINT((1137.1499999999935,-12.69999999966811,463.14999999999998));
#8092=IFCPOLYLOOP((#8090,#8085,#8086,#8091));
#8093=IFCFACEOUTERBOUND(#8092,.T.);
#8094=IFCFACE((#8093));
#8095=IFCPOLYLOOP((#8079,#8090,#8091,#8080));
#8096=IFCFACEOUTERBOUND(#8095,.T.);
#8097=IFCFACE((#8096));
#8098=IFCPOLYLOOP((#8080,#8091,#8086,#8081));
#8099=IFCFACEOUTERBOUND(#8098,.T.);
#8100=IFCFACE((#8099));
#8101=IFCPOLYLOOP((#8079,#8078,#8085,#8090));
#8102=IFCFACEOUTERBOUND(#8101,.T.);
#8103=IFCFACE((#8102));
#8104=IFCCARTESIANPOINT((101.10000000000301,0.,152.));
#8105=IFCCARTESIANPOINT((101.10000000000301,101.60000000001909,152.));
#8106=IFCCARTESIANPOINT((-0.49999999999659545,101.60000000001909,152.));
#8107=IFCCARTESIANPOINT((-0.49999999999660388,0.,152.));
#8108=IFCPOLYLOOP((#8104,#8105,#8106,#8107));
#8109=IFCFACEOUTERBOUND(#8108,.T.);
#8110=IFCFACE((#8109));
#8111=IFCCARTESIANPOINT((75.700000000003925,0.,0.));
#8112=IFCCARTESIANPOINT((-0.49999999999633954,0.,0.));
#8113=IFCCARTESIANPOINT((-0.49999999999632472,76.200000000018562,0.));
#8114=IFCCARTESIANPOINT((75.700000000003925,76.200000000018548,0.));
#8115=IFCPOLYLOOP((#8111,#8112,#8113,#8114));
#8116=IFCFACEOUTERBOUND(#8115,.T.);
#8117=IFCFACE((#8116));
#8118=IFCPOLYLOOP((#8111,#8114,#8105,#8104));
#8119=IFCFACEOUTERBOUND(#8118,.T.);
#8120=IFCFACE((#8119));
#8121=IFCPOLYLOOP((#8114,#8113,#8106,#8105));
#8122=IFCFACEOUTERBOUND(#8121,.T.);
#8123=IFCFACE((#8122));
#8124=IFCPOLYLOOP((#8113,#8112,#8107,#8106));
#8125=IFCFACEOUTERBOUND(#8124,.T.);
#8126=IFCFACE((#8125));
#8127=IFCPOLYLOOP((#8112,#8111,#8104,#8107));
#8128=IFCFACEOUTERBOUND(#8127,.T.);
#8129=IFCFACE((#8128));
#8130=IFCCARTESIANPOINT((101.09999999998388,762.,152.));
#8131=IFCCARTESIANPOINT((-0.50000000001727984,762.,152.));
#8132=IFCCARTESIANPOINT((-0.50000000001729683,660.39999999999054,152.));
#8133=IFCCARTESIANPOINT((101.09999999998388,660.39999999999054,152.));
#8134=IFCPOLYLOOP((#8130,#8131,#8132,#8133));
#8135=IFCFACEOUTERBOUND(#8134,.T.);
#8136=IFCFACE((#8135));
#8137=IFCCARTESIANPOINT((75.699999999983802,762.,0.));
#8138=IFCCARTESIANPOINT((75.699999999983802,685.79999999999131,0.));
#8139=IFCCARTESIANPOINT((-0.49999999999597572,685.79999999999131,0.));
#8140=IFCCARTESIANPOINT((-0.49999999999596095,762.,0.));
#8141=IFCPOLYLOOP((#8137,#8138,#8139,#8140));
#8142=IFCFACEOUTERBOUND(#8141,.T.);
#8143=IFCFACE((#8142));
#8144=IFCPOLYLOOP((#8137,#8140,#8131,#8130));
#8145=IFCFACEOUTERBOUND(#8144,.T.);
#8146=IFCFACE((#8145));
#8147=IFCPOLYLOOP((#8140,#8139,#8132,#8131));
#8148=IFCFACEOUTERBOUND(#8147,.T.);
#8149=IFCFACE((#8148));
#8150=IFCPOLYLOOP((#8139,#8138,#8133,#8132));
#8151=IFCFACEOUTERBOUND(#8150,.T.);
#8152=IFCFACE((#8151));
#8153=IFCPOLYLOOP((#8138,#8137,#8130,#8133));
#8154=IFCFACEOUTERBOUND(#8153,.T.);
#8155=IFCFACE((#8154));
#8156=IFCCARTESIANPOINT((1422.8999999999874,762.,152.));
#8157=IFCCARTESIANPOINT((1422.8999999999874,660.399999999996,152.));
#8158=IFCCARTESIANPOINT((1524.4999999999873,660.399999999996,152.));
#8159=IFCCARTESIANPOINT((1524.4999999999873,762.,152.));
#8160=IFCPOLYLOOP((#8156,#8157,#8158,#8159));
#8161=IFCFACEOUTERBOUND(#8160,.T.);
#8162=IFCFACE((#8161));
#8163=IFCCARTESIANPOINT((1448.2999999999874,762.,0.));
#8164=IFCCARTESIANPOINT((1524.5000000000043,762.,0.));
#8165=IFCCARTESIANPOINT((1524.5000000000043,685.799999999997,0.));
#8166=IFCCARTESIANPOINT((1448.2999999999874,685.799999999997,0.));
#8167=IFCPOLYLOOP((#8163,#8164,#8165,#8166));
#8168=IFCFACEOUTERBOUND(#8167,.T.);
#8169=IFCFACE((#8168));
#8170=IFCPOLYLOOP((#8163,#8166,#8157,#8156));
#8171=IFCFACEOUTERBOUND(#8170,.T.);
#8172=IFCFACE((#8171));
#8173=IFCPOLYLOOP((#8166,#8165,#8158,#8157));
#8174=IFCFACEOUTERBOUND(#8173,.T.);
#8175=IFCFACE((#8174));
#8176=IFCPOLYLOOP((#8165,#8164,#8159,#8158));
#8177=IFCFACEOUTERBOUND(#8176,.T.);
#8178=IFCFACE((#8177));
#8179=IFCPOLYLOOP((#8164,#8163,#8156,#8159));
#8180=IFCFACEOUTERBOUND(#8179,.T.);
#8181=IFCFACE((#8180));
#8182=IFCCARTESIANPOINT((1422.8999999999749,0.,152.));
#8183=IFCCARTESIANPOINT((1524.4999999999748,0.,152.));
#8184=IFCCARTESIANPOINT((1524.4999999999748,101.59999999999897,152.));
#8185=IFCCARTESIANPOINT((1422.8999999999749,101.59999999999897,152.));
#8186=IFCPOLYLOOP((#8182,#8183,#8184,#8185));
#8187=IFCFACEOUTERBOUND(#8186,.T.);
#8188=IFCFACE((#8187));
#8189=IFCCARTESIANPOINT((1448.2999999999754,0.,0.));
#8190=IFCCARTESIANPOINT((1448.2999999999754,76.199999999998752,0.));
#8191=IFCCARTESIANPOINT((1524.499999999975,76.199999999998738,0.));
#8192=IFCCARTESIANPOINT((1524.499999999975,0.,0.));
#8193=IFCPOLYLOOP((#8189,#8190,#8191,#8192));
#8194=IFCFACEOUTERBOUND(#8193,.T.);
#8195=IFCFACE((#8194));
#8196=IFCPOLYLOOP((#8189,#8192,#8183,#8182));
#8197=IFCFACEOUTERBOUND(#8196,.T.);
#8198=IFCFACE((#8197));
#8199=IFCPOLYLOOP((#8192,#8191,#8184,#8183));
#8200=IFCFACEOUTERBOUND(#8199,.T.);
#8201=IFCFACE((#8200));
#8202=IFCPOLYLOOP((#8191,#8190,#8185,#8184));
#8203=IFCFACEOUTERBOUND(#8202,.T.);
#8204=IFCFACE((#8203));
#8205=IFCPOLYLOOP((#8190,#8189,#8182,#8185));
#8206=IFCFACEOUTERBOUND(#8205,.T.);
#8207=IFCFACE((#8206));
#8208=IFCCARTESIANPOINT((-19.549999999996096,-19.049999999969543,762.));
#8209=IFCCARTESIANPOINT((1543.5500000000043,-19.049999999969682,762.));
#8210=IFCCARTESIANPOINT((1543.5500000000043,781.04999999999029,762.));
#8211=IFCCARTESIANPOINT((-19.549999999996096,781.04999999999052,762.));
#8212=IFCPOLYLOOP((#8208,#8209,#8210,#8211));
#8213=IFCFACEOUTERBOUND(#8212,.T.);
#8214=IFCFACE((#8213));
#8215=IFCCARTESIANPOINT((-19.549999999996096,-19.049999999969543,723.89999999999986));
#8216=IFCCARTESIANPOINT((-19.549999999996096,781.04999999999052,723.89999999999986));
#8217=IFCCARTESIANPOINT((1543.5500000000043,781.04999999999029,723.89999999999986));
#8218=IFCCARTESIANPOINT((1543.5500000000043,-19.049999999969682,723.89999999999986));
#8219=IFCPOLYLOOP((#8215,#8216,#8217,#8218));
#8220=IFCFACEOUTERBOUND(#8219,.T.);
#8221=IFCFACE((#8220));
#8222=IFCPOLYLOOP((#8209,#8208,#8215,#8218));
#8223=IFCFACEOUTERBOUND(#8222,.T.);
#8224=IFCFACE((#8223));
#8225=IFCPOLYLOOP((#8210,#8209,#8218,#8217));
#8226=IFCFACEOUTERBOUND(#8225,.T.);
#8227=IFCFACE((#8226));
#8228=IFCPOLYLOOP((#8211,#8210,#8217,#8216));
#8229=IFCFACEOUTERBOUND(#8228,.T.);
#8230=IFCFACE((#8229));
#8231=IFCPOLYLOOP((#8208,#8211,#8216,#8215));
#8232=IFCFACEOUTERBOUND(#8231,.T.);
#8233=IFCFACE((#8232));
#8234=IFCCARTESIANPOINT((1118.0999999999667,0.,723.89999999999986));
#8235=IFCCARTESIANPOINT((1524.4999999999934,0.,723.89999999999986));
#8236=IFCCARTESIANPOINT((1524.4999999999934,762.,723.89999999999986));
#8237=IFCCARTESIANPOINT((-0.49999999999609629,762.,723.89999999999986));
#8238=IFCCARTESIANPOINT((-0.49999999999609629,0.,723.89999999999986));
#8239=IFCCARTESIANPOINT((405.89999999995376,0.,723.89999999999986));
#8240=IFCCARTESIANPOINT((405.89999999995376,635.,723.89999999999986));
#8241=IFCCARTESIANPOINT((1118.0999999999667,635.,723.89999999999986));
#8242=IFCPOLYLOOP((#8234,#8235,#8236,#8237,#8238,#8239,#8240,#8241));
#8243=IFCFACEOUTERBOUND(#8242,.T.);
#8244=IFCFACE((#8243));
#8245=IFCCARTESIANPOINT((1118.0999999999667,0.,152.));
#8246=IFCCARTESIANPOINT((1118.0999999999667,635.,152.));
#8247=IFCCARTESIANPOINT((405.89999999995376,635.,152.));
#8248=IFCCARTESIANPOINT((405.89999999995376,0.,152.));
#8249=IFCCARTESIANPOINT((-0.49999999999609629,0.,152.));
#8250=IFCCARTESIANPOINT((-0.49999999999609629,762.,152.));
#8251=IFCCARTESIANPOINT((1524.4999999999934,762.,152.));
#8252=IFCCARTESIANPOINT((1524.4999999999934,0.,152.));
#8253=IFCPOLYLOOP((#8245,#8246,#8247,#8248,#8249,#8250,#8251,#8252));
#8254=IFCFACEOUTERBOUND(#8253,.T.);
#8255=IFCFACE((#8254));
#8256=IFCPOLYLOOP((#8235,#8234,#8245,#8252));
#8257=IFCFACEOUTERBOUND(#8256,.T.);
#8258=IFCFACE((#8257));
#8259=IFCPOLYLOOP((#8236,#8235,#8252,#8251));
#8260=IFCFACEOUTERBOUND(#8259,.T.);
#8261=IFCFACE((#8260));
#8262=IFCPOLYLOOP((#8237,#8236,#8251,#8250));
#8263=IFCFACEOUTERBOUND(#8262,.T.);
#8264=IFCFACE((#8263));
#8265=IFCPOLYLOOP((#8238,#8237,#8250,#8249));
#8266=IFCFACEOUTERBOUND(#8265,.T.);
#8267=IFCFACE((#8266));
#8268=IFCPOLYLOOP((#8239,#8238,#8249,#8248));
#8269=IFCFACEOUTERBOUND(#8268,.T.);
#8270=IFCFACE((#8269));
#8271=IFCPOLYLOOP((#8240,#8239,#8248,#8247));
#8272=IFCFACEOUTERBOUND(#8271,.T.);
#8273=IFCFACE((#8272));
#8274=IFCPOLYLOOP((#8241,#8240,#8247,#8246));
#8275=IFCFACEOUTERBOUND(#8274,.T.);
#8276=IFCFACE((#8275));
#8277=IFCPOLYLOOP((#8234,#8241,#8246,#8245));
#8278=IFCFACEOUTERBOUND(#8277,.T.);
#8279=IFCFACE((#8278));
#8280=IFCCARTESIANPOINT((158.25000000001668,-12.69999999955934,666.74999999999511));
#8281=IFCCARTESIANPOINT((158.25000000001668,-12.69999999955934,654.04999999999529));
#8282=IFCCARTESIANPOINT((151.90000000001649,-12.699999999559383,654.04999999999529));
#8283=IFCCARTESIANPOINT((151.90000000001649,-12.699999999559383,666.74999999999511));
#8284=IFCPOLYLOOP((#8280,#8281,#8282,#8283));
#8285=IFCFACEOUTERBOUND(#8284,.T.);
#8286=IFCFACE((#8285));
#8287=IFCCARTESIANPOINT((158.25000000001688,-31.749999999998703,666.74999999999511));
#8288=IFCCARTESIANPOINT((158.25000000001688,-31.749999999998678,654.04999999999529));
#8289=IFCPOLYLOOP((#8281,#8280,#8287,#8288));
#8290=IFCFACEOUTERBOUND(#8289,.T.);
#8291=IFCFACE((#8290));
#8292=IFCCARTESIANPOINT((151.90000000001672,-38.099999999998921,654.04999999999529));
#8293=IFCPOLYLOOP((#8282,#8281,#8288,#8292));
#8294=IFCFACEOUTERBOUND(#8293,.T.);
#8295=IFCFACE((#8294));
#8296=IFCCARTESIANPOINT((151.90000000001672,-38.099999999998921,666.74999999999511));
#8297=IFCPOLYLOOP((#8283,#8282,#8292,#8296));
#8298=IFCFACEOUTERBOUND(#8297,.T.);
#8299=IFCFACE((#8298));
#8300=IFCPOLYLOOP((#8280,#8283,#8296,#8287));
#8301=IFCFACEOUTERBOUND(#8300,.T.);
#8302=IFCFACE((#8301));
#8303=IFCCARTESIANPOINT((247.150000000018,-31.749999999998142,666.74999999999511));
#8304=IFCCARTESIANPOINT((247.150000000018,-31.749999999998142,654.04999999999529));
#8305=IFCPOLYLOOP((#8288,#8287,#8303,#8304));
#8306=IFCFACEOUTERBOUND(#8305,.T.);
#8307=IFCFACE((#8306));
#8308=IFCCARTESIANPOINT((253.50000000001822,-38.099999999998282,654.04999999999529));
#8309=IFCPOLYLOOP((#8292,#8288,#8304,#8308));
#8310=IFCFACEOUTERBOUND(#8309,.T.);
#8311=IFCFACE((#8310));
#8312=IFCCARTESIANPOINT((253.50000000001822,-38.099999999998282,666.74999999999511));
#8313=IFCPOLYLOOP((#8296,#8292,#8308,#8312));
#8314=IFCFACEOUTERBOUND(#8313,.T.);
#8315=IFCFACE((#8314));
#8316=IFCPOLYLOOP((#8287,#8296,#8312,#8303));
#8317=IFCFACEOUTERBOUND(#8316,.T.);
#8318=IFCFACE((#8317));
#8319=IFCCARTESIANPOINT((247.15000000001785,-12.699999999558788,666.74999999999511));
#8320=IFCCARTESIANPOINT((247.15000000001785,-12.699999999558788,654.04999999999529));
#8321=IFCPOLYLOOP((#8304,#8303,#8319,#8320));
#8322=IFCFACEOUTERBOUND(#8321,.T.);
#8323=IFCFACE((#8322));
#8324=IFCCARTESIANPOINT((253.50000000001805,-12.699999999558738,654.04999999999529));
#8325=IFCPOLYLOOP((#8308,#8304,#8320,#8324));
#8326=IFCFACEOUTERBOUND(#8325,.T.);
#8327=IFCFACE((#8326));
#8328=IFCCARTESIANPOINT((253.50000000001805,-12.699999999558738,666.74999999999511));
#8329=IFCPOLYLOOP((#8312,#8308,#8324,#8328));
#8330=IFCFACEOUTERBOUND(#8329,.T.);
#8331=IFCFACE((#8330));
#8332=IFCPOLYLOOP((#8303,#8312,#8328,#8319));
#8333=IFCFACEOUTERBOUND(#8332,.T.);
#8334=IFCFACE((#8333));
#8335=IFCPOLYLOOP((#8319,#8328,#8324,#8320));
#8336=IFCFACEOUTERBOUND(#8335,.T.);
#8337=IFCFACE((#8336));
#8338=IFCCARTESIANPOINT((158.2500000000164,-12.69999999955934,533.3999999999877));
#8339=IFCCARTESIANPOINT((158.2500000000164,-12.69999999955934,546.09999999999479));
#8340=IFCCARTESIANPOINT((158.2500000000166,-31.749999999998973,546.09999999999479));
#8341=IFCCARTESIANPOINT((158.2500000000166,-31.749999999998948,533.3999999999877));
#8342=IFCPOLYLOOP((#8338,#8339,#8340,#8341));
#8343=IFCFACEOUTERBOUND(#8342,.T.);
#8344=IFCFACE((#8343));
#8345=IFCCARTESIANPOINT((151.90000000001677,-12.699999999559383,533.3999999999877));
#8346=IFCCARTESIANPOINT((151.900000000017,-38.099999999998644,533.3999999999877));
#8347=IFCPOLYLOOP((#8345,#8338,#8341,#8346));
#8348=IFCFACEOUTERBOUND(#8347,.T.);
#8349=IFCFACE((#8348));
#8350=IFCCARTESIANPOINT((151.90000000001677,-12.699999999559383,546.09999999999479));
#8351=IFCCARTESIANPOINT((151.900000000017,-38.099999999998644,546.09999999999479));
#8352=IFCPOLYLOOP((#8350,#8345,#8346,#8351));
#8353=IFCFACEOUTERBOUND(#8352,.T.);
#8354=IFCFACE((#8353));
#8355=IFCPOLYLOOP((#8339,#8350,#8351,#8340));
#8356=IFCFACEOUTERBOUND(#8355,.T.);
#8357=IFCFACE((#8356));
#8358=IFCCARTESIANPOINT((247.15000000001825,-31.749999999998394,546.09999999999479));
#8359=IFCCARTESIANPOINT((247.15000000001822,-31.749999999998394,533.3999999999877));
#8360=IFCPOLYLOOP((#8341,#8340,#8358,#8359));
#8361=IFCFACEOUTERBOUND(#8360,.T.);
#8362=IFCFACE((#8361));
#8363=IFCCARTESIANPOINT((253.50000000001793,-38.099999999998012,533.3999999999877));
#8364=IFCPOLYLOOP((#8346,#8341,#8359,#8363));
#8365=IFCFACEOUTERBOUND(#8364,.T.);
#8366=IFCFACE((#8365));
#8367=IFCCARTESIANPOINT((253.50000000001793,-38.099999999998012,546.09999999999479));
#8368=IFCPOLYLOOP((#8351,#8346,#8363,#8367));
#8369=IFCFACEOUTERBOUND(#8368,.T.);
#8370=IFCFACE((#8369));
#8371=IFCPOLYLOOP((#8340,#8351,#8367,#8358));
#8372=IFCFACEOUTERBOUND(#8371,.T.);
#8373=IFCFACE((#8372));
#8374=IFCCARTESIANPOINT((247.15000000001814,-12.699999999558788,546.09999999999479));
#8375=IFCCARTESIANPOINT((253.50000000001776,-12.699999999558738,546.09999999999479));
#8376=IFCCARTESIANPOINT((253.50000000001776,-12.699999999558738,533.3999999999877));
#8377=IFCCARTESIANPOINT((247.15000000001814,-12.699999999558788,533.3999999999877));
#8378=IFCPOLYLOOP((#8374,#8375,#8376,#8377));
#8379=IFCFACEOUTERBOUND(#8378,.T.);
#8380=IFCFACE((#8379));
#8381=IFCPOLYLOOP((#8359,#8358,#8374,#8377));
#8382=IFCFACEOUTERBOUND(#8381,.T.);
#8383=IFCFACE((#8382));
#8384=IFCPOLYLOOP((#8363,#8359,#8377,#8376));
#8385=IFCFACEOUTERBOUND(#8384,.T.);
#8386=IFCFACE((#8385));
#8387=IFCPOLYLOOP((#8367,#8363,#8376,#8375));
#8388=IFCFACEOUTERBOUND(#8387,.T.);
#8389=IFCFACE((#8388));
#8390=IFCPOLYLOOP((#8358,#8367,#8375,#8374));
#8391=IFCFACEOUTERBOUND(#8390,.T.);
#8392=IFCFACE((#8391));
#8393=IFCPOLYLOOP((#8339,#8338,#8345,#8350));
#8394=IFCFACEOUTERBOUND(#8393,.T.);
#8395=IFCFACE((#8394));
#8396=IFCCARTESIANPOINT((1365.7499999999936,-12.699999999551663,666.75000000000125));
#8397=IFCCARTESIANPOINT((1372.0999999999938,-12.699999999551595,666.75000000000125));
#8398=IFCCARTESIANPOINT((1372.0999999999938,-12.699999999551595,654.05000000000155));
#8399=IFCCARTESIANPOINT((1365.7499999999936,-12.699999999551663,654.05000000000155));
#8400=IFCPOLYLOOP((#8396,#8397,#8398,#8399));
#8401=IFCFACEOUTERBOUND(#8400,.T.);
#8402=IFCFACE((#8401));
#8403=IFCCARTESIANPOINT((1365.7499999999941,-31.749999999996046,666.75000000000125));
#8404=IFCCARTESIANPOINT((1372.099999999994,-38.099999999995887,666.75000000000125));
#8405=IFCPOLYLOOP((#8397,#8396,#8403,#8404));
#8406=IFCFACEOUTERBOUND(#8405,.T.);
#8407=IFCFACE((#8406));
#8408=IFCCARTESIANPOINT((1372.099999999994,-38.099999999995887,654.05000000000155));
#8409=IFCPOLYLOOP((#8398,#8397,#8404,#8408));
#8410=IFCFACEOUTERBOUND(#8409,.T.);
#8411=IFCFACE((#8410));
#8412=IFCCARTESIANPOINT((1365.7499999999939,-31.749999999995776,654.05000000000155));
#8413=IFCPOLYLOOP((#8399,#8398,#8408,#8412));
#8414=IFCFACEOUTERBOUND(#8413,.T.);
#8415=IFCFACE((#8414));
#8416=IFCPOLYLOOP((#8396,#8399,#8412,#8403));
#8417=IFCFACEOUTERBOUND(#8416,.T.);
#8418=IFCFACE((#8417));
#8419=IFCCARTESIANPOINT((1276.8499999999935,-31.749999999996817,666.75000000000125));
#8420=IFCCARTESIANPOINT((1270.4999999999936,-38.099999999996804,666.75000000000125));
#8421=IFCPOLYLOOP((#8404,#8403,#8419,#8420));
#8422=IFCFACEOUTERBOUND(#8421,.T.);
#8423=IFCFACE((#8422));
#8424=IFCCARTESIANPOINT((1270.4999999999936,-38.099999999996804,654.05000000000155));
#8425=IFCPOLYLOOP((#8408,#8404,#8420,#8424));
#8426=IFCFACEOUTERBOUND(#8425,.T.);
#8427=IFCFACE((#8426));
#8428=IFCCARTESIANPOINT((1276.8499999999938,-31.749999999996547,654.05000000000155));
#8429=IFCPOLYLOOP((#8412,#8408,#8424,#8428));
#8430=IFCFACEOUTERBOUND(#8429,.T.);
#8431=IFCFACE((#8430));
#8432=IFCPOLYLOOP((#8403,#8412,#8428,#8419));
#8433=IFCFACEOUTERBOUND(#8432,.T.);
#8434=IFCFACE((#8433));
#8435=IFCCARTESIANPOINT((1276.8499999999931,-12.699999999552139,666.75000000000125));
#8436=IFCCARTESIANPOINT((1270.499999999993,-12.699999999552206,666.75000000000125));
#8437=IFCPOLYLOOP((#8420,#8419,#8435,#8436));
#8438=IFCFACEOUTERBOUND(#8437,.T.);
#8439=IFCFACE((#8438));
#8440=IFCCARTESIANPOINT((1270.499999999993,-12.699999999552206,654.05000000000155));
#8441=IFCPOLYLOOP((#8424,#8420,#8436,#8440));
#8442=IFCFACEOUTERBOUND(#8441,.T.);
#8443=IFCFACE((#8442));
#8444=IFCCARTESIANPOINT((1276.8499999999931,-12.699999999552139,654.05000000000155));
#8445=IFCPOLYLOOP((#8428,#8424,#8440,#8444));
#8446=IFCFACEOUTERBOUND(#8445,.T.);
#8447=IFCFACE((#8446));
#8448=IFCPOLYLOOP((#8419,#8428,#8444,#8435));
#8449=IFCFACEOUTERBOUND(#8448,.T.);
#8450=IFCFACE((#8449));
#8451=IFCPOLYLOOP((#8435,#8444,#8440,#8436));
#8452=IFCFACEOUTERBOUND(#8451,.T.);
#8453=IFCFACE((#8452));
#8454=IFCCARTESIANPOINT((1372.0999999999938,-12.699999999551595,304.7999999999995));
#8455=IFCCARTESIANPOINT((1365.7499999999936,-12.699999999551663,304.7999999999995));
#8456=IFCCARTESIANPOINT((1365.7499999999941,-31.749999999996046,304.79999999999944));
#8457=IFCCARTESIANPOINT((1372.099999999994,-38.099999999995887,304.79999999999944));
#8458=IFCPOLYLOOP((#8454,#8455,#8456,#8457));
#8459=IFCFACEOUTERBOUND(#8458,.T.);
#8460=IFCFACE((#8459));
#8461=IFCCARTESIANPOINT((1372.0999999999938,-12.699999999551595,292.09999999999957));
#8462=IFCCARTESIANPOINT((1372.099999999994,-38.099999999995887,292.09999999999951));
#8463=IFCPOLYLOOP((#8461,#8454,#8457,#8462));
#8464=IFCFACEOUTERBOUND(#8463,.T.);
#8465=IFCFACE((#8464));
#8466=IFCCARTESIANPOINT((1365.7499999999936,-12.699999999551663,292.09999999999957));
#8467=IFCCARTESIANPOINT((1365.7499999999939,-31.749999999995776,292.09999999999951));
#8468=IFCPOLYLOOP((#8466,#8461,#8462,#8467));
#8469=IFCFACEOUTERBOUND(#8468,.T.);
#8470=IFCFACE((#8469));
#8471=IFCPOLYLOOP((#8455,#8466,#8467,#8456));
#8472=IFCFACEOUTERBOUND(#8471,.T.);
#8473=IFCFACE((#8472));
#8474=IFCCARTESIANPOINT((1276.8499999999935,-31.749999999996817,304.79999999999944));
#8475=IFCCARTESIANPOINT((1270.4999999999936,-38.099999999996804,304.79999999999944));
#8476=IFCPOLYLOOP((#8457,#8456,#8474,#8475));
#8477=IFCFACEOUTERBOUND(#8476,.T.);
#8478=IFCFACE((#8477));
#8479=IFCCARTESIANPOINT((1270.4999999999936,-38.099999999996804,292.09999999999951));
#8480=IFCPOLYLOOP((#8462,#8457,#8475,#8479));
#8481=IFCFACEOUTERBOUND(#8480,.T.);
#8482=IFCFACE((#8481));
#8483=IFCCARTESIANPOINT((1276.8499999999938,-31.749999999996547,292.09999999999951));
#8484=IFCPOLYLOOP((#8467,#8462,#8479,#8483));
#8485=IFCFACEOUTERBOUND(#8484,.T.);
#8486=IFCFACE((#8485));
#8487=IFCPOLYLOOP((#8456,#8467,#8483,#8474));
#8488=IFCFACEOUTERBOUND(#8487,.T.);
#8489=IFCFACE((#8488));
#8490=IFCCARTESIANPOINT((1276.8499999999931,-12.699999999552139,304.7999999999995));
#8491=IFCCARTESIANPOINT((1276.8499999999931,-12.699999999552139,292.09999999999957));
#8492=IFCCARTESIANPOINT((1270.499999999993,-12.699999999552206,292.09999999999957));
#8493=IFCCARTESIANPOINT((1270.499999999993,-12.699999999552206,304.7999999999995));
#8494=IFCPOLYLOOP((#8490,#8491,#8492,#8493));
#8495=IFCFACEOUTERBOUND(#8494,.T.);
#8496=IFCFACE((#8495));
#8497=IFCPOLYLOOP((#8475,#8474,#8490,#8493));
#8498=IFCFACEOUTERBOUND(#8497,.T.);
#8499=IFCFACE((#8498));
#8500=IFCPOLYLOOP((#8479,#8475,#8493,#8492));
#8501=IFCFACEOUTERBOUND(#8500,.T.);
#8502=IFCFACE((#8501));
#8503=IFCPOLYLOOP((#8483,#8479,#8492,#8491));
#8504=IFCFACEOUTERBOUND(#8503,.T.);
#8505=IFCFACE((#8504));
#8506=IFCPOLYLOOP((#8474,#8483,#8491,#8490));
#8507=IFCFACEOUTERBOUND(#8506,.T.);
#8508=IFCFACE((#8507));
#8509=IFCPOLYLOOP((#8455,#8454,#8461,#8466));
#8510=IFCFACEOUTERBOUND(#8509,.T.);
#8511=IFCFACE((#8510));
#8512=IFCCARTESIANPOINT((1372.0999999999938,-12.699999999551595,425.45000000000113));
#8513=IFCCARTESIANPOINT((1365.7499999999936,-12.699999999551663,425.45000000000113));
#8514=IFCCARTESIANPOINT((1365.7499999999941,-31.749999999996046,425.45000000000113));
#8515=IFCCARTESIANPOINT((1372.099999999994,-38.099999999995887,425.45000000000113));
#8516=IFCPOLYLOOP((#8512,#8513,#8514,#8515));
#8517=IFCFACEOUTERBOUND(#8516,.T.);
#8518=IFCFACE((#8517));
#8519=IFCCARTESIANPOINT((1372.0999999999938,-12.699999999551595,412.75000000000119));
#8520=IFCCARTESIANPOINT((1372.099999999994,-38.099999999995887,412.75000000000119));
#8521=IFCPOLYLOOP((#8519,#8512,#8515,#8520));
#8522=IFCFACEOUTERBOUND(#8521,.T.);
#8523=IFCFACE((#8522));
#8524=IFCCARTESIANPOINT((1365.7499999999936,-12.699999999551663,412.75000000000119));
#8525=IFCCARTESIANPOINT((1365.7499999999939,-31.749999999995776,412.75000000000119));
#8526=IFCPOLYLOOP((#8524,#8519,#8520,#8525));
#8527=IFCFACEOUTERBOUND(#8526,.T.);
#8528=IFCFACE((#8527));
#8529=IFCPOLYLOOP((#8513,#8524,#8525,#8514));
#8530=IFCFACEOUTERBOUND(#8529,.T.);
#8531=IFCFACE((#8530));
#8532=IFCCARTESIANPOINT((1276.8499999999935,-31.749999999996817,425.45000000000113));
#8533=IFCCARTESIANPOINT((1270.4999999999936,-38.099999999996804,425.45000000000113));
#8534=IFCPOLYLOOP((#8515,#8514,#8532,#8533));
#8535=IFCFACEOUTERBOUND(#8534,.T.);
#8536=IFCFACE((#8535));
#8537=IFCCARTESIANPOINT((1270.4999999999936,-38.099999999996804,412.75000000000119));
#8538=IFCPOLYLOOP((#8520,#8515,#8533,#8537));
#8539=IFCFACEOUTERBOUND(#8538,.T.);
#8540=IFCFACE((#8539));
#8541=IFCCARTESIANPOINT((1276.8499999999938,-31.749999999996547,412.75000000000119));
#8542=IFCPOLYLOOP((#8525,#8520,#8537,#8541));
#8543=IFCFACEOUTERBOUND(#8542,.T.);
#8544=IFCFACE((#8543));
#8545=IFCPOLYLOOP((#8514,#8525,#8541,#8532));
#8546=IFCFACEOUTERBOUND(#8545,.T.);
#8547=IFCFACE((#8546));
#8548=IFCCARTESIANPOINT((1276.8499999999931,-12.699999999552139,425.45000000000113));
#8549=IFCCARTESIANPOINT((1270.499999999993,-12.699999999552206,425.45000000000113));
#8550=IFCPOLYLOOP((#8533,#8532,#8548,#8549));
#8551=IFCFACEOUTERBOUND(#8550,.T.);
#8552=IFCFACE((#8551));
#8553=IFCCARTESIANPOINT((1270.499999999993,-12.699999999552206,412.75000000000119));
#8554=IFCPOLYLOOP((#8537,#8533,#8549,#8553));
#8555=IFCFACEOUTERBOUND(#8554,.T.);
#8556=IFCFACE((#8555));
#8557=IFCCARTESIANPOINT((1276.8499999999931,-12.699999999552139,412.75000000000119));
#8558=IFCPOLYLOOP((#8541,#8537,#8553,#8557));
#8559=IFCFACEOUTERBOUND(#8558,.T.);
#8560=IFCFACE((#8559));
#8561=IFCPOLYLOOP((#8532,#8541,#8557,#8548));
#8562=IFCFACEOUTERBOUND(#8561,.T.);
#8563=IFCFACE((#8562));
#8564=IFCPOLYLOOP((#8548,#8557,#8553,#8549));
#8565=IFCFACEOUTERBOUND(#8564,.T.);
#8566=IFCFACE((#8565));
#8567=IFCPOLYLOOP((#8513,#8512,#8519,#8524));
#8568=IFCFACEOUTERBOUND(#8567,.T.);
#8569=IFCFACE((#8568));
#8570=IFCCARTESIANPOINT((1372.0999999999938,-12.699999999551595,546.09999999999923));
#8571=IFCCARTESIANPOINT((1365.7499999999936,-12.699999999551663,546.09999999999923));
#8572=IFCCARTESIANPOINT((1365.7499999999941,-31.749999999996046,546.09999999999923));
#8573=IFCCARTESIANPOINT((1372.099999999994,-38.099999999995887,546.09999999999923));
#8574=IFCPOLYLOOP((#8570,#8571,#8572,#8573));
#8575=IFCFACEOUTERBOUND(#8574,.T.);
#8576=IFCFACE((#8575));
#8577=IFCCARTESIANPOINT((1372.0999999999938,-12.699999999551595,533.3999999999993));
#8578=IFCCARTESIANPOINT((1372.099999999994,-38.099999999995887,533.3999999999993));
#8579=IFCPOLYLOOP((#8577,#8570,#8573,#8578));
#8580=IFCFACEOUTERBOUND(#8579,.T.);
#8581=IFCFACE((#8580));
#8582=IFCCARTESIANPOINT((1365.7499999999936,-12.699999999551663,533.3999999999993));
#8583=IFCCARTESIANPOINT((1365.7499999999939,-31.749999999995776,533.3999999999993));
#8584=IFCPOLYLOOP((#8582,#8577,#8578,#8583));
#8585=IFCFACEOUTERBOUND(#8584,.T.);
#8586=IFCFACE((#8585));
#8587=IFCPOLYLOOP((#8571,#8582,#8583,#8572));
#8588=IFCFACEOUTERBOUND(#8587,.T.);
#8589=IFCFACE((#8588));
#8590=IFCCARTESIANPOINT((1276.8499999999935,-31.749999999996817,546.09999999999923));
#8591=IFCCARTESIANPOINT((1270.4999999999936,-38.099999999996804,546.09999999999923));
#8592=IFCPOLYLOOP((#8573,#8572,#8590,#8591));
#8593=IFCFACEOUTERBOUND(#8592,.T.);
#8594=IFCFACE((#8593));
#8595=IFCCARTESIANPOINT((1270.4999999999936,-38.099999999996804,533.3999999999993));
#8596=IFCPOLYLOOP((#8578,#8573,#8591,#8595));
#8597=IFCFACEOUTERBOUND(#8596,.T.);
#8598=IFCFACE((#8597));
#8599=IFCCARTESIANPOINT((1276.8499999999938,-31.749999999996547,533.3999999999993));
#8600=IFCPOLYLOOP((#8583,#8578,#8595,#8599));
#8601=IFCFACEOUTERBOUND(#8600,.T.);
#8602=IFCFACE((#8601));
#8603=IFCPOLYLOOP((#8572,#8583,#8599,#8590));
#8604=IFCFACEOUTERBOUND(#8603,.T.);
#8605=IFCFACE((#8604));
#8606=IFCCARTESIANPOINT((1276.8499999999931,-12.699999999552139,546.09999999999923));
#8607=IFCCARTESIANPOINT((1270.499999999993,-12.699999999552206,546.09999999999923));
#8608=IFCPOLYLOOP((#8591,#8590,#8606,#8607));
#8609=IFCFACEOUTERBOUND(#8608,.T.);
#8610=IFCFACE((#8609));
#8611=IFCCARTESIANPOINT((1270.499999999993,-12.699999999552206,533.3999999999993));
#8612=IFCPOLYLOOP((#8595,#8591,#8607,#8611));
#8613=IFCFACEOUTERBOUND(#8612,.T.);
#8614=IFCFACE((#8613));
#8615=IFCCARTESIANPOINT((1276.8499999999931,-12.699999999552139,533.3999999999993));
#8616=IFCPOLYLOOP((#8599,#8595,#8611,#8615));
#8617=IFCFACEOUTERBOUND(#8616,.T.);
#8618=IFCFACE((#8617));
#8619=IFCPOLYLOOP((#8590,#8599,#8615,#8606));
#8620=IFCFACEOUTERBOUND(#8619,.T.);
#8621=IFCFACE((#8620));
#8622=IFCPOLYLOOP((#8606,#8615,#8611,#8607));
#8623=IFCFACEOUTERBOUND(#8622,.T.);
#8624=IFCFACE((#8623));
#8625=IFCPOLYLOOP((#8571,#8570,#8577,#8582));
#8626=IFCFACEOUTERBOUND(#8625,.T.);
#8627=IFCFACE((#8626));
#8628=IFCCLOSEDSHELL((#7954,#7959,#7963,#7967,#7970,#7973));
#8629=IFCFACETEDBREP(#8628);
#8630=IFCCOLOURRGB($,0.96862745098039216,0.96862745098039216,0.93725490196078431);
#8631=IFCSURFACESTYLERENDERING(#8630,0.,$,$,$,$,IFCNORMALISEDRATIOMEASURE(0.5),IFCSPECULAREXPONENT(128.),.NOTDEFINED.);
#8632=IFCSURFACESTYLE('Laminate, Ivory, Matte',.BOTH.,(#8631));
#8633=IFCPRESENTATIONSTYLEASSIGNMENT((#8632));
#8634=IFCSTYLEDITEM(#8629,(#8633),$);
#8635=IFCCLOSEDSHELL((#7980,#7985,#7989,#7993,#7996,#7999));
#8636=IFCFACETEDBREP(#8635);
#8637=IFCSTYLEDITEM(#8636,(#8633),$);
#8638=IFCCLOSEDSHELL((#8006,#8011,#8015,#8019,#8022,#8025));
#8639=IFCFACETEDBREP(#8638);
#8640=IFCSTYLEDITEM(#8639,(#8633),$);
#8641=IFCCLOSEDSHELL((#8032,#8037,#8041,#8045,#8048,#8051));
#8642=IFCFACETEDBREP(#8641);
#8643=IFCSTYLEDITEM(#8642,(#8633),$);
#8644=IFCCLOSEDSHELL((#8058,#8063,#8068,#8071,#8074,#8077));
#8645=IFCFACETEDBREP(#8644);
#8646=IFCSTYLEDITEM(#8645,(#8633),$);
#8647=IFCCLOSEDSHELL((#8084,#8089,#8094,#8097,#8100,#8103));
#8648=IFCFACETEDBREP(#8647);
#8649=IFCSTYLEDITEM(#8648,(#8633),$);
#8650=IFCCLOSEDSHELL((#8110,#8117,#8120,#8123,#8126,#8129));
#8651=IFCFACETEDBREP(#8650);
#8652=IFCCOLOURRGB($,0.066666666666666666,0.066666666666666666,0.066666666666666666);
#8653=IFCSURFACESTYLERENDERING(#8652,0.,$,$,$,$,IFCNORMALISEDRATIOMEASURE(0.5),IFCSPECULAREXPONENT(128.),.NOTDEFINED.);
#8654=IFCSURFACESTYLE('Steel, Chrome Plated',.BOTH.,(#8653));
#8655=IFCPRESENTATIONSTYLEASSIGNMENT((#8654));
#8656=IFCSTYLEDITEM(#8651,(#8655),$);
#8657=IFCCLOSEDSHELL((#8136,#8143,#8146,#8149,#8152,#8155));
#8658=IFCFACETEDBREP(#8657);
#8659=IFCSTYLEDITEM(#8658,(#8655),$);
#8660=IFCCLOSEDSHELL((#8162,#8169,#8172,#8175,#8178,#8181));
#8661=IFCFACETEDBREP(#8660);
#8662=IFCSTYLEDITEM(#8661,(#8655),$);
#8663=IFCCLOSEDSHELL((#8188,#8195,#8198,#8201,#8204,#8207));
#8664=IFCFACETEDBREP(#8663);
#8665=IFCSTYLEDITEM(#8664,(#8655),$);
#8666=IFCCLOSEDSHELL((#8214,#8221,#8224,#8227,#8230,#8233));
#8667=IFCFACETEDBREP(#8666);
#8668=IFCSTYLEDITEM(#8667,(#5925),$);
#8669=IFCCLOSEDSHELL((#8244,#8255,#8258,#8261,#8264,#8267,#8270,#8273,#8276,#8279));
#8670=IFCFACETEDBREP(#8669);
#8671=IFCSTYLEDITEM(#8670,(#8633),$);
#8672=IFCCLOSEDSHELL((#8286,#8291,#8295,#8299,#8302,#8307,#8311,#8315,#8318,#8323,#8327,#8331,#8334,#8337));
#8673=IFCFACETEDBREP(#8672);
#8674=IFCSTYLEDITEM(#8673,(#8655),$);
#8675=IFCCLOSEDSHELL((#8344,#8349,#8354,#8357,#8362,#8366,#8370,#8373,#8380,#8383,#8386,#8389,#8392,#8395));
#8676=IFCFACETEDBREP(#8675);
#8677=IFCSTYLEDITEM(#8676,(#8655),$);
#8678=IFCCLOSEDSHELL((#8402,#8407,#8411,#8415,#8418,#8423,#8427,#8431,#8434,#8439,#8443,#8447,#8450,#8453));
#8679=IFCFACETEDBREP(#8678);
#8680=IFCSTYLEDITEM(#8679,(#8655),$);
#8681=IFCCLOSEDSHELL((#8460,#8465,#8470,#8473,#8478,#8482,#8486,#8489,#8496,#8499,#8502,#8505,#8508,#8511));
#8682=IFCFACETEDBREP(#8681);
#8683=IFCSTYLEDITEM(#8682,(#8655),$);
#8684=IFCCLOSEDSHELL((#8518,#8523,#8528,#8531,#8536,#8540,#8544,#8547,#8552,#8556,#8560,#8563,#8566,#8569));
#8685=IFCFACETEDBREP(#8684);
#8686=IFCSTYLEDITEM(#8685,(#8655),$);
#8687=IFCCLOSEDSHELL((#8576,#8581,#8586,#8589,#8594,#8598,#8602,#8605,#8610,#8614,#8618,#8621,#8624,#8627));
#8688=IFCFACETEDBREP(#8687);
#8689=IFCSTYLEDITEM(#8688,(#8655),$);
#8690=IFCSHAPEREPRESENTATION(#101,'Body','Brep',(#8629,#8636,#8639,#8642,#8645,#8648,#8651,#8658,#8661,#8664,#8667,#8670,#8673,#8676,#8679,#8682,#8685,#8688));
#8691=IFCAXIS2PLACEMENT3D(#3,$,$);
#8692=IFCREPRESENTATIONMAP(#8691,#8690);
#8693=IFCFURNITURETYPE('1MOQzTn01CUOnRcQTLovHP',#18,'M_Desk:1525 x 762mm',$,$,$,(#8692),'99774',$,.NOTDEFINED.);
#8694=IFCMATERIAL('Laminate, Ivory, Matte');
#8695=IFCPRESENTATIONSTYLEASSIGNMENT((#8632));
#8696=IFCSTYLEDITEM($,(#8695),$);
#8697=IFCSTYLEDREPRESENTATION(#99,'Style','Material',(#8696));
#8698=IFCMATERIALDEFINITIONREPRESENTATION($,$,(#8697),#8694);
#8699=IFCMATERIAL('Steel, Chrome Plated');
#8700=IFCPRESENTATIONSTYLEASSIGNMENT((#8654));
#8701=IFCSTYLEDITEM($,(#8700),$);
#8702=IFCSTYLEDREPRESENTATION(#99,'Style','Material',(#8701));
#8703=IFCMATERIALDEFINITIONREPRESENTATION($,$,(#8702),#8699);
#8704=IFCMATERIALLIST((#8694,#8699,#6044));
#8705=IFCMAPPEDITEM(#8692,#1188);
#8706=IFCSHAPEREPRESENTATION(#101,'Body','MappedRepresentation',(#8705));
#8707=IFCPRODUCTDEFINITIONSHAPE($,$,(#8706));
#8708=IFCCARTESIANPOINT((-14107.167853681809,8589.7015553553229,0.));
#8709=IFCAXIS2PLACEMENT3D(#8708,$,$);
#8711=IFCCARTESIANPOINT((-14107.167853681809,8589.7015553553229,0.));
#8712=IFCAXIS2PLACEMENT3D(#8711,$,$);
#8713=IFCLOCALPLACEMENT(#142,#8712);
#8714=IFCFURNISHINGELEMENT('2cXV28XOjE6f6irgi0COSH',#18,'M_Desk:1525 x 762mm:355965',$,'M_Desk:1525 x 762mm',#8713,#8707,'355965');
#8715=IFCPROPERTYSINGLEVALUE('Reference',$,IFCIDENTIFIER('1525 x 762mm'),$);
#8716=IFCPROPERTYSET('0a2rxphz4fQNroGWV5s0p4',#18,'Pset_QuantityTakeOff',$,(#8715));
#8717=IFCRELDEFINESBYPROPERTIES('0MS9whYUHpnSIAgrsVUO8O',#18,$,$,(#8714),#8716);
#8718=IFCMAPPEDITEM(#8692,#1188);
#8719=IFCSHAPEREPRESENTATION(#101,'Body','MappedRepresentation',(#8718));
#8720=IFCPRODUCTDEFINITIONSHAPE($,$,(#8719));
#8721=IFCCARTESIANPOINT((-11744.667853681791,8589.7015553553156,0.));
#8722=IFCAXIS2PLACEMENT3D(#8721,$,$);
#8724=IFCCARTESIANPOINT((-11744.667853681791,8589.7015553553156,0.));
#8725=IFCAXIS2PLACEMENT3D(#8724,$,$);
#8726=IFCLOCALPLACEMENT(#142,#8725);
#8727=IFCFURNISHINGELEMENT('2cXV28XOjE6f6irgi0COUq',#18,'M_Desk:1525 x 762mm:356056',$,'M_Desk:1525 x 762mm',#8726,#8720,'356056');
#8728=IFCPROPERTYSET('0Eo7g5DTqNMYpOhkEm_IRF',#18,'Pset_QuantityTakeOff',$,(#8715));
#8729=IFCRELDEFINESBYPROPERTIES('3J7KaqiS6AcSmbW_el8I_K',#18,$,$,(#8727),#8728);
#8730=IFCMAPPEDITEM(#8692,#1188);
#8731=IFCSHAPEREPRESENTATION(#101,'Body','MappedRepresentation',(#8730));
#8732=IFCPRODUCTDEFINITIONSHAPE($,$,(#8731));
#8733=IFCCARTESIANPOINT((-9007.1678536817926,8589.7015553553065,0.));
#8734=IFCAXIS2PLACEMENT3D(#8733,$,$);
#8736=IFCCARTESIANPOINT((-9007.1678536817926,8589.7015553553065,0.));
#8737=IFCAXIS2PLACEMENT3D(#8736,$,$);
#8738=IFCLOCALPLACEMENT(#142,#8737);
#8739=IFCFURNISHINGELEMENT('2cXV28XOjE6f6irgi0COUV',#18,'M_Desk:1525 x 762mm:356083',$,'M_Desk:1525 x 762mm',#8738,#8732,'356083');
#8740=IFCPROPERTYSET('0M_h5sSVE_ICeplnu_NEXX',#18,'Pset_QuantityTakeOff',$,(#8715));
#8741=IFCRELDEFINESBYPROPERTIES('2bnt5LDXV2lp_LlzpynPdC',#18,$,$,(#8739),#8740);
#8742=IFCMAPPEDITEM(#8692,#1188);
#8743=IFCSHAPEREPRESENTATION(#101,'Body','MappedRepresentation',(#8742));
#8744=IFCPRODUCTDEFINITIONSHAPE($,$,(#8743));
#8745=IFCCARTESIANPOINT((-13007.167853681811,3289.7015553552897,0.));
#8746=IFCAXIS2PLACEMENT3D(#8745,$,$);
#8748=IFCCARTESIANPOINT((-13007.167853681811,3289.7015553552897,0.));
#8749=IFCAXIS2PLACEMENT3D(#8748,$,$);
#8750=IFCLOCALPLACEMENT(#121,#8749);
#8751=IFCFURNISHINGELEMENT('2cXV28XOjE6f6irgi0COPC',#18,'M_Desk:1525 x 762mm:356128',$,'M_Desk:1525 x 762mm',#8750,#8744,'356128');
#8752=IFCPROPERTYSET('12ZoPrgB6YTg1OZrYLMTu7',#18,'Pset_QuantityTakeOff',$,(#8715));
#8753=IFCRELDEFINESBYPROPERTIES('0nc28YfYTe8S9cFYwO0m7l',#18,$,$,(#8751),#8752);
#8754=IFCMAPPEDITEM(#8692,#1188);
#8755=IFCSHAPEREPRESENTATION(#101,'Body','MappedRepresentation',(#8754));
#8756=IFCPRODUCTDEFINITIONSHAPE($,$,(#8755));
#8757=IFCCARTESIANPOINT((-12707.167853681805,-2157.9730203212021,0.));
#8758=IFCAXIS2PLACEMENT3D(#8757,$,$);
#8760=IFCCARTESIANPOINT((-12707.167853681805,-2157.9730203212021,0.));
#8761=IFCAXIS2PLACEMENT3D(#8760,$,$);
#8762=IFCLOCALPLACEMENT(#121,#8761);
#8763=IFCFURNISHINGELEMENT('2cXV28XOjE6f6irgi0COOB',#18,'M_Desk:1525 x 762mm:356199',$,'M_Desk:1525 x 762mm',#8762,#8756,'356199');
#8764=IFCPROPERTYSET('0SS7i_xvlMxd5EqxG5Fkpi',#18,'Pset_QuantityTakeOff',$,(#8715));
#8765=IFCRELDEFINESBYPROPERTIES('0XRxnHlAoJZWupJ3Z0VeRf',#18,$,$,(#8763),#8764);
#8766=IFCMAPPEDITEM(#8692,#1188);
#8767=IFCSHAPEREPRESENTATION(#101,'Body','MappedRepresentation',(#8766));
#8768=IFCPRODUCTDEFINITIONSHAPE($,$,(#8767));
#8769=IFCCARTESIANPOINT((-10982.167853681807,-2157.973020321208,0.));
#8770=IFCAXIS2PLACEMENT3D(#8769,$,$);
#8772=IFCCARTESIANPOINT((-10982.167853681807,-2157.973020321208,0.));
#8773=IFCAXIS2PLACEMENT3D(#8772,$,$);
#8774=IFCLOCALPLACEMENT(#121,#8773);
#8775=IFCFURNISHINGELEMENT('2cXV28XOjE6f6irgi0COR8',#18,'M_Desk:1525 x 762mm:356260',$,'M_Desk:1525 x 762mm',#8774,#8768,'356260');
#8776=IFCPROPERTYSET('0u$wI_mF9usvtoZt0ciDIp',#18,'Pset_QuantityTakeOff',$,(#8715));
#8777=IFCRELDEFINESBYPROPERTIES('1H4lTlK890NTRvPxS6kR9v',#18,$,$,(#8775),#8776);
#8778=IFCMAPPEDITEM(#8692,#1188);
#8779=IFCSHAPEREPRESENTATION(#101,'Body','MappedRepresentation',(#8778));
#8780=IFCPRODUCTDEFINITIONSHAPE($,$,(#8779));
#8781=IFCCARTESIANPOINT((4358.5730420688151,-3310.2984446447658,0.));
#8782=IFCAXIS2PLACEMENT3D(#8781,$,$);
#8784=IFCCARTESIANPOINT((4358.5730420688151,-3310.2984446447658,0.));
#8785=IFCAXIS2PLACEMENT3D(#8784,$,$);
#8786=IFCLOCALPLACEMENT(#226,#8785);
#8787=IFCFURNISHINGELEMENT('2cXV28XOjE6f6irgi0CPbH',#18,'M_Desk:1525 x 762mm:356413',$,'M_Desk:1525 x 762mm',#8786,#8780,'356413');
#8788=IFCPROPERTYSET('2fi1LtXLuSo9ObIkGkHTcj',#18,'Pset_QuantityTakeOff',$,(#8715));
#8789=IFCRELDEFINESBYPROPERTIES('1uK7iIADRTL$9mD9z5nR9d',#18,$,$,(#8787),#8788);
#8790=IFCMAPPEDITEM(#8692,#1188);
#8791=IFCSHAPEREPRESENTATION(#101,'Body','MappedRepresentation',(#8790));
#8792=IFCPRODUCTDEFINITIONSHAPE($,$,(#8791));
#8793=IFCCARTESIANPOINT((1258.5730420688151,-3310.2984446447558,0.));
#8794=IFCAXIS2PLACEMENT3D(#8793,$,$);
#8796=IFCCARTESIANPOINT((1258.5730420688151,-3310.2984446447558,0.));
#8797=IFCAXIS2PLACEMENT3D(#8796,$,$);
#8798=IFCLOCALPLACEMENT(#226,#8797);
#8799=IFCFURNISHINGELEMENT('2cXV28XOjE6f6irgi0CPc5',#18,'M_Desk:1525 x 762mm:356585',$,'M_Desk:1525 x 762mm',#8798,#8792,'356585');
#8800=IFCPROPERTYSET('1NfCKYj7q7YEq5eIWeMzWZ',#18,'Pset_QuantityTakeOff',$,(#8715));
#8801=IFCRELDEFINESBYPROPERTIES('0mkXSnUL9wywUy25qMl6oQ',#18,$,$,(#8799),#8800);
#8802=IFCMAPPEDITEM(#8692,#1188);
#8803=IFCSHAPEREPRESENTATION(#101,'Body','MappedRepresentation',(#8802));
#8804=IFCPRODUCTDEFINITIONSHAPE($,$,(#8803));
#8805=IFCCARTESIANPOINT((6478.2500990016406,81.893939980934931,0.));
#8806=IFCAXIS2PLACEMENT3D(#8805,$,$);
#8808=IFCCARTESIANPOINT((6478.2500990016406,81.893939980934931,0.));
#8809=IFCAXIS2PLACEMENT3D(#8808,$,$);
#8810=IFCLOCALPLACEMENT(#205,#8809);
#8811=IFCFURNISHINGELEMENT('2cXV28XOjE6f6irgi0CPXs',#18,'M_Desk:1525 x 762mm:356634',$,'M_Desk:1525 x 762mm',#8810,#8804,'356634');
#8812=IFCPROPERTYSET('1Ne_X_KaYwd5SYoq$H_13z',#18,'Pset_QuantityTakeOff',$,(#8715));
#8813=IFCRELDEFINESBYPROPERTIES('1A$xGgTFbcm2KS1lgox8vQ',#18,$,$,(#8811),#8812);
#8814=IFCMAPPEDITEM(#8692,#1188);
#8815=IFCSHAPEREPRESENTATION(#101,'Body','MappedRepresentation',(#8814));
#8816=IFCPRODUCTDEFINITIONSHAPE($,$,(#8815));
#8817=IFCCARTESIANPOINT((8418.6085905994023,96.475886693889393,0.));
#8818=IFCAXIS2PLACEMENT3D(#8817,$,$);
#8820=IFCCARTESIANPOINT((8418.6085905994023,96.475886693889393,0.));
#8821=IFCAXIS2PLACEMENT3D(#8820,$,$);
#8822=IFCLOCALPLACEMENT(#205,#8821);
#8823=IFCFURNISHINGELEMENT('2cXV28XOjE6f6irgi0CPWh',#18,'M_Desk:1525 x 762mm:356679',$,'M_Desk:1525 x 762mm',#8822,#8816,'356679');
#8824=IFCPROPERTYSET('0sVuTd77RPuctmURZHgGOs',#18,'Pset_QuantityTakeOff',$,(#8715));
#8825=IFCRELDEFINESBYPROPERTIES('0wQziJWGQ5kMAtey83OBAN',#18,$,$,(#8823),#8824);
#8826=IFCMAPPEDITEM(#8692,#1188);
#8827=IFCSHAPEREPRESENTATION(#101,'Body','MappedRepresentation',(#8826));
#8828=IFCPRODUCTDEFINITIONSHAPE($,$,(#8827));
#8829=IFCCARTESIANPOINT((12702.623042068826,-1919.8730203212876,0.));
#8830=IFCAXIS2PLACEMENT3D(#8829,$,$);
#8832=IFCCARTESIANPOINT((12702.623042068826,-1919.8730203212876,0.));
#8833=IFCAXIS2PLACEMENT3D(#8832,$,$);
#8834=IFCLOCALPLACEMENT(#247,#8833);
#8835=IFCFURNISHINGELEMENT('2cXV28XOjE6f6irgi0CPWU',#18,'M_Desk:1525 x 762mm:356722',$,'M_Desk:1525 x 762mm',#8834,#8828,'356722');
#8836=IFCPROPERTYSET('3P_ulAiAvDkvcc8A5_Gyqi',#18,'Pset_QuantityTakeOff',$,(#8715));
#8837=IFCRELDEFINESBYPROPERTIES('12eyDyv3U50fFfEqL2yDOU',#18,$,$,(#8835),#8836);
#8838=IFCMAPPEDITEM(#8692,#1188);
#8839=IFCSHAPEREPRESENTATION(#101,'Body','MappedRepresentation',(#8838));
#8840=IFCPRODUCTDEFINITIONSHAPE($,$,(#8839));
#8841=IFCCARTESIANPOINT((14251.964007533315,-1919.8730203212888,0.));
#8842=IFCAXIS2PLACEMENT3D(#8841,$,$);
#8844=IFCCARTESIANPOINT((14251.964007533315,-1919.8730203212888,0.));
#8845=IFCAXIS2PLACEMENT3D(#8844,$,$);
#8846=IFCLOCALPLACEMENT(#247,#8845);
#8847=IFCFURNISHINGELEMENT('2cXV28XOjE6f6irgi0CPZn',#18,'M_Desk:1525 x 762mm:356765',$,'M_Desk:1525 x 762mm',#8846,#8840,'356765');
#8848=IFCPROPERTYSET('0ntGiEAhL3JHM_0rSCbF5l',#18,'Pset_QuantityTakeOff',$,(#8715));
#8849=IFCRELDEFINESBYPROPERTIES('3je1iDt_3se3xWKQiYGk3Z',#18,$,$,(#8847),#8848);
#8850=IFCMAPPEDITEM(#8692,#1188);
#8851=IFCSHAPEREPRESENTATION(#101,'Body','MappedRepresentation',(#8850));
#8852=IFCPRODUCTDEFINITIONSHAPE($,$,(#8851));
#8853=IFCCARTESIANPOINT((17684.255714083596,-1919.8730203213033,0.));
#8854=IFCAXIS2PLACEMENT3D(#8853,$,$);
#8856=IFCCARTESIANPOINT((17684.255714083596,-1919.8730203213033,0.));
#8857=IFCAXIS2PLACEMENT3D(#8856,$,$);
#8858=IFCLOCALPLACEMENT(#247,#8857);
#8859=IFCFURNISHINGELEMENT('2cXV28XOjE6f6irgi0CPYa',#18,'M_Desk:1525 x 762mm:356808',$,'M_Desk:1525 x 762mm',#8858,#8852,'356808');
#8860=IFCPROPERTYSET('2SezJXQD2kQesY8zonhLs$',#18,'Pset_QuantityTakeOff',$,(#8715));
#8861=IFCRELDEFINESBYPROPERTIES('2RSXhOKahpqxLXNekIER72',#18,$,$,(#8859),#8860);
#8862=IFCMAPPEDITEM(#8692,#1188);
#8863=IFCSHAPEREPRESENTATION(#101,'Body','MappedRepresentation',(#8862));
#8864=IFCPRODUCTDEFINITIONSHAPE($,$,(#8863));
#8865=IFCCARTESIANPOINT((12702.623042068824,-3018.9177979671476,0.));
#8866=IFCAXIS2PLACEMENT3D(#8865,$,$);
#8868=IFCCARTESIANPOINT((12702.623042068824,-3018.9177979671476,0.));
#8869=IFCAXIS2PLACEMENT3D(#8868,$,$);
#8870=IFCLOCALPLACEMENT(#268,#8869);
#8871=IFCFURNISHINGELEMENT('2cXV28XOjE6f6irgi0CPYV',#18,'M_Desk:1525 x 762mm:356851',$,'M_Desk:1525 x 762mm',#8870,#8864,'356851');
#8872=IFCPROPERTYSET('2c3HHIgHijnzyI81EkJLWz',#18,'Pset_QuantityTakeOff',$,(#8715));
#8873=IFCRELDEFINESBYPROPERTIES('2ZbYE7cgWAfTvKSKqdd5WA',#18,$,$,(#8871),#8872);
#8874=IFCAXIS2PLACEMENT3D(#3,$,$);
#8876=IFCCARTESIANPOINT((494.51977872848511,0.00021716856963394093,798.27460269927985));
#8877=IFCCARTESIANPOINT((366.79835958480834,0.00022478136811514561,670.55318355560303));
#8878=IFCCARTESIANPOINT((281.65246667861942,0.00021336190184229054,862.13654766082766));
#8879=IFCPOLYLOOP((#8876,#8877,#8878));
#8880=IFCFACEOUTERBOUND(#8879,.T.);
#8881=IFCFACE((#8880));
#8882=IFCCARTESIANPOINT((132.64283022880554,0.00026474784544916474,0.012919250622508116));
#8883=IFCCARTESIANPOINT((-144.08821628093719,0.00026474784544916474,0.012919250622508116));
#8884=IFCCARTESIANPOINT((-5.7226430654525755,0.00022224376862141072,713.12616634368896));
#8885=IFCPOLYLOOP((#8882,#8883,#8884));
#8886=IFCFACEOUTERBOUND(#8885,.T.);
#8887=IFCFACE((#8886));
#8888=IFCCARTESIANPOINT((164.57303967475892,0.00023810376978872227,447.03884696960449));
#8889=IFCPOLYLOOP((#8888,#8882,#8884));
#8890=IFCFACEOUTERBOUND(#8889,.T.);
#8891=IFCFACE((#8890));
#8892=IFCCARTESIANPOINT((207.14727602005004,0.0002190717649227736,766.34363021850584));
#8893=IFCPOLYLOOP((#8892,#8888,#8884));
#8894=IFCFACEOUTERBOUND(#8893,.T.);
#8895=IFCFACE((#8894));
#8896=IFCCARTESIANPOINT((36.850891560316086,0.00020384589074637916,1021.7889392852784));
#8897=IFCPOLYLOOP((#8892,#8884,#8896));
#8898=IFCFACEOUTERBOUND(#8897,.T.);
#8899=IFCFACE((#8898));
#8900=IFCPOLYLOOP((#8878,#8892,#8896));
#8901=IFCFACEOUTERBOUND(#8900,.T.);
#8902=IFCFACE((#8901));
#8903=IFCCARTESIANPOINT((2243.9630310058596,0.00023033923130242329,577.30698566436774));
#8904=IFCCARTESIANPOINT((2218.7674758911135,0.00023049097130751762,574.76026611328132));
#8905=IFCCARTESIANPOINT((2218.5183631896975,0.00022913702355253918,597.47515869140625));
#8906=IFCPOLYLOOP((#8903,#8904,#8905));
#8907=IFCFACEOUTERBOUND(#8906,.T.);
#8908=IFCFACE((#8907));
#8909=IFCCARTESIANPOINT((-846.55864677429201,0.00023620057449988963,478.96985578536987));
#8910=IFCCARTESIANPOINT((-963.63812828063965,0.00023683497870479188,468.32533836364746));
#8911=IFCCARTESIANPOINT((-995.56910076141367,0.00022097496021160625,734.41265773773193));
#8912=IFCPOLYLOOP((#8909,#8910,#8911));
#8913=IFCFACEOUTERBOUND(#8912,.T.);
#8914=IFCFACE((#8913));
#8915=IFCCARTESIANPOINT((-814.62767429351811,0.00022922216289771315,596.04926462173466));
#8916=IFCPOLYLOOP((#8915,#8909,#8911));
#8917=IFCFACEOUTERBOUND(#8916,.T.);
#8918=IFCFACE((#8917));
#8919=IFCCARTESIANPOINT((-3092.3467117309569,5.4761777550993433E-05,3523.007052612305));
#8920=IFCCARTESIANPOINT((-3496.7769676208495,5.3492977804125986E-05,3544.3060432434081));
#8921=IFCCARTESIANPOINT((-3517.1103195190431,5.0206090566007337E-05,3599.4349456787108));
#8922=IFCPOLYLOOP((#8919,#8920,#8921));
#8923=IFCFACEOUTERBOUND(#8922,.T.);
#8924=IFCFACE((#8923));
#8925=IFCCARTESIANPOINT((-3536.2236877441405,4.677534659549565E-05,3657.0038154602053));
#8926=IFCPOLYLOOP((#8919,#8921,#8925));
#8927=IFCFACEOUTERBOUND(#8926,.T.);
#8928=IFCFACE((#8927));
#8929=IFCCARTESIANPOINT((-3552.9223777770999,4.3055866933627839E-05,3719.401750946045));
#8930=IFCPOLYLOOP((#8919,#8925,#8929));
#8931=IFCFACEOUTERBOUND(#8930,.T.);
#8932=IFCFACE((#8931));
#8933=IFCCARTESIANPOINT((-101.5137437582016,0.00021082430234855564,904.7095304489136));
#8934=IFCCARTESIANPOINT((-101.5137437582016,0.00021589976122413646,819.56109409332282));
#8935=IFCCARTESIANPOINT((-293.09760746955874,0.00022351255970534114,691.839674949646));
#8936=IFCPOLYLOOP((#8933,#8934,#8935));
#8937=IFCFACEOUTERBOUND(#8936,.T.);
#8938=IFCFACE((#8937));
#8939=IFCCARTESIANPOINT((-3565.986696624756,3.8903543622836881E-05,3789.0687194824222));
#8940=IFCPOLYLOOP((#8919,#8929,#8939));
#8941=IFCFACEOUTERBOUND(#8940,.T.);
#8942=IFCFACE((#8941));
#8943=IFCCARTESIANPOINT((2963.814440917969,-3.9764154439581038E-05,5108.8811828613279));
#8944=IFCCARTESIANPOINT((3080.8837486267089,-3.5957748701775925E-05,5045.034498596192));
#8945=IFCCARTESIANPOINT((3112.8070907592773,-1.7560109057512818E-05,4736.3742691040043));
#8946=IFCPOLYLOOP((#8943,#8944,#8945));
#8947=IFCFACEOUTERBOUND(#8946,.T.);
#8948=IFCFACE((#8947));
#8949=IFCCARTESIANPOINT((2985.0881423950195,-6.7752754745242786E-06,4555.4326972961426));
#8950=IFCPOLYLOOP((#8943,#8945,#8949));
#8951=IFCFACEOUTERBOUND(#8950,.T.);
#8952=IFCFACE((#8951));
#8953=IFCCARTESIANPOINT((2953.6731994628908,-3.9984262343750743E-05,5112.5920028686523));
#8954=IFCPOLYLOOP((#8953,#8943,#8949));
#8955=IFCFACEOUTERBOUND(#8954,.T.);
#8956=IFCFACE((#8955));
#8957=IFCCARTESIANPOINT((2926.9347152709961,-4.0592738378109063E-05,5122.7838226318363));
#8958=IFCPOLYLOOP((#8957,#8953,#8949));
#8959=IFCFACEOUTERBOUND(#8958,.T.);
#8960=IFCFACE((#8959));
#8961=IFCCARTESIANPOINT((2889.2419578552249,-4.1512057919135259E-05,5138.2119506835943));
#8962=IFCPOLYLOOP((#8961,#8957,#8949));
#8963=IFCFACEOUTERBOUND(#8962,.T.);
#8964=IFCFACE((#8963));
#8965=IFCCARTESIANPOINT((2846.1352867126466,-4.266419822442913E-05,5157.5543746948242));
#8966=IFCPOLYLOOP((#8965,#8961,#8949));
#8967=IFCFACEOUTERBOUND(#8966,.T.);
#8968=IFCFACE((#8967));
#8969=IFCCARTESIANPOINT((-3574.2216590881349,3.41742600426187E-05,3868.4196899414064));
#8970=IFCPOLYLOOP((#8919,#8939,#8969));
#8971=IFCFACEOUTERBOUND(#8970,.T.);
#8972=IFCFACE((#8971));
#8973=IFCCARTESIANPOINT((995.07603492736826,0.00021390581300693157,853.01195926666264));
#8974=IFCCARTESIANPOINT((1013.5387161254883,0.00021558891771746857,824.77400264739993));
#8975=IFCCARTESIANPOINT((994.76595211029053,0.00021843710082976032,776.98811130523688));
#8976=IFCPOLYLOOP((#8973,#8974,#8975));
#8977=IFCFACEOUTERBOUND(#8976,.T.);
#8978=IFCFACE((#8977));
#8979=IFCCARTESIANPOINT((950.3604503631592,0.00021307723773134057,866.91488971710203));
#8980=IFCPOLYLOOP((#8979,#8973,#8975));
#8981=IFCFACEOUTERBOUND(#8980,.T.);
#8982=IFCFACE((#8981));
#8983=IFCCARTESIANPOINT((955.41835384368903,0.00022172196527208145,721.87708568572998));
#8984=IFCPOLYLOOP((#8979,#8975,#8983));
#8985=IFCFACEOUTERBOUND(#8984,.T.);
#8986=IFCFACE((#8985));
#8987=IFCCARTESIANPOINT((890.37704772949223,0.00021279231373227958,871.69323177337651));
#8988=IFCPOLYLOOP((#8987,#8979,#8983));
#8989=IFCFACEOUTERBOUND(#8988,.T.);
#8990=IFCFACE((#8989));
#8991=IFCCARTESIANPOINT((826.11352844238286,0.00021274045739119173,872.56251010894778));
#8992=IFCPOLYLOOP((#8991,#8987,#8983));
#8993=IFCFACEOUTERBOUND(#8992,.T.);
#8994=IFCFACE((#8993));
#8995=IFCCARTESIANPOINT((918.49299144744873,0.00022444103597081267,676.26177406311035));
#8996=IFCPOLYLOOP((#8991,#8983,#8995));
#8997=IFCFACEOUTERBOUND(#8996,.T.);
#8998=IFCFACE((#8997));
#8999=IFCCARTESIANPOINT((882.49533405303953,0.00022649394413747361,641.81961765289304));
#9000=IFCPOLYLOOP((#8991,#8995,#8999));
#9001=IFCFACEOUTERBOUND(#9000,.T.);
#9002=IFCFACE((#9001));
#9003=IFCCARTESIANPOINT((768.55228900909424,0.00021261110241539428,874.73308982849119));
#9004=IFCPOLYLOOP((#9003,#8991,#8999));
#9005=IFCFACEOUTERBOUND(#9004,.T.);
#9006=IFCFACE((#9005));
#9007=IFCCARTESIANPOINT((845.94102458953864,0.00022778129123253167,620.22057266235356));
#9008=IFCPOLYLOOP((#9003,#8999,#9007));
#9009=IFCFACEOUTERBOUND(#9008,.T.);
#9010=IFCFACE((#9009));
#9011=IFCCARTESIANPOINT((807.34076442718504,0.0002282029683556175,613.1470945358277));
#9012=IFCPOLYLOOP((#9003,#9007,#9011));
#9013=IFCFACEOUTERBOUND(#9012,.T.);
#9014=IFCFACE((#9013));
#9015=IFCCARTESIANPOINT((765.19987735748293,0.00022765929975321342,622.26913948059087));
#9016=IFCPOLYLOOP((#9003,#9011,#9015));
#9017=IFCFACEOUTERBOUND(#9016,.T.);
#9018=IFCFACE((#9017));
#9019=IFCCARTESIANPOINT((718.03415164947512,0.00022605017652495009,649.26669216156006));
#9020=IFCPOLYLOOP((#9003,#9015,#9019));
#9021=IFCFACEOUTERBOUND(#9020,.T.);
#9022=IFCFACE((#9021));
#9023=IFCCARTESIANPOINT((671.58255386352539,0.00022406004000004033,682.6541164398194));
#9024=IFCPOLYLOOP((#9003,#9019,#9023));
#9025=IFCFACEOUTERBOUND(#9024,.T.);
#9026=IFCFACE((#9025));
#9027=IFCCARTESIANPOINT((728.67863273620605,0.00021209311075836014,883.42303905487063));
#9028=IFCPOLYLOOP((#9027,#9003,#9023));
#9029=IFCFACEOUTERBOUND(#9028,.T.);
#9030=IFCFACE((#9029));
#9031=IFCCARTESIANPOINT((631.83091049194343,0.00022240261223487325,710.45743389129643));
#9032=IFCPOLYLOOP((#9027,#9023,#9031));
#9033=IFCFACEOUTERBOUND(#9032,.T.);
#9034=IFCFACE((#9033));
#9035=IFCCARTESIANPOINT((597.66577205657961,0.00022102300486039896,733.6068929672241));
#9036=IFCPOLYLOOP((#9027,#9031,#9035));
#9037=IFCFACEOUTERBOUND(#9036,.T.);
#9038=IFCFACE((#9037));
#9039=IFCCARTESIANPOINT((703.7931604385376,0.00021116106536283043,899.06191005706785));
#9040=IFCPOLYLOOP((#9039,#9027,#9035));
#9041=IFCFACEOUTERBOUND(#9040,.T.);
#9042=IFCFACE((#9041));
#9043=IFCCARTESIANPOINT((567.97143630981452,0.00021986501274113835,753.03288745880127));
#9044=IFCPOLYLOOP((#9039,#9035,#9043));
#9045=IFCFACEOUTERBOUND(#9044,.T.);
#9046=IFCFACE((#9045));
#9047=IFCCARTESIANPOINT((683.37340393066404,0.00020999570974709059,918.6124608993531));
#9048=IFCPOLYLOOP((#9047,#9039,#9043));
#9049=IFCFACEOUTERBOUND(#9048,.T.);
#9050=IFCFACE((#9049));
#9051=IFCCARTESIANPOINT((541.62453432083134,0.00021887376483391565,769.66559314727783));
#9052=IFCPOLYLOOP((#9047,#9043,#9051));
#9053=IFCFACEOUTERBOUND(#9052,.T.);
#9054=IFCFACE((#9053));
#9055=IFCCARTESIANPOINT((666.6797281265259,0.00020859754636148864,942.06953201293948));
#9056=IFCPOLYLOOP((#9055,#9047,#9051));
#9057=IFCFACEOUTERBOUND(#9056,.T.);
#9058=IFCFACE((#9057));
#9059=IFCCARTESIANPOINT((517.5142327308655,0.0002179933332172368,784.43518581390379));
#9060=IFCPOLYLOOP((#9055,#9051,#9059));
#9061=IFCFACEOUTERBOUND(#9060,.T.);
#9062=IFCFACE((#9061));
#9063=IFCPOLYLOOP((#9055,#9059,#8876));
#9064=IFCFACEOUTERBOUND(#9063,.T.);
#9065=IFCFACE((#9064));
#9066=IFCCARTESIANPOINT((652.96486759185791,0.00020696629799203949,969.43821029663093));
#9067=IFCPOLYLOOP((#9066,#9055,#8876));
#9068=IFCFACEOUTERBOUND(#9067,.T.);
#9069=IFCFACE((#9068));
#9070=IFCPOLYLOOP((#9066,#8876,#8878));
#9071=IFCFACEOUTERBOUND(#9070,.T.);
#9072=IFCFACE((#9071));
#9073=IFCCARTESIANPOINT((641.48162956237798,0.00020510198196461716,1000.7184957504273));
#9074=IFCPOLYLOOP((#9073,#9066,#8878));
#9075=IFCFACEOUTERBOUND(#9074,.T.);
#9076=IFCFACE((#9075));
#9077=IFCCARTESIANPOINT((631.49030628204343,0.00020300435571698471,1035.9079175949098));
#9078=IFCPOLYLOOP((#9077,#9073,#8878));
#9079=IFCFACEOUTERBOUND(#9078,.T.);
#9080=IFCFACE((#9079));
#9081=IFCCARTESIANPOINT((622.24370498657231,0.00020067388704774204,1075.0064031600953));
#9082=IFCPOLYLOOP((#9081,#9077,#8878));
#9083=IFCFACEOUTERBOUND(#9082,.T.);
#9084=IFCFACE((#9083));
#9085=IFCCARTESIANPOINT((617.15528011322021,0.00019835639545817685,1113.8862974166871));
#9086=IFCPOLYLOOP((#9085,#9081,#8878));
#9087=IFCFACEOUTERBOUND(#9086,.T.);
#9088=IFCFACE((#9087));
#9089=IFCPOLYLOOP((#9085,#8878,#8896));
#9090=IFCFACEOUTERBOUND(#9089,.T.);
#9091=IFCFACE((#9090));
#9092=IFCCARTESIANPOINT((619.32585983276374,0.00019627197152658483,1148.8571279525756));
#9093=IFCPOLYLOOP((#9092,#9085,#8896));
#9094=IFCFACEOUTERBOUND(#9093,.T.);
#9095=IFCFACE((#9094));
#9096=IFCCARTESIANPOINT((627.54817771911621,0.00019438173599155563,1180.5720525741579));
#9097=IFCPOLYLOOP((#9096,#9092,#8896));
#9098=IFCFACEOUTERBOUND(#9097,.T.);
#9099=IFCFACE((#9098));
#9100=IFCCARTESIANPOINT((-3576.3819923400879,2.8723397122121241E-05,3959.8690498352053));
#9101=IFCPOLYLOOP((#8919,#8969,#9100));
#9102=IFCFACEOUTERBOUND(#9101,.T.);
#9103=IFCFACE((#9102));
#9104=IFCCARTESIANPOINT((640.61235122680671,0.00019264679226580484,1209.6792875289918));
#9105=IFCPOLYLOOP((#9104,#9096,#8896));
#9106=IFCFACEOUTERBOUND(#9105,.T.);
#9107=IFCFACE((#9106));
#9108=IFCCARTESIANPOINT((-3571.2985816955565,2.2407197752727372E-05,4065.8311866760255));
#9109=IFCPOLYLOOP((#8919,#9100,#9108));
#9110=IFCFACEOUTERBOUND(#9109,.T.);
#9111=IFCFACE((#9110));
#9112=IFCCARTESIANPOINT((2803.2318008422853,-4.3971885895643935E-05,5179.488500976563));
#9113=IFCPOLYLOOP((#9112,#8965,#8949));
#9114=IFCFACEOUTERBOUND(#9113,.T.);
#9115=IFCFACE((#9114));
#9116=IFCCARTESIANPOINT((-388.88803596496581,0.00022351255970534114,691.839674949646));
#9117=IFCPOLYLOOP((#8933,#8935,#9116));
#9118=IFCFACEOUTERBOUND(#9117,.T.);
#9119=IFCFACE((#9118));
#9120=IFCCARTESIANPOINT((2962.7470642089843,-4.6075877236262388E-06,4519.0616615295412));
#9121=IFCPOLYLOOP((#9112,#8949,#9120));
#9122=IFCFACEOUTERBOUND(#9121,.T.);
#9123=IFCFACE((#9122));
#9124=IFCCARTESIANPOINT((2269.8117439270022,0.0002300932038906467,581.43213357925413));
#9125=IFCPOLYLOOP((#9124,#8903,#8905));
#9126=IFCFACEOUTERBOUND(#9125,.T.);
#9127=IFCFACE((#9126));
#9128=IFCCARTESIANPOINT((2216.7799518585207,0.00022781637612752094,619.63085575103764));
#9129=IFCPOLYLOOP((#9124,#8905,#9128));
#9130=IFCFACEOUTERBOUND(#9129,.T.);
#9131=IFCFACE((#9130));
#9132=IFCCARTESIANPOINT((2296.9644470214844,0.00022965856701375744,588.72416667938239));
#9133=IFCPOLYLOOP((#9132,#9124,#9128));
#9134=IFCFACEOUTERBOUND(#9133,.T.);
#9135=IFCFACE((#9134));
#9136=IFCCARTESIANPOINT((2212.0625072479247,0.00022656231203654897,640.67077789306643));
#9137=IFCPOLYLOOP((#9132,#9128,#9136));
#9138=IFCFACEOUTERBOUND(#9137,.T.);
#9139=IFCFACE((#9138));
#9140=IFCCARTESIANPOINT((2326.0690658569338,0.00022894080802871031,600.76405677795412));
#9141=IFCPOLYLOOP((#9140,#9132,#9136));
#9142=IFCFACEOUTERBOUND(#9141,.T.);
#9143=IFCFACE((#9142));
#9144=IFCCARTESIANPOINT((2357.7839904785155,0.00022784586476518598,619.13524646759038));
#9145=IFCPOLYLOOP((#9144,#9140,#9136));
#9146=IFCFACEOUTERBOUND(#9145,.T.);
#9147=IFCFACE((#9146));
#9148=IFCCARTESIANPOINT((2202.8794921875001,0.00022540814893545758,660.03325881958006));
#9149=IFCPOLYLOOP((#9144,#9136,#9148));
#9150=IFCFACEOUTERBOUND(#9149,.T.);
#9151=IFCFACE((#9150));
#9152=IFCCARTESIANPOINT((2392.7548210144046,0.0002262794324906281,645.41867122650149));
#9153=IFCPOLYLOOP((#9152,#9144,#9148));
#9154=IFCFACEOUTERBOUND(#9153,.T.);
#9155=IFCFACE((#9154));
#9156=IFCCARTESIANPOINT((2431.637331390381,0.00022414696391024336,681.19519386291506));
#9157=IFCPOLYLOOP((#9156,#9152,#9148));
#9158=IFCFACEOUTERBOUND(#9157,.T.);
#9159=IFCFACE((#9158));
#9160=IFCCARTESIANPOINT((2187.7362304687499,0.00022438741239056982,677.16157379150388));
#9161=IFCPOLYLOOP((#9156,#9148,#9160));
#9162=IFCFACEOUTERBOUND(#9161,.T.);
#9163=IFCFACE((#9162));
#9164=IFCCARTESIANPOINT((-676.26431751251221,0.00022795337181378273,617.33571968078616));
#9165=IFCPOLYLOOP((#9164,#8915,#8911));
#9166=IFCFACEOUTERBOUND(#9165,.T.);
#9167=IFCFACE((#9166));
#9168=IFCCARTESIANPOINT((4242.8584625244139,0.00013954574305898859,2100.5671325683593));
#9169=IFCCARTESIANPOINT((4267.4363227844242,0.00013940163510142156,2102.986897659302));
#9170=IFCCARTESIANPOINT((4285.0247840881348,0.00014025613854755649,2088.6518714904787));
#9171=IFCPOLYLOOP((#9168,#9169,#9170));
#9172=IFCFACEOUTERBOUND(#9171,.T.);
#9173=IFCFACE((#9172));
#9174=IFCCARTESIANPOINT((4294.2509651184082,0.0001423090467142174,2054.2071716308596));
#9175=IFCPOLYLOOP((#9168,#9170,#9174));
#9176=IFCFACEOUTERBOUND(#9175,.T.);
#9177=IFCFACE((#9176));
#9178=IFCCARTESIANPOINT((4212.6887924194334,0.00014048895498035565,2084.7401916503909));
#9179=IFCPOLYLOOP((#9178,#9168,#9174));
#9180=IFCFACEOUTERBOUND(#9179,.T.);
#9181=IFCFACE((#9180));
#9182=IFCCARTESIANPOINT((4299.2835067749029,0.00014475057423624094,2013.2455730438232));
#9183=IFCPOLYLOOP((#9178,#9174,#9182));
#9184=IFCFACEOUTERBOUND(#9183,.T.);
#9185=IFCFACE((#9184));
#9186=IFCCARTESIANPOINT((4178.3507720947264,0.0001420317547626837,2058.8609573364261));
#9187=IFCPOLYLOOP((#9186,#9178,#9182));
#9188=IFCFACEOUTERBOUND(#9187,.T.);
#9189=IFCFACE((#9188));
#9190=IFCCARTESIANPOINT((4141.2169921875002,0.00014397358675068971,2026.2792251586916));
#9191=IFCPOLYLOOP((#9190,#9186,#9182));
#9192=IFCFACEOUTERBOUND(#9191,.T.);
#9193=IFCFACE((#9192));
#9194=IFCCARTESIANPOINT((4304.4939445495611,0.00014677018207294169,1979.3601413726808));
#9195=IFCPOLYLOOP((#9190,#9182,#9194));
#9196=IFCFACEOUTERBOUND(#9195,.T.);
#9197=IFCFACE((#9196));
#9198=IFCCARTESIANPOINT((4308.7637420654301,0.00014856791476631771,1949.1980289459229));
#9199=IFCPOLYLOOP((#9190,#9194,#9198));
#9200=IFCFACEOUTERBOUND(#9199,.T.);
#9201=IFCFACE((#9200));
#9202=IFCCARTESIANPOINT((4102.6600433349613,0.00014611545461775676,1990.3452266693116));
#9203=IFCPOLYLOOP((#9202,#9190,#9198));
#9204=IFCFACEOUTERBOUND(#9203,.T.);
#9205=IFCFACE((#9204));
#9206=IFCCARTESIANPOINT((4311.0005241394047,0.00015034352231850791,1919.4097309112549));
#9207=IFCPOLYLOOP((#9202,#9198,#9206));
#9208=IFCFACEOUTERBOUND(#9207,.T.);
#9209=IFCFACE((#9208));
#9210=IFCCARTESIANPOINT((4310.0854637145994,0.00015229678938339931,1886.6425449371338));
#9211=IFCPOLYLOOP((#9202,#9206,#9210));
#9212=IFCFACEOUTERBOUND(#9211,.T.);
#9213=IFCFACE((#9212));
#9214=IFCCARTESIANPOINT((4304.849736785889,0.00015462724072676793,1847.5440593719484));
#9215=IFCPOLYLOOP((#9202,#9210,#9214));
#9216=IFCFACEOUTERBOUND(#9215,.T.);
#9217=IFCFACE((#9216));
#9218=IFCCARTESIANPOINT((4294.2509651184082,0.00015753466100250081,1798.7618625640869));
#9219=IFCPOLYLOOP((#9202,#9214,#9218));
#9220=IFCFACEOUTERBOUND(#9219,.T.);
#9221=IFCFACE((#9220));
#9222=IFCCARTESIANPOINT((3985.590735626221,0.00014992184519542208,1926.4857524871827));
#9223=IFCPOLYLOOP((#9222,#9202,#9218));
#9224=IFCFACEOUTERBOUND(#9223,.T.);
#9225=IFCFACE((#9224));
#9226=IFCCARTESIANPOINT((4287.8205436706548,0.00016068810869001028,1745.8544815063476));
#9227=IFCPOLYLOOP((#9222,#9218,#9226));
#9228=IFCFACEOUTERBOUND(#9227,.T.);
#9229=IFCFACE((#9228));
#9230=IFCCARTESIANPOINT((4291.0738334655762,0.00016365296423828112,1696.1139129638673));
#9231=IFCPOLYLOOP((#9222,#9226,#9230));
#9232=IFCFACEOUTERBOUND(#9231,.T.);
#9233=IFCFACE((#9232));
#9234=IFCCARTESIANPOINT((4296.7670906066896,0.00016647370316604792,1648.7932548522949));
#9235=IFCPOLYLOOP((#9222,#9230,#9234));
#9236=IFCFACEOUTERBOUND(#9235,.T.);
#9237=IFCFACE((#9236));
#9238=IFCCARTESIANPOINT((4297.6059928894047,0.00016919431586757128,1603.1448783874512));
#9239=IFCPOLYLOOP((#9222,#9234,#9238));
#9240=IFCFACEOUTERBOUND(#9239,.T.);
#9241=IFCFACE((#9240));
#9242=IFCCARTESIANPOINT((4286.3462150573732,0.00017185950309794862,1558.4317646026611));
#9243=IFCPOLYLOOP((#9222,#9238,#9242));
#9244=IFCFACEOUTERBOUND(#9243,.T.);
#9245=IFCFACE((#9244));
#9246=IFCCARTESIANPOINT((4255.7193054199224,0.00017451377502766263,1513.9017791748047));
#9247=IFCPOLYLOOP((#9222,#9242,#9246));
#9248=IFCFACEOUTERBOUND(#9247,.T.);
#9249=IFCFACE((#9248));
#9250=IFCCARTESIANPOINT((4198.4553588867193,0.00017720107007335173,1468.8151416778564));
#9251=IFCPOLYLOOP((#9222,#9246,#9250));
#9252=IFCFACEOUTERBOUND(#9251,.T.);
#9253=IFCFACE((#9252));
#9254=IFCCARTESIANPOINT((4135.1932319641119,0.00017908775380419685,1437.1637306213379));
#9255=IFCPOLYLOOP((#9222,#9250,#9254));
#9256=IFCFACEOUTERBOUND(#9255,.T.);
#9257=IFCFACE((#9256));
#9258=IFCCARTESIANPOINT((4088.4774787902834,0.00017970919825529563,1426.7377681732178));
#9259=IFCPOLYLOOP((#9222,#9254,#9258));
#9260=IFCFACEOUTERBOUND(#9259,.T.);
#9261=IFCFACE((#9260));
#9262=IFCCARTESIANPOINT((4054.0633003234866,0.00017966472273656109,1427.4824901580812));
#9263=IFCPOLYLOOP((#9222,#9258,#9262));
#9264=IFCFACEOUTERBOUND(#9263,.T.);
#9265=IFCFACE((#9264));
#9266=IFCCARTESIANPOINT((4027.6553192138672,0.00017955390644601722,1429.3429870605469));
#9267=IFCPOLYLOOP((#9222,#9262,#9266));
#9268=IFCFACEOUTERBOUND(#9267,.T.);
#9269=IFCFACE((#9268));
#9270=IFCCARTESIANPOINT((4004.9837379455566,0.00017997556624322898,1422.2695816040039));
#9271=IFCPOLYLOOP((#9222,#9266,#9270));
#9272=IFCFACEOUTERBOUND(#9271,.T.);
#9273=IFCFACE((#9272));
#9274=IFCCARTESIANPOINT((3772.7258216857913,0.00014548105041285454,2000.9896350860597));
#9275=IFCPOLYLOOP((#9274,#9222,#9270));
#9276=IFCFACEOUTERBOUND(#9275,.T.);
#9277=IFCFACE((#9276));
#9278=IFCCARTESIANPOINT((3981.7273086547852,0.00018152902143810933,1396.2021320343017));
#9279=IFCPOLYLOOP((#9274,#9270,#9278));
#9280=IFCFACEOUTERBOUND(#9279,.T.);
#9281=IFCFACE((#9280));
#9282=IFCCARTESIANPOINT((3953.6673934936525,0.00018481388588043046,1341.0937225341797));
#9283=IFCPOLYLOOP((#9274,#9278,#9282));
#9284=IFCFACEOUTERBOUND(#9283,.T.);
#9285=IFCFACE((#9284));
#9286=IFCCARTESIANPOINT((2766.072731781006,-4.535734941555347E-05,5202.7196411132818));
#9287=IFCPOLYLOOP((#9286,#9112,#9120));
#9288=IFCFACEOUTERBOUND(#9287,.T.);
#9289=IFCFACE((#9288));
#9290=IFCCARTESIANPOINT((2943.2014549255373,-2.4842853427742284E-06,4483.427208709717));
#9291=IFCPOLYLOOP((#9286,#9120,#9290));
#9292=IFCFACEOUTERBOUND(#9291,.T.);
#9293=IFCFACE((#9292));
#9294=IFCCARTESIANPOINT((3538.561917114258,9.1557004861897442E-05,2905.6865936279296));
#9295=IFCCARTESIANPOINT((3581.1348999023439,0.00010741702335508308,2639.5990562438965));
#9296=IFCCARTESIANPOINT((3571.8578498840334,0.00010822526671745436,2626.0266288757325));
#9297=IFCPOLYLOOP((#9294,#9295,#9296));
#9298=IFCFACEOUTERBOUND(#9297,.T.);
#9299=IFCFACE((#9298));
#9300=IFCCARTESIANPOINT((3561.6404502868654,0.00010898904322402814,2613.216654968262));
#9301=IFCPOLYLOOP((#9294,#9296,#9300));
#9302=IFCFACEOUTERBOUND(#9301,.T.);
#9303=IFCFACE((#9302));
#9304=IFCCARTESIANPOINT((3549.5673500061034,0.0001096641112553698,2601.9062988281253));
#9305=IFCPOLYLOOP((#9294,#9300,#9304));
#9306=IFCFACEOUTERBOUND(#9305,.T.);
#9307=IFCFACE((#9306));
#9308=IFCCARTESIANPOINT((3534.7240699768067,0.00011020624651791877,2592.8071449279787));
#9309=IFCPOLYLOOP((#9294,#9304,#9308));
#9310=IFCFACEOUTERBOUND(#9309,.T.);
#9311=IFCFACE((#9310));
#9312=IFCCARTESIANPOINT((3516.1191009521485,0.00011057047104259255,2586.6816467285157));
#9313=IFCPOLYLOOP((#9294,#9308,#9312));
#9314=IFCFACEOUTERBOUND(#9313,.T.);
#9315=IFCFACE((#9314));
#9316=IFCCARTESIANPOINT((3492.8882514953616,0.00011071280309806753,2584.2925483703616));
#9317=IFCPOLYLOOP((#9294,#9312,#9316));
#9318=IFCFACEOUTERBOUND(#9317,.T.);
#9319=IFCFACE((#9318));
#9320=IFCCARTESIANPOINT((3464.0655921936036,0.00011058901839078317,2586.3767234802249));
#9321=IFCPOLYLOOP((#9294,#9316,#9320));
#9322=IFCFACEOUTERBOUND(#9321,.T.);
#9323=IFCFACE((#9322));
#9324=IFCCARTESIANPOINT((3437.3782676696778,0.00011021361867733504,2592.6801177978518));
#9325=IFCPOLYLOOP((#9294,#9320,#9324));
#9326=IFCFACEOUTERBOUND(#9325,.T.);
#9327=IFCFACE((#9326));
#9328=IFCCARTESIANPOINT((3418.696849822998,0.00010968265860356041,2601.5757957458495));
#9329=IFCPOLYLOOP((#9294,#9324,#9328));
#9330=IFCFACEOUTERBOUND(#9329,.T.);
#9331=IFCFACE((#9330));
#9332=IFCCARTESIANPOINT((3404.285520172119,0.00010907419123213914,2611.7931953430175));
#9333=IFCPOLYLOOP((#9294,#9328,#9332));
#9334=IFCFACEOUTERBOUND(#9333,.T.);
#9335=IFCFACE((#9334));
#9336=IFCCARTESIANPOINT((3390.4590385437014,0.00010846571519778081,2622.0108856201173));
#9337=IFCPOLYLOOP((#9294,#9332,#9336));
#9338=IFCFACEOUTERBOUND(#9337,.T.);
#9339=IFCFACE((#9338));
#9340=IFCCARTESIANPOINT((3373.4551345825198,0.00010793475512400618,2630.9065635681154));
#9341=IFCPOLYLOOP((#9294,#9336,#9340));
#9342=IFCFACEOUTERBOUND(#9341,.T.);
#9343=IFCFACE((#9342));
#9344=IFCCARTESIANPOINT((3349.5635696411132,0.00010755935541055806,2637.2099578857424));
#9345=IFCPOLYLOOP((#9294,#9340,#9344));
#9346=IFCFACEOUTERBOUND(#9345,.T.);
#9347=IFCFACE((#9346));
#9348=IFCCARTESIANPOINT((3315.0476531982422,0.00010741702335508308,2639.5990562438965));
#9349=IFCPOLYLOOP((#9294,#9344,#9348));
#9350=IFCFACEOUTERBOUND(#9349,.T.);
#9351=IFCFACE((#9350));
#9352=IFCCARTESIANPOINT((3277.1005508422854,0.00010752783964562695,2637.7436462402343));
#9353=IFCPOLYLOOP((#9294,#9348,#9352));
#9354=IFCFACEOUTERBOUND(#9353,.T.);
#9355=IFCFACE((#9354));
#9356=IFCCARTESIANPOINT((-3568.3757949829101,1.6762305617135097E-05,4160.5338363647461));
#9357=IFCPOLYLOOP((#8919,#9108,#9356));
#9358=IFCFACEOUTERBOUND(#9357,.T.);
#9359=IFCFACE((#9358));
#9360=IFCCARTESIANPOINT((-3043.7499687194827,5.513336990361495E-05,3516.7798164367678));
#9361=IFCPOLYLOOP((#9360,#8919,#9356));
#9362=IFCFACEOUTERBOUND(#9361,.T.);
#9363=IFCFACE((#9362));
#9364=IFCCARTESIANPOINT((657.3085704803467,0.00019102852097603319,1236.8293018341064));
#9365=IFCPOLYLOOP((#9364,#9104,#8896));
#9366=IFCFACEOUTERBOUND(#9365,.T.);
#9367=IFCFACE((#9366));
#9368=IFCCARTESIANPOINT((2218.7674758911135,-6.6408975112608462E-05,5555.9097106933596));
#9369=IFCCARTESIANPOINT((2559.358605194092,-6.5774575239174745E-05,5545.2603607177734));
#9370=IFCCARTESIANPOINT((2579.7684059143066,-6.4681403546273938E-05,5526.9347351074221));
#9371=IFCPOLYLOOP((#9368,#9369,#9370));
#9372=IFCFACEOUTERBOUND(#9371,.T.);
#9373=IFCFACE((#9372));
#9374=IFCCARTESIANPOINT((2599.5424896240233,-6.3555187080055478E-05,5508.024842834473));
#9375=IFCPOLYLOOP((#9368,#9370,#9374));
#9376=IFCFACEOUTERBOUND(#9375,.T.);
#9377=IFCFACE((#9376));
#9378=IFCCARTESIANPOINT((2617.995142364502,-6.2362127391679681E-05,5488.0219940185552));
#9379=IFCPOLYLOOP((#9368,#9374,#9378));
#9380=IFCFACEOUTERBOUND(#9379,.T.);
#9381=IFCFACE((#9380));
#9382=IFCCARTESIANPOINT((2634.515936279297,-6.10691840392974E-05,5466.3413406372074));
#9383=IFCPOLYLOOP((#9368,#9378,#9382));
#9384=IFCFACEOUTERBOUND(#9383,.T.);
#9385=IFCFACE((#9384));
#9386=IFCCARTESIANPOINT((2648.4188667297362,-5.9643307918122448E-05,5442.3991973876955));
#9387=IFCPOLYLOOP((#9368,#9382,#9386));
#9388=IFCFACEOUTERBOUND(#9387,.T.);
#9389=IFCFACE((#9388));
#9390=IFCCARTESIANPOINT((2659.0685073852542,-5.805069624784665E-05,5415.6857116699221));
#9391=IFCPOLYLOOP((#9368,#9386,#9390));
#9392=IFCFACEOUTERBOUND(#9391,.T.);
#9393=IFCFACE((#9392));
#9394=IFCCARTESIANPOINT((2665.8038520812988,-5.6258564143263357E-05,5385.6177795410158));
#9395=IFCPOLYLOOP((#9368,#9390,#9394));
#9396=IFCFACEOUTERBOUND(#9395,.T.);
#9397=IFCFACE((#9396));
#9398=IFCCARTESIANPOINT((2671.0395790100097,-5.4499732368640255E-05,5356.1091156005859));
#9399=IFCPOLYLOOP((#9368,#9394,#9398));
#9400=IFCFACEOUTERBOUND(#9399,.T.);
#9401=IFCFACE((#9400));
#9402=IFCCARTESIANPOINT((2677.7749237060548,-5.2984896547059181E-05,5330.6926437377933));
#9403=IFCPOLYLOOP((#9368,#9398,#9402));
#9404=IFCFACEOUTERBOUND(#9403,.T.);
#9405=IFCFACE((#9404));
#9406=IFCCARTESIANPOINT((2686.1880729675295,-5.1647724569647834E-05,5308.2498275756834));
#9407=IFCPOLYLOOP((#9368,#9402,#9406));
#9408=IFCFACEOUTERBOUND(#9407,.T.);
#9409=IFCFACE((#9408));
#9410=IFCCARTESIANPOINT((-2012.8110065460205,-6.8097658754595614E-05,5584.2492599487305));
#9411=IFCCARTESIANPOINT((-1953.48076171875,-6.5140171034272496E-05,5534.6360092163086));
#9412=IFCCARTESIANPOINT((-1946.4378776550293,-6.2994751363021348E-05,5498.6207656860352));
#9413=IFCPOLYLOOP((#9410,#9411,#9412));
#9414=IFCFACEOUTERBOUND(#9413,.T.);
#9415=IFCFACE((#9414));
#9416=IFCCARTESIANPOINT((3121.1437911987305,0.00013461491191719689,2183.2934783935548));
#9417=IFCCARTESIANPOINT((3123.4567314147948,0.00013786824326871285,2128.7110542297364));
#9418=IFCCARTESIANPOINT((3096.5912200927737,0.00014002663135670446,2092.4974216461183));
#9419=IFCPOLYLOOP((#9416,#9417,#9418));
#9420=IFCFACEOUTERBOUND(#9419,.T.);
#9421=IFCFACE((#9420));
#9422=IFCCARTESIANPOINT((3926.4205101013185,0.00018875727214435757,1274.9365688323976));
#9423=IFCPOLYLOOP((#9274,#9282,#9422));
#9424=IFCFACEOUTERBOUND(#9423,.T.);
#9425=IFCFACE((#9424));
#9426=IFCCARTESIANPOINT((-1071.0033044815063,0.00023076470279193018,570.16999397277834));
#9427=IFCCARTESIANPOINT((-1071.0947959899902,0.00023168021930359829,554.80814094543462));
#9428=IFCCARTESIANPOINT((-1080.1253494262696,0.00023239595116137935,542.80131568908689));
#9429=IFCPOLYLOOP((#9426,#9427,#9428));
#9430=IFCFACEOUTERBOUND(#9429,.T.);
#9431=IFCFACE((#9430));
#9432=IFCCARTESIANPOINT((-1100.3265146255494,0.00023286208647732565,534.98060846328735));
#9433=IFCPOLYLOOP((#9426,#9428,#9432));
#9434=IFCFACEOUTERBOUND(#9433,.T.);
#9435=IFCFACE((#9434));
#9436=IFCCARTESIANPOINT((-1077.6116220474244,0.0002296992481660709,588.042994594574));
#9437=IFCPOLYLOOP((#9436,#9426,#9432));
#9438=IFCFACEOUTERBOUND(#9437,.T.);
#9439=IFCFACE((#9438));
#9440=IFCCARTESIANPOINT((-1133.9324575424196,0.00023302857080125252,532.18728332519538));
#9441=IFCPOLYLOOP((#9436,#9432,#9440));
#9442=IFCFACEOUTERBOUND(#9441,.T.);
#9443=IFCFACE((#9442));
#9444=IFCCARTESIANPOINT((-1088.6907423019409,0.00022853413511256804,607.59100198745728));
#9445=IFCPOLYLOOP((#9444,#9436,#9440));
#9446=IFCFACEOUTERBOUND(#9445,.T.);
#9447=IFCFACE((#9446));
#9448=IFCCARTESIANPOINT((-1102.0014850616456,0.00022731870772076947,627.97772998809819));
#9449=IFCPOLYLOOP((#9448,#9444,#9440));
#9450=IFCFACEOUTERBOUND(#9449,.T.);
#9451=IFCFACE((#9450));
#9452=IFCCARTESIANPOINT((-1167.35287399292,0.00023288064248845332,534.67052564620974));
#9453=IFCPOLYLOOP((#9448,#9440,#9452));
#9454=IFCFACEOUTERBOUND(#9453,.T.);
#9455=IFCFACE((#9454));
#9456=IFCCARTESIANPOINT((-1188.8578840255739,0.00023246610362548381,541.61944742202763));
#9457=IFCPOLYLOOP((#9448,#9452,#9456));
#9458=IFCFACEOUTERBOUND(#9457,.T.);
#9459=IFCFACE((#9458));
#9460=IFCCARTESIANPOINT((-1203.4724716186524,0.0002318299148555525,552.29444990158083));
#9461=IFCPOLYLOOP((#9448,#9456,#9460));
#9462=IFCFACEOUTERBOUND(#9461,.T.);
#9463=IFCFACE((#9462));
#9464=IFCCARTESIANPOINT((-1216.2265623092651,0.00023101608389879404,565.94830398559577));
#9465=IFCPOLYLOOP((#9448,#9460,#9464));
#9466=IFCFACEOUTERBOUND(#9465,.T.);
#9467=IFCFACE((#9466));
#9468=IFCCARTESIANPOINT((-1232.1451400756837,0.00023006905162219484,581.83625135421755));
#9469=IFCPOLYLOOP((#9448,#9464,#9468));
#9470=IFCFACEOUTERBOUND(#9469,.T.);
#9471=IFCFACE((#9470));
#9472=IFCCARTESIANPOINT((-1256.2552963256837,0.00022903332819623756,599.21364269256594));
#9473=IFCPOLYLOOP((#9448,#9468,#9472));
#9474=IFCFACEOUTERBOUND(#9473,.T.);
#9475=IFCFACE((#9474));
#9476=IFCCARTESIANPOINT((3244.7196784973144,0.00010783868315229483,2632.5334991455079));
#9477=IFCPOLYLOOP((#9294,#9352,#9476));
#9478=IFCFACEOUTERBOUND(#9477,.T.);
#9479=IFCFACE((#9478));
#9480=IFCCARTESIANPOINT((-1293.5848491668701,0.00022795337181378273,617.33571968078616));
#9481=IFCPOLYLOOP((#9448,#9472,#9480));
#9482=IFCFACEOUTERBOUND(#9481,.T.);
#9483=IFCFACE((#9482));
#9484=IFCPOLYLOOP((#8911,#9448,#9480));
#9485=IFCFACEOUTERBOUND(#9484,.T.);
#9486=IFCFACE((#9485));
#9487=IFCCARTESIANPOINT((-1336.4067993164062,0.00022699516434840917,633.40922985076907));
#9488=IFCPOLYLOOP((#8911,#9480,#9487));
#9489=IFCFACEOUTERBOUND(#9488,.T.);
#9490=IFCFACE((#9489));
#9491=IFCCARTESIANPOINT((2929.2476554870605,-4.4974317789936438E-07,4449.2926643371584));
#9492=IFCPOLYLOOP((#9286,#9290,#9491));
#9493=IFCFACEOUTERBOUND(#9492,.T.);
#9494=IFCFACE((#9493));
#9495=IFCCARTESIANPOINT((-2563.6286933898928,0.00013404887561137003,2192.789119720459));
#9496=IFCCARTESIANPOINT((-2563.8574584960938,0.00013200333960412537,2227.1092632293703));
#9497=IFCCARTESIANPOINT((-2545.8370468139651,0.00013050147219928476,2252.3048183441165));
#9498=IFCPOLYLOOP((#9495,#9496,#9497));
#9499=IFCFACEOUTERBOUND(#9498,.T.);
#9500=IFCFACE((#9499));
#9501=IFCCARTESIANPOINT((-2506.9443626403809,0.00012962104058260594,2267.0770271301271));
#9502=IFCPOLYLOOP((#9495,#9497,#9501));
#9503=IFCFACEOUTERBOUND(#9502,.T.);
#9504=IFCFACE((#9503));
#9505=IFCCARTESIANPOINT((-2547.7686149597171,0.00013656055559749803,2150.6507034301758));
#9506=IFCPOLYLOOP((#9505,#9495,#9501));
#9507=IFCFACEOUTERBOUND(#9506,.T.);
#9508=IFCFACE((#9507));
#9509=IFCCARTESIANPOINT((-2456.6116790771484,0.00012953029631717074,2268.5968471527099));
#9510=IFCPOLYLOOP((#9505,#9501,#9509));
#9511=IFCFACEOUTERBOUND(#9510,.T.);
#9512=IFCFACE((#9511));
#9513=IFCCARTESIANPOINT((-2518.8901451110842,0.00013946085493898863,2101.9930629730225));
#9514=IFCPOLYLOOP((#9513,#9505,#9509));
#9515=IFCFACEOUTERBOUND(#9514,.T.);
#9516=IFCFACE((#9515));
#9517=IFCCARTESIANPOINT((-2407.9566547393802,0.00012998348054225062,2260.994694900513));
#9518=IFCPOLYLOOP((#9513,#9509,#9517));
#9519=IFCFACEOUTERBOUND(#9518,.T.);
#9520=IFCFACE((#9519));
#9521=IFCCARTESIANPOINT((-2479.5756843566896,0.0001426714866738621,2048.1249847412109));
#9522=IFCPOLYLOOP((#9521,#9513,#9517));
#9523=IFCFACEOUTERBOUND(#9522,.T.);
#9524=IFCFACE((#9523));
#9525=IFCCARTESIANPOINT((-2363.9526546478273,0.00013043665610439349,2253.3926879882815));
#9526=IFCPOLYLOOP((#9521,#9517,#9525));
#9527=IFCFACEOUTERBOUND(#9526,.T.);
#9528=IFCFACE((#9527));
#9529=IFCCARTESIANPOINT((-2432.438009262085,0.00014611545461775676,1990.3452266693116));
#9530=IFCPOLYLOOP((#9529,#9521,#9525));
#9531=IFCFACEOUTERBOUND(#9530,.T.);
#9532=IFCFACE((#9531));
#9533=IFCCARTESIANPOINT((-2327.5864151000978,0.00013034617172706932,2254.9125080108643));
#9534=IFCPOLYLOOP((#9529,#9525,#9533));
#9535=IFCFACEOUTERBOUND(#9534,.T.);
#9536=IFCFACE((#9535));
#9537=IFCCARTESIANPOINT((-2390.7646808624268,0.00014947986214792764,1933.8998348236084));
#9538=IFCPOLYLOOP((#9537,#9529,#9533));
#9539=IFCFACEOUTERBOUND(#9538,.T.);
#9540=IFCFACE((#9539));
#9541=IFCCARTESIANPOINT((-2301.8292663574221,0.00012916785635752603,2274.6791793823245));
#9542=IFCPOLYLOOP((#9537,#9533,#9541));
#9543=IFCFACEOUTERBOUND(#9542,.T.);
#9544=IFCFACE((#9543));
#9545=IFCCARTESIANPOINT((-2363.6121231079101,0.00015260000950547691,1881.5515766143799));
#9546=IFCPOLYLOOP((#9545,#9537,#9541));
#9547=IFCFACEOUTERBOUND(#9546,.T.);
#9548=IFCFACE((#9547));
#9549=IFCCARTESIANPOINT((2740.3001770019532,-4.6742557378820494E-05,5225.9757797241209));
#9550=IFCPOLYLOOP((#9549,#9286,#9491));
#9551=IFCFACEOUTERBOUND(#9550,.T.);
#9552=IFCFACE((#9551));
#9553=IFCCARTESIANPOINT((2696.4563415527346,-5.0421368882780371E-05,5287.6877105712892));
#9554=IFCPOLYLOOP((#9368,#9406,#9553));
#9555=IFCFACEOUTERBOUND(#9554,.T.);
#9556=IFCFACE((#9555));
#9557=IFCCARTESIANPOINT((676.4219387054444,0.00018948774832097114,1262.6781600952149));
#9558=IFCPOLYLOOP((#9557,#9364,#8896));
#9559=IFCFACEOUTERBOUND(#9558,.T.);
#9560=IFCFACE((#9559));
#9561=IFCCARTESIANPOINT((-1374.2014400482178,0.00022627028442911978,645.57367630004887));
#9562=IFCPOLYLOOP((#8911,#9487,#9561));
#9563=IFCFACEOUTERBOUND(#9562,.T.);
#9564=IFCFACE((#9563));
#9565=IFCCARTESIANPOINT((-3574.0181831359864,1.3059475037380253E-05,4222.6521377563477));
#9566=IFCPOLYLOOP((#9360,#9356,#9565));
#9567=IFCFACEOUTERBOUND(#9566,.T.);
#9568=IFCFACE((#9567));
#9569=IFCCARTESIANPOINT((-2990.2985801696777,5.6182061746312685E-05,3499.1660659790041));
#9570=IFCPOLYLOOP((#9569,#9360,#9565));
#9571=IFCFACEOUTERBOUND(#9570,.T.);
#9572=IFCFACE((#9571));
#9573=IFCCARTESIANPOINT((2475.0160789489746,0.00022234339239730617,711.45119590759282));
#9574=IFCPOLYLOOP((#9573,#9156,#9160));
#9575=IFCFACEOUTERBOUND(#9574,.T.);
#9576=IFCFACE((#9575));
#9577=IFCCARTESIANPOINT((2165.1458942413333,0.00022353290028149787,691.49907073974612));
#9578=IFCPOLYLOOP((#9573,#9160,#9577));
#9579=IFCFACEOUTERBOUND(#9578,.T.);
#9580=IFCFACE((#9579));
#9581=IFCCARTESIANPOINT((3224.2084304809573,0.00021397062910182287,851.9267057418823));
#9582=IFCCARTESIANPOINT((3212.6945983886721,0.00021307723773134057,866.91488971710203));
#9583=IFCCARTESIANPOINT((3211.245849609375,0.00021195076137701108,885.81221008300781));
#9584=IFCPOLYLOOP((#9581,#9582,#9583));
#9585=IFCFACEOUTERBOUND(#9584,.T.);
#9586=IFCFACE((#9585));
#9587=IFCCARTESIANPOINT((3251.1753890991213,0.00021463071025209501,840.84751281738284));
#9588=IFCPOLYLOOP((#9587,#9581,#9583));
#9589=IFCFACEOUTERBOUND(#9588,.T.);
#9590=IFCFACE((#9589));
#9591=IFCCARTESIANPOINT((3214.4482704162597,0.00021059147725281948,908.6185941696167));
#9592=IFCPOLYLOOP((#9587,#9583,#9591));
#9593=IFCFACEOUTERBOUND(#9592,.T.);
#9594=IFCFACE((#9593));
#9595=IFCCARTESIANPOINT((3284.5730598449709,0.00021504524911506451,833.89859104156494));
#9596=IFCPOLYLOOP((#9595,#9587,#9591));
#9597=IFCFACEOUTERBOUND(#9596,.T.);
#9598=IFCFACE((#9597));
#9599=IFCCARTESIANPOINT((3216.8885284423827,0.00020899888290841774,935.3366580963135));
#9600=IFCPOLYLOOP((#9595,#9591,#9599));
#9601=IFCFACEOUTERBOUND(#9600,.T.);
#9602=IFCFACE((#9601));
#9603=IFCCARTESIANPOINT((3312.3789207458499,0.00021522647775782389,830.85626220703125));
#9604=IFCPOLYLOOP((#9603,#9595,#9599));
#9605=IFCFACEOUTERBOUND(#9604,.T.);
#9606=IFCFACE((#9605));
#9607=IFCCARTESIANPOINT((3335.5336120605471,0.00021521351800402044,831.07485351562502));
#9608=IFCPOLYLOOP((#9607,#9603,#9599));
#9609=IFCFACEOUTERBOUND(#9608,.T.);
#9610=IFCFACE((#9609));
#9611=IFCCARTESIANPOINT((3354.9519035339358,0.00021504524911506451,833.89859104156494));
#9612=IFCPOLYLOOP((#9611,#9607,#9599));
#9613=IFCFACEOUTERBOUND(#9612,.T.);
#9614=IFCFACE((#9613));
#9615=IFCCARTESIANPOINT((3371.574435424805,0.00021476032511600352,838.67693309783942));
#9616=IFCPOLYLOOP((#9615,#9611,#9599));
#9617=IFCFACEOUTERBOUND(#9616,.T.);
#9618=IFCFACE((#9617));
#9619=IFCCARTESIANPOINT((3386.3668464660645,0.00021439788515635884,844.75919265747075));
#9620=IFCPOLYLOOP((#9619,#9615,#9599));
#9621=IFCFACEOUTERBOUND(#9620,.T.);
#9622=IFCFACE((#9621));
#9623=IFCCARTESIANPOINT((3213.2029975891114,0.00020717344614240574,965.96371307373056));
#9624=IFCPOLYLOOP((#9619,#9599,#9623));
#9625=IFCFACEOUTERBOUND(#9624,.T.);
#9626=IFCFACE((#9625));
#9627=IFCCARTESIANPOINT((3400.1936187744141,0.00021399656593530382,851.49206657409673));
#9628=IFCPOLYLOOP((#9627,#9619,#9623));
#9629=IFCFACEOUTERBOUND(#9628,.T.);
#9630=IFCFACE((#9629));
#9631=IFCCARTESIANPOINT((3427.7198455810549,0.00021331030538931372,863.00582599639893));
#9632=IFCPOLYLOOP((#9631,#9627,#9623));
#9633=IFCFACEOUTERBOUND(#9632,.T.);
#9634=IFCFACE((#9633));
#9635=IFCCARTESIANPOINT((3456.1611328125,0.00021258516558191333,875.16772899627688));
#9636=IFCPOLYLOOP((#9635,#9631,#9623));
#9637=IFCFACEOUTERBOUND(#9636,.T.);
#9638=IFCFACE((#9637));
#9639=IFCCARTESIANPOINT((3197.9783454895019,0.00020511469915618363,1000.4999044418336));
#9640=IFCPOLYLOOP((#9635,#9623,#9639));
#9641=IFCFACEOUTERBOUND(#9640,.T.);
#9642=IFCFACE((#9641));
#9643=IFCCARTESIANPOINT((3486.4831192016604,0.0002117825098139292,888.63602027893069));
#9644=IFCPOLYLOOP((#9643,#9635,#9639));
#9645=IFCFACEOUTERBOUND(#9644,.T.);
#9646=IFCFACE((#9645));
#9647=IFCCARTESIANPOINT((3519.6011558532714,0.00021086318160996599,904.0588434219361));
#9648=IFCPOLYLOOP((#9647,#9643,#9639));
#9649=IFCFACEOUTERBOUND(#9648,.T.);
#9650=IFCFACE((#9649));
#9651=IFCCARTESIANPOINT((3556.4300125122072,0.0002097885789225984,922.08688545227051));
#9652=IFCPOLYLOOP((#9651,#9647,#9639));
#9653=IFCFACEOUTERBOUND(#9652,.T.);
#9654=IFCFACE((#9653));
#9655=IFCCARTESIANPOINT((3173.6036705017091,0.00020312456263127388,1033.8897994995118));
#9656=IFCPOLYLOOP((#9651,#9639,#9655));
#9657=IFCFACEOUTERBOUND(#9656,.T.);
#9658=IFCFACE((#9657));
#9659=IFCCARTESIANPOINT((3597.9100387573244,0.00020851977051279392,943.37337684631348));
#9660=IFCPOLYLOOP((#9659,#9651,#9655));
#9661=IFCFACEOUTERBOUND(#9660,.T.);
#9662=IFCFACE((#9661));
#9663=IFCCARTESIANPOINT((3644.9815841674804,0.00020701789444501628,968.57147541046152));
#9664=IFCPOLYLOOP((#9663,#9659,#9655));
#9665=IFCFACEOUTERBOUND(#9664,.T.);
#9666=IFCFACE((#9665));
#9667=IFCCARTESIANPOINT((3146.4588157653811,0.00020146739475421783,1061.6931169509887));
#9668=IFCPOLYLOOP((#9663,#9655,#9667));
#9669=IFCFACEOUTERBOUND(#9668,.T.);
#9670=IFCFACE((#9669));
#9671=IFCCARTESIANPOINT((3686.2328453063965,0.00020566980283547311,991.19233303070075));
#9672=IFCPOLYLOOP((#9671,#9663,#9667));
#9673=IFCFACEOUTERBOUND(#9672,.T.);
#9674=IFCFACE((#9673));
#9675=IFCCARTESIANPOINT((3712.9457496643067,0.00020477639413911676,1006.1805896759033));
#9676=IFCPOLYLOOP((#9675,#9671,#9667));
#9677=IFCFACEOUTERBOUND(#9676,.T.);
#9678=IFCFACE((#9677));
#9679=IFCCARTESIANPOINT((3730.1784187316898,0.00020417147857187956,1016.3269180297852));
#9680=IFCPOLYLOOP((#9679,#9675,#9667));
#9681=IFCFACEOUTERBOUND(#9680,.T.);
#9682=IFCFACE((#9681));
#9683=IFCCARTESIANPOINT((3742.9375236511232,0.00020368881437207164,1024.4246795654296));
#9684=IFCPOLYLOOP((#9683,#9679,#9667));
#9685=IFCFACEOUTERBOUND(#9684,.T.);
#9686=IFCFACE((#9685));
#9687=IFCCARTESIANPOINT((3756.2306076049808,0.00020316167465352918,1033.2696338653566));
#9688=IFCPOLYLOOP((#9687,#9683,#9667));
#9689=IFCFACEOUTERBOUND(#9688,.T.);
#9690=IFCFACE((#9689));
#9691=IFCCARTESIANPOINT((3775.1404998779299,0.00020242357509232535,1045.6501281738281));
#9692=IFCPOLYLOOP((#9691,#9687,#9667));
#9693=IFCFACEOUTERBOUND(#9692,.T.);
#9694=IFCFACE((#9693));
#9695=IFCCARTESIANPOINT((3116.9754409790039,0.00020008778737974354,1084.8426486968995));
#9696=IFCPOLYLOOP((#9691,#9667,#9695));
#9697=IFCFACEOUTERBOUND(#9696,.T.);
#9698=IFCFACE((#9697));
#9699=IFCCARTESIANPOINT((3804.6491638183597,0.00020130829125264427,1064.3619220733642));
#9700=IFCPOLYLOOP((#9699,#9691,#9695));
#9701=IFCFACEOUTERBOUND(#9700,.T.);
#9702=IFCFACE((#9701));
#9703=IFCCARTESIANPOINT((3835.8100524902347,0.00019992868387816998,1087.511381149292));
#9704=IFCPOLYLOOP((#9703,#9699,#9695));
#9705=IFCFACEOUTERBOUND(#9704,.T.);
#9706=IFCFACE((#9705));
#9707=IFCCARTESIANPOINT((3858.3801864624024,0.00019842680781039236,1112.7070089340211));
#9708=IFCPOLYLOOP((#9707,#9703,#9695));
#9709=IFCFACEOUTERBOUND(#9708,.T.);
#9710=IFCFACE((#9709));
#9711=IFCCARTESIANPOINT((3875.5872756958011,0.00019668067156999313,1141.9996976852417));
#9712=IFCPOLYLOOP((#9711,#9707,#9695));
#9713=IFCFACEOUTERBOUND(#9712,.T.);
#9714=IFCFACE((#9713));
#9715=IFCCARTESIANPOINT((3890.532293701172,0.00019456854356576515,1177.4381595611574));
#9716=IFCPOLYLOOP((#9715,#9711,#9695));
#9717=IFCFACEOUTERBOUND(#9716,.T.);
#9718=IFCFACE((#9717));
#9719=IFCCARTESIANPOINT((3906.4176612854008,0.00019196817243027908,1221.0658744812013));
#9720=IFCPOLYLOOP((#9719,#9715,#9695));
#9721=IFCFACEOUTERBOUND(#9720,.T.);
#9722=IFCFACE((#9721));
#9723=IFCPOLYLOOP((#9422,#9719,#9695));
#9724=IFCFACEOUTERBOUND(#9723,.T.);
#9725=IFCFACE((#9724));
#9726=IFCPOLYLOOP((#9274,#9422,#9695));
#9727=IFCFACEOUTERBOUND(#9726,.T.);
#9728=IFCFACE((#9727));
#9729=IFCCARTESIANPOINT((3085.6366561889649,0.00019892979526048293,1104.2660997390747));
#9730=IFCPOLYLOOP((#9274,#9695,#9729));
#9731=IFCFACEOUTERBOUND(#9730,.T.);
#9732=IFCFACE((#9731));
#9733=IFCCARTESIANPOINT((3052.8999916076659,0.00019793854735326022,1120.8988054275512));
#9734=IFCPOLYLOOP((#9274,#9729,#9733));
#9735=IFCFACEOUTERBOUND(#9734,.T.);
#9736=IFCFACE((#9735));
#9737=IFCCARTESIANPOINT((3019.2226867675781,0.00019705811573658138,1135.6709415435791));
#9738=IFCPOLYLOOP((#9274,#9733,#9737));
#9739=IFCFACEOUTERBOUND(#9738,.T.);
#9740=IFCFACE((#9739));
#9741=IFCCARTESIANPOINT((2985.0881423950195,0.00019623309226517451,1149.5103584289552));
#9742=IFCPOLYLOOP((#9274,#9737,#9741));
#9743=IFCFACEOUTERBOUND(#9742,.T.);
#9744=IFCFACE((#9743));
#9745=IFCCARTESIANPOINT((2975.7858032226563,0.00019571153147808219,1158.2612777709962));
#9746=IFCPOLYLOOP((#9274,#9741,#9745));
#9747=IFCFACEOUTERBOUND(#9746,.T.);
#9748=IFCFACE((#9747));
#9749=IFCCARTESIANPOINT((2965.3649276733399,0.00019532317201083061,1164.7781038284302));
#9750=IFCPOLYLOOP((#9274,#9745,#9749));
#9751=IFCFACEOUTERBOUND(#9750,.T.);
#9752=IFCFACE((#9751));
#9753=IFCCARTESIANPOINT((3765.710842895508,0.00014371840261446779,2030.5619579315187));
#9754=IFCPOLYLOOP((#9753,#9274,#9749));
#9755=IFCFACEOUTERBOUND(#9754,.T.);
#9756=IFCFACE((#9755));
#9757=IFCCARTESIANPOINT((3757.6537765502931,0.000141983458888717,2059.6691928863524));
#9758=IFCPOLYLOOP((#9757,#9753,#9749));
#9759=IFCFACEOUTERBOUND(#9758,.T.);
#9760=IFCFACE((#9759));
#9761=IFCCARTESIANPOINT((3747.5886932373051,0.00014030418319634918,2087.8436359405518));
#9762=IFCPOLYLOOP((#9761,#9757,#9749));
#9763=IFCFACEOUTERBOUND(#9762,.T.);
#9764=IFCFACE((#9763));
#9765=IFCCARTESIANPOINT((3734.4229270935061,0.00013870801105895226,2114.6226699829103));
#9766=IFCPOLYLOOP((#9765,#9761,#9749));
#9767=IFCFACEOUTERBOUND(#9766,.T.);
#9768=IFCFACE((#9767));
#9769=IFCCARTESIANPOINT((3717.1649688720704,0.00013722266387503624,2139.541061782837));
#9770=IFCPOLYLOOP((#9769,#9765,#9749));
#9771=IFCFACEOUTERBOUND(#9770,.T.);
#9772=IFCFACE((#9771));
#9773=IFCCARTESIANPOINT((3694.7983108520511,0.00013587633950464805,2162.13154335022));
#9774=IFCPOLYLOOP((#9773,#9769,#9749));
#9775=IFCFACEOUTERBOUND(#9774,.T.);
#9776=IFCFACE((#9775));
#9777=IFCCARTESIANPOINT((3666.2808654785158,0.0001346962395700757,2181.9285907745361));
#9778=IFCPOLYLOOP((#9777,#9773,#9749));
#9779=IFCFACEOUTERBOUND(#9778,.T.);
#9780=IFCFACE((#9779));
#9781=IFCCARTESIANPOINT((3636.5178565979004,0.00013394161978794728,2194.5885738372804));
#9782=IFCPOLYLOOP((#9781,#9777,#9749));
#9783=IFCFACEOUTERBOUND(#9782,.T.);
#9784=IFCFACE((#9783));
#9785=IFCCARTESIANPOINT((3610.6691436767578,0.00013378632797866885,2197.196408843994));
#9786=IFCPOLYLOOP((#9785,#9781,#9749));
#9787=IFCFACEOUTERBOUND(#9786,.T.);
#9788=IFCFACE((#9787));
#9789=IFCCARTESIANPOINT((3588.073720550537,0.00013413021192718589,2191.4242321014403));
#9790=IFCPOLYLOOP((#9789,#9785,#9749));
#9791=IFCFACEOUTERBOUND(#9790,.T.);
#9792=IFCFACE((#9791));
#9793=IFCCARTESIANPOINT((3568.0961608886719,0.00013487390774571394,2178.9497028350829));
#9794=IFCPOLYLOOP((#9793,#9789,#9749));
#9795=IFCFACEOUTERBOUND(#9794,.T.);
#9796=IFCFACE((#9795));
#9797=IFCCARTESIANPOINT((3550.0757492065432,0.00013591700333108749,2161.4477188110354));
#9798=IFCPOLYLOOP((#9797,#9793,#9749));
#9799=IFCFACEOUTERBOUND(#9798,.T.);
#9800=IFCFACE((#9799));
#9801=IFCCARTESIANPOINT((3533.3514793395998,0.00013715988357034802,2140.5959392547607));
#9802=IFCPOLYLOOP((#9801,#9797,#9749));
#9803=IFCFACEOUTERBOUND(#9802,.T.);
#9804=IFCFACE((#9803));
#9805=IFCCARTESIANPOINT((3517.2629264831544,0.00013850264747361507,2118.0665004730226));
#9806=IFCPOLYLOOP((#9805,#9801,#9749));
#9807=IFCFACEOUTERBOUND(#9806,.T.);
#9808=IFCFACE((#9807));
#9809=IFCCARTESIANPOINT((3464.0655921936036,0.0001423090467142174,2054.2071716308596));
#9810=IFCPOLYLOOP((#9809,#9805,#9749));
#9811=IFCFACEOUTERBOUND(#9810,.T.);
#9812=IFCFACE((#9811));
#9813=IFCCARTESIANPOINT((3443.4528968811037,0.00014285093075159239,2045.1155754089357));
#9814=IFCPOLYLOOP((#9813,#9809,#9749));
#9815=IFCFACEOUTERBOUND(#9814,.T.);
#9816=IFCFACE((#9815));
#9817=IFCCARTESIANPOINT((3422.3823806762698,0.00014338188216242998,2036.2095783233644));
#9818=IFCPOLYLOOP((#9817,#9813,#9749));
#9819=IFCFACEOUTERBOUND(#9818,.T.);
#9820=IFCFACE((#9819));
#9821=IFCCARTESIANPOINT((3400.371514892578,0.00014389047453278181,2027.6746341705323));
#9822=IFCPOLYLOOP((#9821,#9817,#9749));
#9823=IFCFACEOUTERBOUND(#9822,.T.);
#9824=IFCFACE((#9823));
#9825=IFCCARTESIANPOINT((3376.9880584716798,0.00014436576657317346,2019.7014289855958));
#9826=IFCPOLYLOOP((#9825,#9821,#9749));
#9827=IFCFACEOUTERBOUND(#9826,.T.);
#9828=IFCFACE((#9827));
#9829=IFCCARTESIANPOINT((3351.7239028930667,0.00014479683432000456,2012.4703296661378));
#9830=IFCPOLYLOOP((#9829,#9825,#9749));
#9831=IFCFACEOUTERBOUND(#9830,.T.);
#9832=IFCFACE((#9831));
#9833=IFCCARTESIANPOINT((3324.1468070983888,0.00014517223403345269,2006.1721675872805));
#9834=IFCPOLYLOOP((#9833,#9829,#9749));
#9835=IFCFACEOUTERBOUND(#9834,.T.);
#9836=IFCFACE((#9835));
#9837=IFCCARTESIANPOINT((3293.7483718872072,0.00014548105041285454,2000.9896350860597));
#9838=IFCPOLYLOOP((#9837,#9833,#9749));
#9839=IFCFACEOUTERBOUND(#9838,.T.);
#9840=IFCFACE((#9839));
#9841=IFCCARTESIANPOINT((3265.281795501709,0.00014575301465811208,1996.4274135589601));
#9842=IFCPOLYLOOP((#9841,#9837,#9749));
#9843=IFCFACEOUTERBOUND(#9842,.T.);
#9844=IFCFACE((#9843));
#9845=IFCCARTESIANPOINT((3241.822180938721,0.00014602496157749558,1991.8650466918946));
#9846=IFCPOLYLOOP((#9845,#9841,#9749));
#9847=IFCFACEOUTERBOUND(#9846,.T.);
#9848=IFCFACE((#9847));
#9849=IFCCARTESIANPOINT((3220.5993484497071,0.00014629666593464209,1987.3052959442139));
#9850=IFCPOLYLOOP((#9849,#9845,#9749));
#9851=IFCFACEOUTERBOUND(#9850,.T.);
#9852=IFCFACE((#9851));
#9853=IFCCARTESIANPOINT((3198.8172477722169,0.00014656863017989963,1982.7430744171143));
#9854=IFCPOLYLOOP((#9853,#9849,#9749));
#9855=IFCFACEOUTERBOUND(#9854,.T.);
#9856=IFCFACE((#9855));
#9857=IFCCARTESIANPOINT((3173.6801193237307,0.00014684059442515718,1978.180707550049));
#9858=IFCPOLYLOOP((#9857,#9853,#9749));
#9859=IFCFACEOUTERBOUND(#9858,.T.);
#9860=IFCFACE((#9859));
#9861=IFCCARTESIANPOINT((3142.3922035217288,0.00014711229878230369,1973.6209568023683));
#9862=IFCPOLYLOOP((#9861,#9857,#9749));
#9863=IFCFACEOUTERBOUND(#9862,.T.);
#9864=IFCFACE((#9863));
#9865=IFCCARTESIANPOINT((3102.1830299377443,0.00014738424570168718,1969.0587352752686));
#9866=IFCPOLYLOOP((#9865,#9861,#9749));
#9867=IFCFACEOUTERBOUND(#9866,.T.);
#9868=IFCFACE((#9867));
#9869=IFCCARTESIANPOINT((3066.4979988098144,0.0001473232586249651,1970.0829460144043));
#9870=IFCPOLYLOOP((#9869,#9865,#9749));
#9871=IFCFACEOUTERBOUND(#9870,.T.);
#9872=IFCFACE((#9871));
#9873=IFCCARTESIANPOINT((2952.7072700500489,0.00019520118053151236,1166.8241998672486));
#9874=IFCPOLYLOOP((#9869,#9749,#9873));
#9875=IFCFACEOUTERBOUND(#9874,.T.);
#9876=IFCFACE((#9875));
#9877=IFCCARTESIANPOINT((3048.6807723999023,0.0001466629175865819,1981.159595489502));
#9878=IFCPOLYLOOP((#9877,#9869,#9873));
#9879=IFCFACEOUTERBOUND(#9878,.T.);
#9880=IFCFACE((#9879));
#9881=IFCCARTESIANPOINT((2936.6948753356933,0.00019547846382010904,1162.1704141616822));
#9882=IFCPOLYLOOP((#9877,#9873,#9881));
#9883=IFCFACEOUTERBOUND(#9882,.T.);
#9884=IFCFACE((#9883));
#9885=IFCCARTESIANPOINT((2916.2089164733889,0.00019628876029855746,1148.5801099777223));
#9886=IFCPOLYLOOP((#9877,#9881,#9885));
#9887=IFCFACEOUTERBOUND(#9886,.T.);
#9888=IFCFACE((#9887));
#9889=IFCCARTESIANPOINT((2890.1570182800292,0.00019776469953285415,1123.816577911377));
#9890=IFCPOLYLOOP((#9877,#9885,#9889));
#9891=IFCFACEOUTERBOUND(#9890,.T.);
#9892=IFCFACE((#9891));
#9893=IFCCARTESIANPOINT((696.74766025543215,0.00018798588957906761,1287.87618598938));
#9894=IFCPOLYLOOP((#9893,#9557,#8896));
#9895=IFCFACEOUTERBOUND(#9894,.T.);
#9896=IFCFACE((#9895));
#9897=IFCCARTESIANPOINT((-3259.995199584961,-3.6027899000146135E-05,5046.20361328125));
#9898=IFCCARTESIANPOINT((-3219.3793647766115,-3.9562598215070469E-05,5105.5005752563475));
#9899=IFCCARTESIANPOINT((-3166.8430366516113,-4.1032954186448478E-05,5130.1804641723638));
#9900=IFCPOLYLOOP((#9897,#9898,#9899));
#9901=IFCFACEOUTERBOUND(#9900,.T.);
#9902=IFCFACE((#9901));
#9903=IFCCARTESIANPOINT((-3112.1969535827639,-4.12678020779822E-05,5134.119758605957));
#9904=IFCPOLYLOOP((#9897,#9899,#9903));
#9905=IFCFACEOUTERBOUND(#9904,.T.);
#9906=IFCFACE((#9905));
#9907=IFCCARTESIANPOINT((-3291.1052192687989,-3.0928803300867007E-05,4960.6512771606449));
#9908=IFCPOLYLOOP((#9907,#9897,#9903));
#9909=IFCFACEOUTERBOUND(#9908,.T.);
#9910=IFCFACE((#9909));
#9911=IFCCARTESIANPOINT((-3065.938730621338,-4.1436062304001098E-05,5136.9410980224611));
#9912=IFCPOLYLOOP((#9907,#9903,#9911));
#9913=IFCFACEOUTERBOUND(#9912,.T.);
#9914=IFCFACE((#9913));
#9915=IFCCARTESIANPOINT((-3315.174680328369,-2.4764138191812891E-05,4857.2305549621587));
#9916=IFCPOLYLOOP((#9915,#9907,#9911));
#9917=IFCFACEOUTERBOUND(#9916,.T.);
#9918=IFCFACE((#9917));
#9919=IFCCARTESIANPOINT((-3026.6446174621583,-4.1548914384748063E-05,5138.821797180176));
#9920=IFCPOLYLOOP((#9915,#9911,#9919));
#9921=IFCFACEOUTERBOUND(#9920,.T.);
#9922=IFCFACE((#9921));
#9923=IFCCARTESIANPOINT((-2992.9420234680179,-4.1617282283823444E-05,5139.9909118652349));
#9924=IFCPOLYLOOP((#9915,#9919,#9923));
#9925=IFCFACEOUTERBOUND(#9924,.T.);
#9926=IFCFACE((#9925));
#9927=IFCCARTESIANPOINT((-2963.4330688476562,-4.165261407251819E-05,5140.5757598876953));
#9928=IFCPOLYLOOP((#9915,#9923,#9927));
#9929=IFCFACEOUTERBOUND(#9928,.T.);
#9930=IFCFACE((#9929));
#9931=IFCCARTESIANPOINT((-3334.5676826477052,-1.8033597041267057E-05,4744.3043083190923));
#9932=IFCPOLYLOOP((#9931,#9915,#9927));
#9933=IFCFACEOUTERBOUND(#9932,.T.);
#9934=IFCFACE((#9933));
#9935=IFCCARTESIANPOINT((-2936.7201644897464,-4.1665573826321632E-05,5140.7792358398438));
#9936=IFCPOLYLOOP((#9931,#9927,#9935));
#9937=IFCFACEOUTERBOUND(#9936,.T.);
#9938=IFCFACE((#9937));
#9939=IFCCARTESIANPOINT((-2911.4051399230957,-4.1667354059882201E-05,5140.829814147949));
#9940=IFCPOLYLOOP((#9931,#9935,#9939));
#9941=IFCFACEOUTERBOUND(#9940,.T.);
#9942=IFCFACE((#9941));
#9943=IFCCARTESIANPOINT((-3351.7239028930667,-1.1236462810870762E-05,4630.2848144531254));
#9944=IFCPOLYLOOP((#9943,#9931,#9939));
#9945=IFCFACEOUTERBOUND(#9944,.T.);
#9946=IFCFACE((#9945));
#9947=IFCCARTESIANPOINT((-3369.0580192565917,-4.8720736884888538E-06,4523.4840660095215));
#9948=IFCPOLYLOOP((#9947,#9943,#9939));
#9949=IFCFACEOUTERBOUND(#9948,.T.);
#9950=IFCFACE((#9949));
#9951=IFCCARTESIANPOINT((2857.3694847106935,0.00020003950016871387,1085.6483407974245));
#9952=IFCPOLYLOOP((#9877,#9889,#9951));
#9953=IFCFACEOUTERBOUND(#9952,.T.);
#9954=IFCFACE((#9953));
#9955=IFCCARTESIANPOINT((-2741.0879196166993,-4.6108157505386771E-05,5215.3264297485357));
#9956=IFCPOLYLOOP((#9947,#9939,#9955));
#9957=IFCFACEOUTERBOUND(#9956,.T.);
#9958=IFCFACE((#9957));
#9959=IFCCARTESIANPOINT((-3385.1721519470216,-2.832893096105238E-07,4446.4969047546392));
#9960=IFCPOLYLOOP((#9959,#9947,#9955));
#9961=IFCFACEOUTERBOUND(#9960,.T.);
#9962=IFCFACE((#9961));
#9963=IFCCARTESIANPOINT((2795.0729965209962,0.000218598248784474,774.28885746002197));
#9964=IFCCARTESIANPOINT((2793.2684555053711,0.00022005005307619286,749.92951583862305));
#9965=IFCCARTESIANPOINT((2779.3655250549318,0.00022127996489871294,729.29371147155769));
#9966=IFCPOLYLOOP((#9963,#9964,#9965));
#9967=IFCFACEOUTERBOUND(#9966,.T.);
#9968=IFCFACE((#9967));
#9969=IFCCARTESIANPOINT((2750.9498176574707,0.00022224376862141072,713.12616634368896));
#9970=IFCPOLYLOOP((#9963,#9965,#9969));
#9971=IFCFACEOUTERBOUND(#9970,.T.);
#9972=IFCFACE((#9971));
#9973=IFCCARTESIANPOINT((2787.1938262939452,0.00021696878498005391,801.627087020874));
#9974=IFCPOLYLOOP((#9973,#9963,#9969));
#9975=IFCFACEOUTERBOUND(#9974,.T.);
#9976=IFCFACE((#9975));
#9977=IFCCARTESIANPOINT((2711.4775177001952,0.0002226486569725239,706.33224964141846));
#9978=IFCPOLYLOOP((#9973,#9969,#9977));
#9979=IFCFACEOUTERBOUND(#9978,.T.);
#9980=IFCFACE((#9979));
#9981=IFCCARTESIANPOINT((2772.0456230163577,0.00021520613718166716,831.19686641693113));
#9982=IFCPOLYLOOP((#9981,#9973,#9977));
#9983=IFCFACEOUTERBOUND(#9982,.T.);
#9984=IFCFACE((#9983));
#9985=IFCCARTESIANPOINT((2667.1508628845218,0.00022245446857596109,709.58815555572517));
#9986=IFCPOLYLOOP((#9981,#9977,#9985));
#9987=IFCFACEOUTERBOUND(#9986,.T.);
#9988=IFCFACE((#9987));
#9989=IFCCARTESIANPOINT((2752.0680633544921,0.00021335453834581131,862.25856056213377));
#9990=IFCPOLYLOOP((#9989,#9981,#9985));
#9991=IFCFACEOUTERBOUND(#9990,.T.);
#9992=IFCFACE((#9991));
#9993=IFCCARTESIANPOINT((2619.6726562500003,0.00022199391219146491,717.31733493804938));
#9994=IFCPOLYLOOP((#9989,#9985,#9993));
#9995=IFCFACEOUTERBOUND(#9994,.T.);
#9996=IFCFACE((#9995));
#9997=IFCCARTESIANPOINT((2729.6505363464357,0.00021145870655345789,894.06497669219971));
#9998=IFCPOLYLOOP((#9997,#9989,#9993));
#9999=IFCFACEOUTERBOUND(#9998,.T.);
#10000=IFCFACE((#9999));
#10001=IFCCARTESIANPOINT((2570.7198303222658,0.00022159995646688915,723.92572517395024));
#10002=IFCPOLYLOOP((#9997,#9993,#10001));
#10003=IFCFACEOUTERBOUND(#10002,.T.);
#10004=IFCFACE((#10003));
#10005=IFCCARTESIANPOINT((2521.9353080749511,0.00022160555272421334,723.83169021606443));
#10006=IFCPOLYLOOP((#9997,#10001,#10005));
#10007=IFCFACEOUTERBOUND(#10006,.T.);
#10008=IFCFACE((#10007));
#10009=IFCCARTESIANPOINT((2708.7579162597658,-4.9239493046115966E-05,5267.862757873535));
#10010=IFCPOLYLOOP((#9368,#9553,#10009));
#10011=IFCFACEOUTERBOUND(#10010,.T.);
#10012=IFCFACE((#10011));
#10013=IFCCARTESIANPOINT((-397.57798519134525,0.00023104378797143,565.48314342498782));
#10014=IFCCARTESIANPOINT((-401.48708524703983,0.00023180221078291654,552.76211757659917));
#10015=IFCCARTESIANPOINT((-411.26232433319092,0.00023237739515025169,543.11139850616462));
#10016=IFCPOLYLOOP((#10013,#10014,#10015));
#10017=IFCFACEOUTERBOUND(#10016,.T.);
#10018=IFCFACE((#10017));
#10019=IFCCARTESIANPOINT((-428.85576353073122,0.00023270857923307631,537.55530595779419));
#10020=IFCPOLYLOOP((#10013,#10015,#10019));
#10021=IFCFACEOUTERBOUND(#10020,.T.);
#10022=IFCFACE((#10021));
#10023=IFCCARTESIANPOINT((-397.57798519134525,0.00023016359891698813,580.25280876159673));
#10024=IFCPOLYLOOP((#10023,#10013,#10019));
#10025=IFCFACEOUTERBOUND(#10024,.T.);
#10026=IFCFACE((#10025));
#10027=IFCCARTESIANPOINT((-456.22444181442262,0.0002327344987406832,537.12066679000861));
#10028=IFCPOLYLOOP((#10023,#10019,#10027));
#10029=IFCFACEOUTERBOUND(#10028,.T.);
#10030=IFCFACE((#10029));
#10031=IFCCARTESIANPOINT((-399.5325170516968,0.00022922216289771315,596.04926462173466));
#10032=IFCPOLYLOOP((#10031,#10023,#10027));
#10033=IFCFACEOUTERBOUND(#10032,.T.);
#10034=IFCFACE((#10033));
#10035=IFCCARTESIANPOINT((-495.32292737960819,0.00023239416659635027,542.83180074691779));
#10036=IFCPOLYLOOP((#10031,#10027,#10035));
#10037=IFCFACEOUTERBOUND(#10036,.T.);
#10038=IFCFACE((#10037));
#10039=IFCPOLYLOOP((#9116,#10031,#10035));
#10040=IFCFACEOUTERBOUND(#10039,.T.);
#10041=IFCFACE((#10040));
#10042=IFCCARTESIANPOINT((-536.90465526580817,0.00023183195930869262,552.26392850875857));
#10043=IFCPOLYLOOP((#9116,#10035,#10042));
#10044=IFCFACEOUTERBOUND(#10043,.T.);
#10045=IFCFACE((#10044));
#10046=IFCCARTESIANPOINT((-571.22479877471926,0.00023123619180296374,562.25525178909299));
#10047=IFCPOLYLOOP((#9116,#10042,#10046));
#10048=IFCFACEOUTERBOUND(#10047,.T.);
#10049=IFCFACE((#10048));
#10050=IFCCARTESIANPOINT((-599.49324045181277,0.00023061298011270993,572.71420640945439));
#10051=IFCPOLYLOOP((#9116,#10046,#10050));
#10052=IFCFACEOUTERBOUND(#10051,.T.);
#10053=IFCFACE((#10052));
#10054=IFCCARTESIANPOINT((-622.92229728698737,0.00022996738339315926,583.54425029754645));
#10055=IFCPOLYLOOP((#9116,#10050,#10054));
#10056=IFCFACEOUTERBOUND(#10055,.T.);
#10057=IFCFACE((#10056));
#10058=IFCCARTESIANPOINT((-642.71941738128669,0.00022930527511562105,594.65134849548338));
#10059=IFCPOLYLOOP((#9116,#10054,#10058));
#10060=IFCFACEOUTERBOUND(#10059,.T.);
#10061=IFCFACE((#10060));
#10062=IFCCARTESIANPOINT((-660.0967723846436,0.00022863199164930849,605.94651660919192));
#10063=IFCPOLYLOOP((#9116,#10058,#10062));
#10064=IFCFACEOUTERBOUND(#10063,.T.);
#10065=IFCFACE((#10064));
#10066=IFCPOLYLOOP((#9116,#10062,#9164));
#10067=IFCFACEOUTERBOUND(#10066,.T.);
#10068=IFCFACE((#10067));
#10069=IFCPOLYLOOP((#9116,#9164,#8911));
#10070=IFCFACEOUTERBOUND(#10069,.T.);
#10071=IFCFACE((#10070));
#10072=IFCPOLYLOOP((#8933,#9116,#8911));
#10073=IFCFACEOUTERBOUND(#10072,.T.);
#10074=IFCFACE((#10073));
#10075=IFCCARTESIANPOINT((-37.653551959991454,0.00020384589074637916,1021.7889392852784));
#10076=IFCPOLYLOOP((#10075,#8933,#8911));
#10077=IFCFACEOUTERBOUND(#10076,.T.);
#10078=IFCFACE((#10077));
#10079=IFCCARTESIANPOINT((-1407.807382965088,0.00022573931569240814,654.47967338562012));
#10080=IFCPOLYLOOP((#8911,#9561,#10079));
#10081=IFCFACEOUTERBOUND(#10080,.T.);
#10082=IFCFACE((#10081));
#10083=IFCCARTESIANPOINT((-3587.9211135864257,9.3048714973065216E-06,4285.6346305847173));
#10084=IFCCARTESIANPOINT((-3584.6425346374513,8.1655425930193825E-06,4304.7735786437988));
#10085=IFCCARTESIANPOINT((-3566.8253082275392,6.7931687709688054E-06,4327.7756629943851));
#10086=IFCPOLYLOOP((#10083,#10084,#10085));
#10087=IFCFACEOUTERBOUND(#10086,.T.);
#10088=IFCFACE((#10087));
#10089=IFCCARTESIANPOINT((-3582.4566215515138,1.0754944284485646E-05,4261.3108245849608));
#10090=IFCPOLYLOOP((#10089,#10083,#10085));
#10091=IFCFACEOUTERBOUND(#10090,.T.);
#10092=IFCFACE((#10091));
#10093=IFCCARTESIANPOINT((-3528.7255989074706,4.6439590647651135E-06,4363.8417755126957));
#10094=IFCPOLYLOOP((#10089,#10085,#10093));
#10095=IFCFACEOUTERBOUND(#10094,.T.);
#10096=IFCFACE((#10095));
#10097=IFCPOLYLOOP((#9565,#10089,#10093));
#10098=IFCFACEOUTERBOUND(#10097,.T.);
#10099=IFCFACE((#10098));
#10100=IFCPOLYLOOP((#9569,#9565,#10093));
#10101=IFCFACEOUTERBOUND(#10100,.T.);
#10102=IFCFACE((#10101));
#10103=IFCCARTESIANPOINT((-3485.2378463745117,2.8517267949723648E-06,4393.9097076416019));
#10104=IFCPOLYLOOP((#9569,#10093,#10103));
#10105=IFCFACEOUTERBOUND(#10104,.T.);
#10106=IFCFACE((#10105));
#10107=IFCCARTESIANPOINT((-3453.3145042419433,2.4244544974294515E-06,4401.0772933959961));
#10108=IFCPOLYLOOP((#9569,#10103,#10107));
#10109=IFCFACEOUTERBOUND(#10108,.T.);
#10110=IFCFACE((#10109));
#10111=IFCCARTESIANPOINT((-3430.1345237731935,2.6297883039205772E-06,4397.6461074829103));
#10112=IFCPOLYLOOP((#9569,#10107,#10111));
#10113=IFCFACEOUTERBOUND(#10112,.T.);
#10114=IFCFACE((#10113));
#10115=IFCCARTESIANPOINT((-3412.9018547058108,2.735191341685095E-06,4395.8668556213379));
#10116=IFCPOLYLOOP((#9569,#10111,#10115));
#10117=IFCFACEOUTERBOUND(#10116,.T.);
#10118=IFCFACE((#10117));
#10119=IFCCARTESIANPOINT((-3398.8466079711916,2.0083223308375866E-06,4408.0669830322267));
#10120=IFCPOLYLOOP((#9569,#10115,#10119));
#10121=IFCFACEOUTERBOUND(#10120,.T.);
#10122=IFCFACE((#10121));
#10123=IFCPOLYLOOP((#9569,#10119,#9959));
#10124=IFCFACEOUTERBOUND(#10123,.T.);
#10125=IFCFACE((#10124));
#10126=IFCPOLYLOOP((#9569,#9959,#9955));
#10127=IFCFACEOUTERBOUND(#10126,.T.);
#10128=IFCFACE((#10127));
#10129=IFCCARTESIANPOINT((-2933.6956398010257,5.7807965083611636E-05,3471.8938934326175));
#10130=IFCPOLYLOOP((#10129,#9569,#9955));
#10131=IFCFACEOUTERBOUND(#10130,.T.);
#10132=IFCFACE((#10131));
#10133=IFCCARTESIANPOINT((-2875.6186614990233,5.9910945026331319E-05,3436.615523529053));
#10134=IFCPOLYLOOP((#10133,#10129,#9955));
#10135=IFCFACEOUTERBOUND(#10134,.T.);
#10136=IFCFACE((#10135));
#10137=IFCCARTESIANPOINT((-2817.7192886352541,6.2391104916059706E-05,3395.0084701538085));
#10138=IFCPOLYLOOP((#10137,#10133,#9955));
#10139=IFCFACEOUTERBOUND(#10138,.T.);
#10140=IFCFACE((#10139));
#10141=IFCCARTESIANPOINT((-2761.6756164550784,6.5148816645432817E-05,3348.7502471923831));
#10142=IFCPOLYLOOP((#10141,#10137,#9955));
#10143=IFCFACEOUTERBOUND(#10142,.T.);
#10144=IFCFACE((#10143));
#10145=IFCCARTESIANPOINT((-2709.1645774841309,6.8084187887507142E-05,3299.4924980163573));
#10146=IFCPOLYLOOP((#10145,#10141,#9955));
#10147=IFCFACEOUTERBOUND(#10146,.T.);
#10148=IFCFACE((#10147));
#10149=IFCCARTESIANPOINT((-2672.8188308715821,7.0867823455955656E-05,3252.8023246765138));
#10150=IFCPOLYLOOP((#10149,#10145,#9955));
#10151=IFCFACEOUTERBOUND(#10150,.T.);
#10152=IFCFACE((#10151));
#10153=IFCCARTESIANPOINT((-2695.3633850097658,-5.1251733054868964E-05,5301.6159301757816));
#10154=IFCPOLYLOOP((#10149,#9955,#10153));
#10155=IFCFACEOUTERBOUND(#10154,.T.);
#10156=IFCFACE((#10155));
#10157=IFCCARTESIANPOINT((-2648.8763969421389,-5.6262380167027007E-05,5385.6689392089847));
#10158=IFCPOLYLOOP((#10149,#10153,#10157));
#10159=IFCFACEOUTERBOUND(#10158,.T.);
#10160=IFCFACE((#10159));
#10161=IFCCARTESIANPOINT((-2600.9150802612307,-6.1006403734609199E-05,5465.2739639282227));
#10162=IFCPOLYLOOP((#10149,#10157,#10161));
#10163=IFCFACEOUTERBOUND(#10162,.T.);
#10164=IFCFACE((#10163));
#10165=IFCCARTESIANPOINT((-2550.6916923522949,-6.5351130876933902E-05,5538.1689331054686));
#10166=IFCPOLYLOOP((#10149,#10161,#10165));
#10167=IFCFACEOUTERBOUND(#10166,.T.);
#10168=IFCFACE((#10167));
#10169=IFCCARTESIANPOINT((-2497.5097640991212,-6.9163126374860448E-05,5602.1173553466797));
#10170=IFCPOLYLOOP((#10149,#10165,#10169));
#10171=IFCFACEOUTERBOUND(#10170,.T.);
#10172=IFCFACE((#10171));
#10173=IFCCARTESIANPOINT((-2440.5992843627932,-7.2309201902953654E-05,5654.9077377319336));
#10174=IFCPOLYLOOP((#10149,#10169,#10173));
#10175=IFCFACEOUTERBOUND(#10174,.T.);
#10176=IFCFACE((#10175));
#10177=IFCCARTESIANPOINT((-2379.2204727172852,-7.4656177798715365E-05,5694.2785903930662));
#10178=IFCPOLYLOOP((#10149,#10173,#10177));
#10179=IFCFACEOUTERBOUND(#10178,.T.);
#10180=IFCFACE((#10179));
#10181=IFCCARTESIANPOINT((-2315.9811641693118,-7.589372166876274E-05,5715.0436019897461));
#10182=IFCPOLYLOOP((#10149,#10177,#10181));
#10183=IFCFACEOUTERBOUND(#10182,.T.);
#10184=IFCFACE((#10183));
#10185=IFCCARTESIANPOINT((-2253.8577758789065,-7.5932349704999067E-05,5715.6790283203127));
#10186=IFCPOLYLOOP((#10149,#10181,#10185));
#10187=IFCFACEOUTERBOUND(#10186,.T.);
#10188=IFCFACE((#10187));
#10189=IFCCARTESIANPOINT((-2192.6645633697512,-7.4972366337533455E-05,5699.5904754638677));
#10190=IFCPOLYLOOP((#10149,#10185,#10189));
#10191=IFCFACEOUTERBOUND(#10190,.T.);
#10192=IFCFACE((#10191));
#10193=IFCCARTESIANPOINT((-2132.2185436248778,-7.3213530231441834E-05,5670.0818115234379));
#10194=IFCPOLYLOOP((#10149,#10189,#10193));
#10195=IFCFACEOUTERBOUND(#10194,.T.);
#10196=IFCFACE((#10195));
#10197=IFCCARTESIANPOINT((-2072.3291759490967,-7.0855370483968724E-05,5630.5080642700195));
#10198=IFCPOLYLOOP((#10149,#10193,#10197));
#10199=IFCFACEOUTERBOUND(#10198,.T.);
#10200=IFCFACE((#10199));
#10201=IFCPOLYLOOP((#10149,#10197,#9410));
#10202=IFCFACEOUTERBOUND(#10201,.T.);
#10203=IFCFACE((#10202));
#10204=IFCPOLYLOOP((#10149,#9410,#9412));
#10205=IFCFACEOUTERBOUND(#10204,.T.);
#10206=IFCFACE((#10205));
#10207=IFCCARTESIANPOINT((-1938.1850383758547,-6.1026735647828903E-05,5465.6041763305666));
#10208=IFCPOLYLOOP((#10149,#9412,#10207));
#10209=IFCFACEOUTERBOUND(#10208,.T.);
#10210=IFCFACE((#10209));
#10211=IFCCARTESIANPOINT((-1927.5101085662843,-5.9414047620975913E-05,5438.5610595703129));
#10212=IFCPOLYLOOP((#10149,#10207,#10211));
#10213=IFCFACEOUTERBOUND(#10212,.T.);
#10214=IFCFACE((#10213));
#10215=IFCCARTESIANPOINT((-1913.2054584503176,-5.8333840013347074E-05,5420.4389099121099));
#10216=IFCPOLYLOOP((#10149,#10211,#10215));
#10217=IFCFACEOUTERBOUND(#10216,.T.);
#10218=IFCFACE((#10217));
#10219=IFCCARTESIANPOINT((-1894.0590980529787,-5.7963772337643608E-05,5414.2369628906254));
#10220=IFCPOLYLOOP((#10149,#10215,#10219));
#10221=IFCFACEOUTERBOUND(#10220,.T.);
#10222=IFCFACE((#10221));
#10223=IFCCARTESIANPOINT((-1868.8610721588136,-5.8481763994677754E-05,5422.9300369262701));
#10224=IFCPOLYLOOP((#10149,#10219,#10223));
#10225=IFCFACEOUTERBOUND(#10224,.T.);
#10226=IFCFACE((#10225));
#10227=IFCCARTESIANPOINT((-2659.5766159057616,7.3340615517736293E-05,3211.2967185974121));
#10228=IFCPOLYLOOP((#10227,#10149,#10223));
#10229=IFCFACEOUTERBOUND(#10228,.T.);
#10230=IFCFACE((#10229));
#10231=IFCCARTESIANPOINT((-1836.4038963317871,-6.0064967715334209E-05,5449.4900436401367));
#10232=IFCPOLYLOOP((#10227,#10223,#10231));
#10233=IFCFACEOUTERBOUND(#10232,.T.);
#10234=IFCFACE((#10233));
#10235=IFCCARTESIANPOINT((-1681.6849971771242,0.00022638667965111381,643.61914443969727));
#10236=IFCCARTESIANPOINT((-1710.2659561157227,0.00022562292047041411,656.43420524597173));
#10237=IFCCARTESIANPOINT((-1730.4645778656006,0.00022408214781535209,682.28299083709715));
#10238=IFCPOLYLOOP((#10235,#10236,#10237));
#10239=IFCFACEOUTERBOUND(#10238,.T.);
#10240=IFCFACE((#10239));
#10241=IFCCARTESIANPOINT((-1740.6135223388671,0.00022160936441650847,723.7706474304199));
#10242=IFCPOLYLOOP((#10235,#10237,#10241));
#10243=IFCFACEOUTERBOUND(#10242,.T.);
#10244=IFCFACE((#10243));
#10245=IFCCARTESIANPOINT((-1646.4040111541749,0.0002265290117065888,641.22997341156008));
#10246=IFCPOLYLOOP((#10245,#10235,#10241));
#10247=IFCFACEOUTERBOUND(#10246,.T.);
#10248=IFCFACE((#10247));
#10249=IFCCARTESIANPOINT((-1606.095715713501,0.00022620546833422852,646.65900249481206));
#10250=IFCPOLYLOOP((#10249,#10245,#10241));
#10251=IFCFACEOUTERBOUND(#10250,.T.);
#10252=IFCFACE((#10251));
#10253=IFCCARTESIANPOINT((-1744.5531074523926,0.00021860358515368716,774.19482250213628));
#10254=IFCPOLYLOOP((#10249,#10241,#10253));
#10255=IFCFACEOUTERBOUND(#10254,.T.);
#10256=IFCFACE((#10255));
#10257=IFCCARTESIANPOINT((-1562.43486328125,0.00022557106412932627,657.30348358154299));
#10258=IFCPOLYLOOP((#10257,#10249,#10253));
#10259=IFCFACEOUTERBOUND(#10258,.T.);
#10260=IFCFACE((#10259));
#10261=IFCCARTESIANPOINT((-1747.3769176483154,0.00021566464911302319,823.50322265625005));
#10262=IFCPOLYLOOP((#10257,#10253,#10261));
#10263=IFCFACEOUTERBOUND(#10262,.T.);
#10264=IFCFACE((#10263));
#10265=IFCCARTESIANPOINT((-1517.0991130828859,0.00022478136811514561,670.55318355560303));
#10266=IFCPOLYLOOP((#10265,#10257,#10261));
#10267=IFCFACEOUTERBOUND(#10266,.T.);
#10268=IFCFACE((#10267));
#10269=IFCCARTESIANPOINT((-1749.2679359436036,0.00021293669024089468,869.27353935241706));
#10270=IFCPOLYLOOP((#10265,#10261,#10269));
#10271=IFCFACEOUTERBOUND(#10270,.T.);
#10272=IFCFACE((#10271));
#10273=IFCCARTESIANPOINT((-1750.4167030334472,0.00021056353061794654,909.08375473022465));
#10274=IFCPOLYLOOP((#10265,#10269,#10273));
#10275=IFCFACEOUTERBOUND(#10274,.T.);
#10276=IFCFACE((#10275));
#10277=IFCCARTESIANPOINT((-1751.0063472747804,0.00020869006652901589,940.51911792755129));
#10278=IFCPOLYLOOP((#10265,#10273,#10277));
#10279=IFCFACEOUTERBOUND(#10278,.T.);
#10280=IFCFACE((#10279));
#10281=IFCCARTESIANPOINT((-1491.8705657958985,0.00022492370017062059,668.16401252746584));
#10282=IFCPOLYLOOP((#10281,#10265,#10277));
#10283=IFCFACEOUTERBOUND(#10282,.T.);
#10284=IFCFACE((#10283));
#10285=IFCCARTESIANPOINT((-1751.2224678039552,0.00020746015470649582,961.15492229461677));
#10286=IFCPOLYLOOP((#10281,#10277,#10285));
#10287=IFCFACEOUTERBOUND(#10286,.T.);
#10288=IFCFACE((#10287));
#10289=IFCCARTESIANPOINT((-1465.8057323455812,0.00022510492881337997,665.12168369293215));
#10290=IFCPOLYLOOP((#10289,#10281,#10285));
#10291=IFCFACEOUTERBOUND(#10290,.T.);
#10292=IFCFACE((#10291));
#10293=IFCCARTESIANPOINT((-1751.2554599761963,0.00020701789444501628,968.57147541046152));
#10294=IFCPOLYLOOP((#10289,#10285,#10293));
#10295=IFCFACEOUTERBOUND(#10294,.T.);
#10296=IFCFACE((#10295));
#10297=IFCCARTESIANPOINT((-1438.0633850097656,0.00022536391597896002,660.77798080444336));
#10298=IFCPOLYLOOP((#10297,#10289,#10293));
#10299=IFCFACEOUTERBOUND(#10298,.T.);
#10300=IFCFACE((#10299));
#10301=IFCCARTESIANPOINT((-1752.0612247467041,0.00020672763407674212,973.44130897521973));
#10302=IFCPOLYLOOP((#10297,#10293,#10301));
#10303=IFCFACEOUTERBOUND(#10302,.T.);
#10304=IFCFACE((#10303));
#10305=IFCPOLYLOOP((#10079,#10297,#10301));
#10306=IFCFACEOUTERBOUND(#10305,.T.);
#10307=IFCFACE((#10306));
#10308=IFCPOLYLOOP((#8911,#10079,#10301));
#10309=IFCFACEOUTERBOUND(#10308,.T.);
#10310=IFCFACE((#10309));
#10311=IFCCARTESIANPOINT((-1755.1036262512207,0.00020593793806256144,986.69355239868173));
#10312=IFCPOLYLOOP((#8911,#10301,#10311));
#10313=IFCFACEOUTERBOUND(#10312,.T.);
#10314=IFCFACE((#10313));
#10315=IFCCARTESIANPOINT((-1761.3077533721923,0.0002047708152076666,1006.2720811843873));
#10316=IFCPOLYLOOP((#8911,#10311,#10315));
#10317=IFCFACEOUTERBOUND(#10316,.T.);
#10318=IFCFACE((#10317));
#10319=IFCCARTESIANPOINT((-1771.6117755889893,0.00020334849955361278,1030.1358135223388));
#10320=IFCPOLYLOOP((#8911,#10315,#10319));
#10321=IFCFACEOUTERBOUND(#10320,.T.);
#10322=IFCFACE((#10321));
#10323=IFCCARTESIANPOINT((-1786.9404911041261,0.00020179298257971823,1056.2310956954957));
#10324=IFCPOLYLOOP((#8911,#10319,#10323));
#10325=IFCFACEOUTERBOUND(#10324,.T.);
#10326=IFCFACE((#10325));
#10327=IFCPOLYLOOP((#10075,#8911,#10323));
#10328=IFCFACEOUTERBOUND(#10327,.T.);
#10329=IFCFACE((#10328));
#10330=IFCCARTESIANPOINT((-1808.226982498169,0.00020022630774292339,1082.5145204544067));
#10331=IFCPOLYLOOP((#10075,#10323,#10330));
#10332=IFCFACEOUTERBOUND(#10331,.T.);
#10333=IFCFACE((#10332));
#10334=IFCCARTESIANPOINT((-1836.4038963317871,0.00019877069175890937,1106.9348321914674));
#10335=IFCPOLYLOOP((#10075,#10330,#10334));
#10336=IFCFACEOUTERBOUND(#10335,.T.);
#10337=IFCFACE((#10336));
#10338=IFCCARTESIANPOINT((-1865.8516628265381,0.00019720782861440967,1133.1572141647339));
#10339=IFCPOLYLOOP((#10075,#10334,#10338));
#10340=IFCFACEOUTERBOUND(#10339,.T.);
#10341=IFCFACE((#10340));
#10342=IFCCARTESIANPOINT((-1890.8312427520752,0.00019527869649209608,1165.5228258132936));
#10343=IFCPOLYLOOP((#10075,#10338,#10342));
#10344=IFCFACEOUTERBOUND(#10343,.T.);
#10345=IFCFACE((#10344));
#10346=IFCCARTESIANPOINT((-1912.0872127532959,0.00019304455968267576,1203.0073837280274));
#10347=IFCPOLYLOOP((#10075,#10342,#10346));
#10348=IFCFACEOUTERBOUND(#10347,.T.);
#10349=IFCFACE((#10348));
#10350=IFCCARTESIANPOINT((-1930.3642948150637,0.00019056618002650795,1244.586531829834));
#10351=IFCPOLYLOOP((#10075,#10346,#10350));
#10352=IFCFACEOUTERBOUND(#10351,.T.);
#10353=IFCFACE((#10352));
#10354=IFCCARTESIANPOINT((-1946.407356262207,0.00018790454460031471,1289.2410736083984));
#10355=IFCPOLYLOOP((#10075,#10350,#10354));
#10356=IFCFACEOUTERBOUND(#10355,.T.);
#10357=IFCFACE((#10356));
#10358=IFCCARTESIANPOINT((-1960.9583576202394,0.00018512091769480322,1335.9417114257812));
#10359=IFCPOLYLOOP((#10075,#10354,#10358));
#10360=IFCFACEOUTERBOUND(#10359,.T.);
#10361=IFCFACE((#10360));
#10362=IFCCARTESIANPOINT((-1974.767253112793,0.00018227628638669557,1383.6667053222657));
#10363=IFCPOLYLOOP((#10075,#10358,#10362));
#10364=IFCFACEOUTERBOUND(#10363,.T.);
#10365=IFCFACE((#10364));
#10366=IFCCARTESIANPOINT((-1977.3445667266847,0.00018159943379032485,1395.0228435516358));
#10367=IFCPOLYLOOP((#10075,#10362,#10366));
#10368=IFCFACEOUTERBOUND(#10367,.T.);
#10369=IFCFACE((#10368));
#10370=IFCCARTESIANPOINT((-1981.6881969451906,0.00018093911007781573,1406.1019638061523));
#10371=IFCPOLYLOOP((#10075,#10366,#10370));
#10372=IFCFACEOUTERBOUND(#10371,.T.);
#10373=IFCFACE((#10372));
#10374=IFCCARTESIANPOINT((-1989.5699832916262,0.00018031206936939271,1416.6219612121583));
#10375=IFCPOLYLOOP((#10075,#10370,#10374));
#10376=IFCFACEOUTERBOUND(#10375,.T.);
#10377=IFCFACE((#10376));
#10378=IFCCARTESIANPOINT((2165.9846511840819,-6.6556899093939142E-05,5558.4008377075197));
#10379=IFCPOLYLOOP((#10378,#9368,#10009));
#10380=IFCFACEOUTERBOUND(#10379,.T.);
#10381=IFCFACE((#10380));
#10382=IFCCARTESIANPOINT((-2347.2590515136721,0.00015562027319901973,1830.8783615112307));
#10383=IFCPOLYLOOP((#10382,#9545,#9541));
#10384=IFCFACEOUTERBOUND(#10383,.T.);
#10385=IFCFACE((#10384));
#10386=IFCCARTESIANPOINT((3217.01555557251,0.00010831575109477853,2624.5270111083987));
#10387=IFCPOLYLOOP((#9294,#9476,#10386));
#10388=IFCFACEOUTERBOUND(#10387,.T.);
#10389=IFCFACE((#10388));
#10390=IFCCARTESIANPOINT((2723.3218528747561,-4.8035505062671295E-05,5247.6564331054688));
#10391=IFCPOLYLOOP((#10378,#10009,#10390));
#10392=IFCFACEOUTERBOUND(#10391,.T.);
#10393=IFCFACE((#10392));
#10394=IFCCARTESIANPOINT((2824.6072402954101,0.00020253643583600933,1043.7565664291383));
#10395=IFCPOLYLOOP((#9877,#9951,#10394));
#10396=IFCFACEOUTERBOUND(#10395,.T.);
#10397=IFCFACE((#10396));
#10398=IFCCARTESIANPOINT((-2002.7587131500245,0.00017973511776290252,1426.303201675415));
#10399=IFCPOLYLOOP((#10075,#10374,#10398));
#10400=IFCFACEOUTERBOUND(#10399,.T.);
#10401=IFCFACE((#10400));
#10402=IFCPOLYLOOP((#9997,#10005,#9573));
#10403=IFCFACEOUTERBOUND(#10402,.T.);
#10404=IFCFACE((#10403));
#10405=IFCPOLYLOOP((#9997,#9573,#9577));
#10406=IFCFACEOUTERBOUND(#10405,.T.);
#10407=IFCFACE((#10406));
#10408=IFCCARTESIANPOINT((2738.9531661987307,0.00021036019415987539,912.49720916748049));
#10409=IFCPOLYLOOP((#10408,#9997,#9577));
#10410=IFCFACEOUTERBOUND(#10409,.T.);
#10411=IFCFACE((#10410));
#10412=IFCCARTESIANPOINT((2749.3993309020998,0.00020919483854413558,932.04768733978278));
#10413=IFCPOLYLOOP((#10412,#10408,#9577));
#10414=IFCFACEOUTERBOUND(#10413,.T.);
#10415=IFCFACE((#10414));
#10416=IFCCARTESIANPOINT((2133.6190395355225,0.00022287791293820194,702.48415603637693));
#10417=IFCPOLYLOOP((#10412,#9577,#10416));
#10418=IFCFACEOUTERBOUND(#10417,.T.);
#10419=IFCFACE((#10418));
#10420=IFCCARTESIANPOINT((2762.056697845459,0.00020789655882254011,953.83233146667487));
#10421=IFCPOLYLOOP((#10420,#10412,#10416));
#10422=IFCFACEOUTERBOUND(#10421,.T.);
#10423=IFCFACE((#10422));
#10424=IFCCARTESIANPOINT((1973.9667205810547,0.000220340556006704,745.05713882446287));
#10425=IFCPOLYLOOP((#10420,#10416,#10424));
#10426=IFCFACEOUTERBOUND(#10425,.T.);
#10427=IFCFACE((#10426));
#10428=IFCCARTESIANPOINT((2778.069383239746,0.0002063984944470576,978.96691646575937));
#10429=IFCPOLYLOOP((#10428,#10420,#10424));
#10430=IFCFACEOUTERBOUND(#10429,.T.);
#10431=IFCFACE((#10430));
#10432=IFCCARTESIANPOINT((2798.5297622680664,0.0002046338195214048,1008.5696880340577));
#10433=IFCPOLYLOOP((#10432,#10428,#10424));
#10434=IFCFACEOUTERBOUND(#10433,.T.);
#10435=IFCFACE((#10434));
#10436=IFCCARTESIANPOINT((1938.4062458038331,0.00021963016051813612,756.97247257232664));
#10437=IFCPOLYLOOP((#10432,#10424,#10436));
#10438=IFCFACEOUTERBOUND(#10437,.T.);
#10439=IFCFACE((#10438));
#10440=IFCCARTESIANPOINT((1904.5206687927248,0.00021862035659978574,773.91526107788093));
#10441=IFCPOLYLOOP((#10432,#10436,#10440));
#10442=IFCFACEOUTERBOUND(#10441,.T.);
#10443=IFCFACE((#10442));
#10444=IFCCARTESIANPOINT((1872.0305007934571,0.00021736071357736364,795.04667472839355));
#10445=IFCPOLYLOOP((#10432,#10440,#10444));
#10446=IFCFACEOUTERBOUND(#10445,.T.);
#10447=IFCFACE((#10446));
#10448=IFCCARTESIANPOINT((1840.6587238311768,0.00021590154578916555,819.53057270050056));
#10449=IFCPOLYLOOP((#10432,#10444,#10448));
#10450=IFCFACEOUTERBOUND(#10449,.T.);
#10451=IFCFACE((#10450));
#10452=IFCCARTESIANPOINT((1810.1255584716798,0.00021429240523502814,846.5281980514527));
#10453=IFCPOLYLOOP((#10432,#10448,#10452));
#10454=IFCFACEOUTERBOUND(#10453,.T.);
#10455=IFCFACE((#10454));
#10456=IFCCARTESIANPOINT((1780.1491905212404,0.0002125833983427583,875.19817771911619));
#10457=IFCPOLYLOOP((#10432,#10452,#10456));
#10458=IFCFACEOUTERBOUND(#10457,.T.);
#10459=IFCFACE((#10458));
#10460=IFCCARTESIANPOINT((1750.4523113250732,0.00021082430234855564,904.7095304489136));
#10461=IFCPOLYLOOP((#10432,#10456,#10460));
#10462=IFCFACEOUTERBOUND(#10461,.T.);
#10463=IFCFACE((#10462));
#10464=IFCCARTESIANPOINT((1736.7374507904053,0.00020959998678335979,925.25129985809326));
#10465=IFCPOLYLOOP((#10432,#10460,#10464));
#10466=IFCFACEOUTERBOUND(#10465,.T.);
#10467=IFCFACE((#10466));
#10468=IFCCARTESIANPOINT((1722.8371364593506,0.00020837007496083971,945.88710422515874));
#10469=IFCPOLYLOOP((#10432,#10464,#10468));
#10470=IFCFACEOUTERBOUND(#10469,.T.);
#10471=IFCFACE((#10470));
#10472=IFCCARTESIANPOINT((1708.5630077362061,0.0002071289706236712,966.70843505859375));
#10473=IFCPOLYLOOP((#10432,#10468,#10472));
#10474=IFCFACEOUTERBOUND(#10473,.T.);
#10475=IFCFACE((#10474));
#10476=IFCCARTESIANPOINT((1693.7299015045166,0.00020587135472851514,987.80939998626718));
#10477=IFCPOLYLOOP((#10432,#10472,#10476));
#10478=IFCFACEOUTERBOUND(#10477,.T.);
#10479=IFCFACE((#10478));
#10480=IFCCARTESIANPOINT((1678.152073287964,0.00020459137112993631,1009.2839612960815));
#10481=IFCPOLYLOOP((#10432,#10476,#10480));
#10482=IFCFACEOUTERBOUND(#10481,.T.);
#10483=IFCFACE((#10482));
#10484=IFCPOLYLOOP((#10394,#10432,#10480));
#10485=IFCFACEOUTERBOUND(#10484,.T.);
#10486=IFCFACE((#10485));
#10487=IFCPOLYLOOP((#9877,#10394,#10480));
#10488=IFCFACEOUTERBOUND(#10487,.T.);
#10489=IFCFACE((#10488));
#10490=IFCCARTESIANPOINT((1661.6439239501954,0.00020328368345872151,1031.2210670471193));
#10491=IFCPOLYLOOP((#9877,#10480,#10490));
#10492=IFCFACEOUTERBOUND(#10491,.T.);
#10493=IFCFACE((#10492));
#10494=IFCCARTESIANPOINT((1644.0173835754395,0.00020194269545754652,1053.7173683166504));
#10495=IFCPOLYLOOP((#9877,#10490,#10494));
#10496=IFCFACEOUTERBOUND(#10495,.T.);
#10497=IFCFACE((#10496));
#10498=IFCCARTESIANPOINT((1629.0316703796386,0.00020037981498717273,1079.9397502899171));
#10499=IFCPOLYLOOP((#9877,#10494,#10498));
#10500=IFCFACEOUTERBOUND(#10499,.T.);
#10501=IFCFACE((#10500));
#10502=IFCCARTESIANPOINT((1617.9525501251221,0.00019852847603942791,1111.0015171051025));
#10503=IFCPOLYLOOP((#9877,#10498,#10502));
#10504=IFCFACEOUTERBOUND(#10503,.T.);
#10505=IFCFACE((#10504));
#10506=IFCCARTESIANPOINT((1606.8734298706056,0.00019656604358715414,1143.923780822754));
#10507=IFCPOLYLOOP((#9877,#10502,#10506));
#10508=IFCFACEOUTERBOUND(#10507,.T.);
#10509=IFCFACE((#10508));
#10510=IFCCARTESIANPOINT((1591.8877166748048,0.00019467021179480072,1175.7301969528198));
#10511=IFCPOLYLOOP((#9877,#10506,#10510));
#10512=IFCFACEOUTERBOUND(#10511,.T.);
#10513=IFCFACE((#10512));
#10514=IFCCARTESIANPOINT((1569.078789138794,0.00019301864017506887,1203.4420228958131));
#10515=IFCPOLYLOOP((#9877,#10510,#10514));
#10516=IFCFACEOUTERBOUND(#10515,.T.);
#10517=IFCFACE((#10516));
#10518=IFCCARTESIANPOINT((3045.7579856872558,0.00014550315822816628,2000.6161113739015));
#10519=IFCPOLYLOOP((#10518,#9877,#10514));
#10520=IFCFACEOUTERBOUND(#10519,.T.);
#10521=IFCFACE((#10520));
#10522=IFCCARTESIANPOINT((1534.5426704406739,0.00019178872835254879,1224.0752838134765));
#10523=IFCPOLYLOOP((#10518,#10514,#10522));
#10524=IFCFACEOUTERBOUND(#10523,.T.);
#10525=IFCFACE((#10524));
#10526=IFCCARTESIANPOINT((3054.7554016113281,0.00014394410677596171,2026.7749797821045));
#10527=IFCPOLYLOOP((#10526,#10518,#10522));
#10528=IFCFACEOUTERBOUND(#10527,.T.);
#10529=IFCFACE((#10528));
#10530=IFCCARTESIANPOINT((1484.3650646209717,0.00019115789327770472,1234.658794784546));
#10531=IFCPOLYLOOP((#10526,#10522,#10530));
#10532=IFCFACEOUTERBOUND(#10531,.T.);
#10533=IFCFACE((#10532));
#10534=IFCCARTESIANPOINT((3072.6996551513671,0.00014208537834292656,2057.9611576080324));
#10535=IFCPOLYLOOP((#10534,#10526,#10530));
#10536=IFCFACEOUTERBOUND(#10535,.T.);
#10537=IFCFACE((#10536));
#10538=IFCCARTESIANPOINT((1424.6637668609619,0.00019110248513243278,1235.588970565796));
#10539=IFCPOLYLOOP((#10534,#10530,#10538));
#10540=IFCFACEOUTERBOUND(#10539,.T.);
#10541=IFCFACE((#10540));
#10542=IFCPOLYLOOP((#9418,#10534,#10538));
#10543=IFCFACEOUTERBOUND(#10542,.T.);
#10544=IFCFACE((#10543));
#10545=IFCPOLYLOOP((#9416,#9418,#10538));
#10546=IFCFACEOUTERBOUND(#10545,.T.);
#10547=IFCFACE((#10546));
#10548=IFCCARTESIANPOINT((3118.5259277343753,0.00013141698004801584,2236.9454360961913));
#10549=IFCPOLYLOOP((#10548,#9416,#10538));
#10550=IFCFACEOUTERBOUND(#10549,.T.);
#10551=IFCFACE((#10550));
#10552=IFCCARTESIANPOINT((3115.3740852355959,0.00012833012435748971,2288.7345714569092));
#10553=IFCPOLYLOOP((#10552,#10548,#10538));
#10554=IFCFACEOUTERBOUND(#10553,.T.);
#10555=IFCFACE((#10554));
#10556=IFCCARTESIANPOINT((3111.3583419799807,0.00012540949310277938,2337.7328887939452));
#10557=IFCPOLYLOOP((#10556,#10552,#10538));
#10558=IFCFACEOUTERBOUND(#10557,.T.);
#10559=IFCFACE((#10558));
#10560=IFCCARTESIANPOINT((3106.2496421813967,0.00012271100554244187,2383.0075962066653));
#10561=IFCPOLYLOOP((#10560,#10556,#10538));
#10562=IFCFACEOUTERBOUND(#10561,.T.);
#10563=IFCFACE((#10562));
#10564=IFCCARTESIANPOINT((3099.7174827575686,0.00012029006115881203,2423.6260471343994));
#10565=IFCPOLYLOOP((#10564,#10560,#10538));
#10566=IFCFACEOUTERBOUND(#10565,.T.);
#10567=IFCFACE((#10566));
#10568=IFCCARTESIANPOINT((3091.5333892822268,0.00011820182553492487,2458.6577751159671));
#10569=IFCPOLYLOOP((#10568,#10564,#10538));
#10570=IFCFACEOUTERBOUND(#10569,.T.);
#10571=IFCFACE((#10570));
#10572=IFCCARTESIANPOINT((3085.5096290588381,0.0001164836619182097,2487.4853759765624));
#10573=IFCPOLYLOOP((#10572,#10568,#10538));
#10574=IFCFACEOUTERBOUND(#10573,.T.);
#10575=IFCFACE((#10574));
#10576=IFCCARTESIANPOINT((3085.0773880004886,0.00011509819839830016,2510.7290153503418));
#10577=IFCPOLYLOOP((#10576,#10572,#10538));
#10578=IFCFACEOUTERBOUND(#10577,.T.);
#10579=IFCFACE((#10578));
#10580=IFCCARTESIANPOINT((3089.2966072082522,0.00011399028671803535,2529.3162528991702));
#10581=IFCPOLYLOOP((#10580,#10576,#10538));
#10582=IFCFACEOUTERBOUND(#10581,.T.);
#10583=IFCFACE((#10582));
#10584=IFCCARTESIANPOINT((1365.1454521179201,0.00019141332863910067,1230.3760620117189));
#10585=IFCPOLYLOOP((#10580,#10538,#10584));
#10586=IFCFACEOUTERBOUND(#10585,.T.);
#10587=IFCFACE((#10586));
#10588=IFCCARTESIANPOINT((1307.3047966003419,0.00019199028024559085,1220.694821548462));
#10589=IFCPOLYLOOP((#10580,#10584,#10588));
#10590=IFCFACEOUTERBOUND(#10589,.T.);
#10591=IFCFACE((#10590));
#10592=IFCCARTESIANPOINT((3097.2519355773925,0.00011310451006920631,2544.1848220825195));
#10593=IFCPOLYLOOP((#10592,#10580,#10588));
#10594=IFCFACEOUTERBOUND(#10593,.T.);
#10595=IFCFACE((#10594));
#10596=IFCPOLYLOOP((#10390,#9549,#9491));
#10597=IFCFACEOUTERBOUND(#10596,.T.);
#10598=IFCFACE((#10597));
#10599=IFCPOLYLOOP((#10378,#10390,#9491));
#10600=IFCFACEOUTERBOUND(#10599,.T.);
#10601=IFCFACE((#10600));
#10602=IFCCARTESIANPOINT((2124.9290176391601,-6.6971191063203148E-05,5565.3393676757814));
#10603=IFCPOLYLOOP((#10602,#10378,#9491));
#10604=IFCFACEOUTERBOUND(#10603,.T.);
#10605=IFCFACE((#10604));
#10606=IFCCARTESIANPOINT((2923.6561363220217,1.4516080220516869E-06,4417.3949020385744));
#10607=IFCPOLYLOOP((#10602,#9491,#10606));
#10608=IFCFACEOUTERBOUND(#10607,.T.);
#10609=IFCFACE((#10608));
#10610=IFCCARTESIANPOINT((2093.6512756347656,-6.7607626726839959E-05,5576.0142974853516));
#10611=IFCPOLYLOOP((#10610,#10602,#10606));
#10612=IFCFACEOUTERBOUND(#10611,.T.);
#10613=IFCFACE((#10612));
#10614=IFCCARTESIANPOINT((2929.2476554870605,3.1754085036084235E-06,4388.4705047607422));
#10615=IFCPOLYLOOP((#10610,#10606,#10614));
#10616=IFCFACEOUTERBOUND(#10615,.T.);
#10617=IFCFACE((#10616));
#10618=IFCCARTESIANPOINT((2070.1916610717776,-6.8421215121361453E-05,5589.6634643554689));
#10619=IFCPOLYLOOP((#10618,#10610,#10614));
#10620=IFCFACEOUTERBOUND(#10619,.T.);
#10621=IFCFACE((#10620));
#10622=IFCCARTESIANPOINT((1252.6283374786378,0.00019273371617600787,1208.2203649520875));
#10623=IFCPOLYLOOP((#10592,#10588,#10622));
#10624=IFCFACEOUTERBOUND(#10623,.T.);
#10625=IFCFACE((#10624));
#10626=IFCCARTESIANPOINT((-2657.1875175476075,9.111678905355802E-05,2913.0826538085939));
#10627=IFCCARTESIANPOINT((-2683.2649955749512,8.9342957403459883E-05,2942.8203735351562));
#10628=IFCCARTESIANPOINT((-2698.5149368286134,8.648180587442767E-05,2990.8322685241701));
#10629=IFCPOLYLOOP((#10626,#10627,#10628));
#10630=IFCFACEOUTERBOUND(#10629,.T.);
#10631=IFCFACE((#10630));
#10632=IFCCARTESIANPOINT((-2622.5701538085937,9.2191409066799679E-05,2895.0369529724121));
#10633=IFCPOLYLOOP((#10632,#10626,#10628));
#10634=IFCFACEOUTERBOUND(#10633,.T.);
#10635=IFCFACE((#10634));
#10636=IFCCARTESIANPOINT((-2699.6843421936037,8.3232026327095809E-05,3045.3513244628907));
#10637=IFCPOLYLOOP((#10632,#10628,#10636));
#10638=IFCFACEOUTERBOUND(#10637,.T.);
#10639=IFCFACE((#10638));
#10640=IFCCARTESIANPOINT((-2581.5982360839844,9.2955176910436421E-05,2882.2269790649416));
#10641=IFCPOLYLOOP((#10640,#10632,#10636));
#10642=IFCFACEOUTERBOUND(#10641,.T.);
#10643=IFCFACE((#10642));
#10644=IFCCARTESIANPOINT((-2689.4666519165039,8.0448390758647295E-05,3092.0670776367188));
#10645=IFCPOLYLOOP((#10640,#10636,#10644));
#10646=IFCFACEOUTERBOUND(#10645,.T.);
#10647=IFCFACE((#10646));
#10648=IFCCARTESIANPOINT((-2674.7759788513185,7.7975598696866658E-05,3133.5471038818359));
#10649=IFCPOLYLOOP((#10640,#10644,#10648));
#10650=IFCFACEOUTERBOUND(#10649,.T.);
#10651=IFCFACE((#10650));
#10652=IFCCARTESIANPOINT((-2536.5472068786621,9.3796729265704934E-05,2868.0952835083008));
#10653=IFCPOLYLOOP((#10652,#10640,#10648));
#10654=IFCFACEOUTERBOUND(#10653,.T.);
#10655=IFCFACE((#10654));
#10656=IFCCARTESIANPOINT((-2662.5249824523926,7.5658107107301475E-05,3172.4345558166506));
#10657=IFCPOLYLOOP((#10652,#10648,#10656));
#10658=IFCFACEOUTERBOUND(#10657,.T.);
#10659=IFCFACE((#10658));
#10660=IFCCARTESIANPOINT((-2489.6279777526856,9.5104416936919739E-05,2846.1605758666992));
#10661=IFCPOLYLOOP((#10660,#10652,#10656));
#10662=IFCFACEOUTERBOUND(#10661,.T.);
#10663=IFCFACE((#10662));
#10664=IFCPOLYLOOP((#10660,#10656,#10227));
#10665=IFCFACEOUTERBOUND(#10664,.T.);
#10666=IFCFACE((#10665));
#10667=IFCPOLYLOOP((#10660,#10227,#10231));
#10668=IFCFACEOUTERBOUND(#10667,.T.);
#10669=IFCFACE((#10668));
#10670=IFCCARTESIANPOINT((-2443.0825630187987,9.7266608054269452E-05,2809.8909873962402));
#10671=IFCPOLYLOOP((#10670,#10660,#10231));
#10672=IFCFACEOUTERBOUND(#10671,.T.);
#10673=IFCFACE((#10672));
#10674=IFCCARTESIANPOINT((-2402.9902427673342,9.9833696185669393E-05,2766.8351852416995));
#10675=IFCPOLYLOOP((#10674,#10670,#10231));
#10676=IFCFACEOUTERBOUND(#10675,.T.);
#10677=IFCFACE((#10676));
#10678=IFCCARTESIANPOINT((-2372.5791629791261,0.00010226785154827666,2725.9905853271484));
#10679=IFCPOLYLOOP((#10678,#10674,#10231));
#10680=IFCFACEOUTERBOUND(#10679,.T.);
#10681=IFCFACE((#10680));
#10682=IFCCARTESIANPOINT((-2349.8032276153567,0.00010482400705313921,2683.1126792907717));
#10683=IFCPOLYLOOP((#10682,#10678,#10231));
#10684=IFCFACEOUTERBOUND(#10683,.T.);
#10685=IFCFACE((#10684));
#10686=IFCCARTESIANPOINT((-1798.9804538726808,-6.2436091548079281E-05,5489.2672668457035));
#10687=IFCPOLYLOOP((#10682,#10231,#10686));
#10688=IFCFACEOUTERBOUND(#10687,.T.);
#10689=IFCFACE((#10688));
#10690=IFCCARTESIANPOINT((-2332.6113990783692,0.00010775734683647898,2633.8805099487304));
#10691=IFCPOLYLOOP((#10690,#10682,#10686));
#10692=IFCFACEOUTERBOUND(#10691,.T.);
#10693=IFCFACE((#10692));
#10694=IFCCARTESIANPOINT((-1761.1858131408692,-6.5051466890508891E-05,5533.1366821289066));
#10695=IFCPOLYLOOP((#10690,#10686,#10694));
#10696=IFCFACEOUTERBOUND(#10695,.T.);
#10697=IFCFACE((#10696));
#10698=IFCCARTESIANPOINT((-1725.2516693115235,-6.7688958711187294E-05,5577.386888122559));
#10699=IFCPOLYLOOP((#10690,#10694,#10698));
#10700=IFCFACEOUTERBOUND(#10699,.T.);
#10701=IFCFACE((#10700));
#10702=IFCCARTESIANPOINT((-1693.4146591186525,-7.0126674540915704E-05,5618.2826477050785));
#10703=IFCPOLYLOOP((#10690,#10698,#10702));
#10704=IFCFACEOUTERBOUND(#10703,.T.);
#10705=IFCFACE((#10704));
#10706=IFCCARTESIANPOINT((-2318.9600521087646,0.0001113233062596919,2574.0495689392092));
#10707=IFCPOLYLOOP((#10706,#10690,#10702));
#10708=IFCFACEOUTERBOUND(#10707,.T.);
#10709=IFCFACE((#10708));
#10710=IFCCARTESIANPOINT((-1667.9064777374267,-7.2142726241963826E-05,5652.1119781494144));
#10711=IFCPOLYLOOP((#10706,#10702,#10710));
#10712=IFCFACEOUTERBOUND(#10711,.T.);
#10713=IFCFACE((#10712));
#10714=IFCCARTESIANPOINT((-1650.9663780212402,-7.3514974451427414E-05,5675.1396423339847));
#10715=IFCPOLYLOOP((#10706,#10710,#10714));
#10716=IFCFACEOUTERBOUND(#10715,.T.);
#10717=IFCFACE((#10716));
#10718=IFCCARTESIANPOINT((-1644.8205322265626,-7.4021782256750154E-05,5683.6286590576174));
#10719=IFCPOLYLOOP((#10706,#10714,#10718));
#10720=IFCFACEOUTERBOUND(#10719,.T.);
#10721=IFCFACE((#10720));
#10722=IFCCARTESIANPOINT((-1619.2183158874511,-8.336216096722637E-05,5840.3481628417967));
#10723=IFCCARTESIANPOINT((-1591.1989505767822,-8.5407696974471034E-05,5874.6606033325197));
#10724=IFCCARTESIANPOINT((-1549.0275421142578,-8.6709788388361633E-05,5896.4935729980471));
#10725=IFCPOLYLOOP((#10722,#10723,#10724));
#10726=IFCFACEOUTERBOUND(#10725,.T.);
#10727=IFCFACE((#10726));
#10728=IFCCARTESIANPOINT((-1635.8840137481691,-8.0917072978081706E-05,5799.3256668090826));
#10729=IFCPOLYLOOP((#10728,#10722,#10724));
#10730=IFCFACEOUTERBOUND(#10729,.T.);
#10731=IFCFACE((#10730));
#10732=IFCCARTESIANPOINT((-1500.0928836822511,-8.7562515932404492E-05,5910.8031646728514));
#10733=IFCPOLYLOOP((#10728,#10724,#10732));
#10734=IFCFACEOUTERBOUND(#10733,.T.);
#10735=IFCFACE((#10734));
#10736=IFCCARTESIANPOINT((-1643.9817752838135,-7.8416325618491103E-05,5757.3625305175783));
#10737=IFCPOLYLOOP((#10736,#10728,#10732));
#10738=IFCFACEOUTERBOUND(#10737,.T.);
#10739=IFCFACE((#10738));
#10740=IFCCARTESIANPOINT((-1646.3099761962892,-7.6204313950256625E-05,5720.2543304443361));
#10741=IFCPOLYLOOP((#10740,#10736,#10732));
#10742=IFCFACEOUTERBOUND(#10741,.T.);
#10743=IFCFACE((#10742));
#10744=IFCCARTESIANPOINT((-1645.6592891693115,-7.4624662033784261E-05,5693.7443206787111));
#10745=IFCPOLYLOOP((#10744,#10740,#10732));
#10746=IFCFACEOUTERBOUND(#10745,.T.);
#10747=IFCFACE((#10746));
#10748=IFCPOLYLOOP((#10718,#10744,#10732));
#10749=IFCFACEOUTERBOUND(#10748,.T.);
#10750=IFCFACE((#10749));
#10751=IFCCARTESIANPOINT((-1453.3922458648683,-8.8481844136367735E-05,5926.2307113647466));
#10752=IFCPOLYLOOP((#10718,#10732,#10751));
#10753=IFCFACEOUTERBOUND(#10752,.T.);
#10754=IFCFACE((#10753));
#10755=IFCCARTESIANPOINT((-1408.5521049499512,-8.9456320597491865E-05,5942.573899841309));
#10756=IFCPOLYLOOP((#10718,#10751,#10755));
#10757=IFCFACEOUTERBOUND(#10756,.T.);
#10758=IFCFACE((#10757));
#10759=IFCPOLYLOOP((#10706,#10718,#10755));
#10760=IFCFACEOUTERBOUND(#10759,.T.);
#10761=IFCFACE((#10760));
#10762=IFCCARTESIANPOINT((-1365.2040241241455,-9.0475523802524552E-05,5959.6792510986334));
#10763=IFCPOLYLOOP((#10706,#10755,#10762));
#10764=IFCFACEOUTERBOUND(#10763,.T.);
#10765=IFCFACE((#10764));
#10766=IFCCARTESIANPOINT((-1322.9715728759766,-9.1528027337517417E-05,5977.3438705444341));
#10767=IFCPOLYLOOP((#10706,#10762,#10766));
#10768=IFCFACEOUTERBOUND(#10767,.T.);
#10769=IFCFACE((#10768));
#10770=IFCCARTESIANPOINT((-1281.4839889526368,-9.2602647350759076E-05,5995.3642822265629));
#10771=IFCPOLYLOOP((#10706,#10766,#10770));
#10772=IFCFACEOUTERBOUND(#10771,.T.);
#10773=IFCFACE((#10772));
#10774=IFCCARTESIANPOINT((-1240.3673126220704,-9.3688199990538129E-05,6013.58816986084));
#10775=IFCPOLYLOOP((#10706,#10770,#10774));
#10776=IFCFACEOUTERBOUND(#10775,.T.);
#10777=IFCFACE((#10776));
#10778=IFCCARTESIANPOINT((-1172.22525100708,-9.4886847273301106E-05,6033.692756652832));
#10779=IFCPOLYLOOP((#10706,#10774,#10778));
#10780=IFCFACEOUTERBOUND(#10779,.T.);
#10781=IFCFACE((#10780));
#10782=IFCCARTESIANPOINT((-1105.7580871582031,-9.5935539115998841E-05,6051.2812179565435));
#10783=IFCPOLYLOOP((#10706,#10778,#10782));
#10784=IFCFACEOUTERBOUND(#10783,.T.);
#10785=IFCFACE((#10784));
#10786=IFCCARTESIANPOINT((-1042.6407915115358,-9.6684571303740086E-05,6063.8624267578125));
#10787=IFCPOLYLOOP((#10706,#10782,#10786));
#10788=IFCFACEOUTERBOUND(#10787,.T.);
#10789=IFCFACE((#10788));
#10790=IFCCARTESIANPOINT((-984.55095062255862,-9.6984230958696577E-05,6068.8696792602541));
#10791=IFCPOLYLOOP((#10706,#10786,#10790));
#10792=IFCFACEOUTERBOUND(#10791,.T.);
#10793=IFCFACE((#10792));
#10794=IFCCARTESIANPOINT((-933.16346225738528,-9.6684571303740086E-05,6063.8624267578125));
#10795=IFCPOLYLOOP((#10706,#10790,#10794));
#10796=IFCFACEOUTERBOUND(#10795,.T.);
#10797=IFCFACE((#10796));
#10798=IFCCARTESIANPOINT((-890.1559129714966,-9.563587946104235E-05,6046.248385620117));
#10799=IFCPOLYLOOP((#10706,#10794,#10798));
#10800=IFCFACEOUTERBOUND(#10799,.T.);
#10801=IFCFACE((#10800));
#10802=IFCCARTESIANPOINT((-857.20065708160405,-9.3688199990538129E-05,6013.58816986084));
#10803=IFCPOLYLOOP((#10706,#10798,#10802));
#10804=IFCFACEOUTERBOUND(#10803,.T.);
#10805=IFCFACE((#10804));
#10806=IFCCARTESIANPOINT((-837.96273250579839,-9.1600215591824968E-05,5978.5385650634771));
#10807=IFCPOLYLOOP((#10706,#10802,#10806));
#10808=IFCFACEOUTERBOUND(#10807,.T.);
#10809=IFCFACE((#10808));
#10810=IFCCARTESIANPOINT((-831.01126728057864,-9.011130794078781E-05,5953.5796234130858));
#10811=IFCPOLYLOOP((#10706,#10806,#10810));
#10812=IFCFACEOUTERBOUND(#10811,.T.);
#10813=IFCFACE((#10812));
#10814=IFCCARTESIANPOINT((-830.39110164642341,-8.904406008696242E-05,5935.6603683471685));
#10815=IFCPOLYLOOP((#10706,#10810,#10814));
#10816=IFCFACEOUTERBOUND(#10815,.T.);
#10817=IFCFACE((#10816));
#10818=IFCCARTESIANPOINT((-830.14460506439207,-8.8221063742821576E-05,5921.8594665527344));
#10819=IFCPOLYLOOP((#10706,#10814,#10818));
#10820=IFCFACEOUTERBOUND(#10819,.T.);
#10821=IFCFACE((#10820));
#10822=IFCCARTESIANPOINT((-824.30891475677493,-8.7464408170490057E-05,5909.1765197753912));
#10823=IFCPOLYLOOP((#10706,#10818,#10822));
#10824=IFCFACEOUTERBOUND(#10823,.T.);
#10825=IFCFACE((#10824));
#10826=IFCCARTESIANPOINT((-806.93403053283691,-8.6596936307614675E-05,5894.6128738403322));
#10827=IFCPOLYLOOP((#10706,#10822,#10826));
#10828=IFCFACEOUTERBOUND(#10827,.T.);
#10829=IFCFACE((#10828));
#10830=IFCCARTESIANPOINT((-772.05476417541502,-8.5440988641494187E-05,5875.2198715209961));
#10831=IFCPOLYLOOP((#10706,#10826,#10830));
#10832=IFCFACEOUTERBOUND(#10831,.T.);
#10833=IFCFACE((#10832));
#10834=IFCCARTESIANPOINT((-721.10191497802737,-8.4621812652585512E-05,5861.4695480346682));
#10835=IFCPOLYLOOP((#10706,#10830,#10834));
#10836=IFCFACEOUTERBOUND(#10835,.T.);
#10837=IFCFACE((#10836));
#10838=IFCCARTESIANPOINT((-661.58621635437009,-8.4712297029909686E-05,5862.9944549560551));
#10839=IFCPOLYLOOP((#10706,#10834,#10838));
#10840=IFCFACEOUTERBOUND(#10839,.T.);
#10841=IFCFACE((#10840));
#10842=IFCCARTESIANPOINT((-596.66943025588989,-8.5457760087592766E-05,5875.4995056152347));
#10843=IFCPOLYLOOP((#10706,#10838,#10842));
#10844=IFCFACEOUTERBOUND(#10843,.T.);
#10845=IFCFACE((#10844));
#10846=IFCCARTESIANPOINT((-529.51855087280273,-8.6602532564938881E-05,5894.7140304565428));
#10847=IFCPOLYLOOP((#10706,#10842,#10846));
#10848=IFCFACEOUTERBOUND(#10847,.T.);
#10849=IFCFACE((#10848));
#10850=IFCCARTESIANPOINT((-463.30046339035039,-8.7891664225026031E-05,5916.3441055297853));
#10851=IFCPOLYLOOP((#10706,#10846,#10850));
#10852=IFCFACEOUTERBOUND(#10851,.T.);
#10853=IFCFACE((#10852));
#10854=IFCCARTESIANPOINT((-401.17700242996216,-8.9069979594569304E-05,5936.0929000854494));
#10855=IFCPOLYLOOP((#10706,#10850,#10854));
#10856=IFCFACEOUTERBOUND(#10855,.T.);
#10857=IFCFACE((#10856));
#10858=IFCCARTESIANPOINT((-346.31505317687987,-8.9881792086998763E-05,5949.7159057617191));
#10859=IFCPOLYLOOP((#10706,#10854,#10858));
#10860=IFCFACEOUTERBOUND(#10859,.T.);
#10861=IFCFACE((#10860));
#10862=IFCCARTESIANPOINT((-291.04902248382569,-9.0738331323336752E-05,5964.1016555786136));
#10863=IFCPOLYLOOP((#10706,#10858,#10862));
#10864=IFCFACEOUTERBOUND(#10863,.T.);
#10865=IFCFACE((#10864));
#10866=IFCCARTESIANPOINT((-2306.795678329468,0.00011577707812193694,2499.3398849487307));
#10867=IFCPOLYLOOP((#10866,#10706,#10862));
#10868=IFCFACEOUTERBOUND(#10867,.T.);
#10869=IFCFACE((#10868));
#10870=IFCCARTESIANPOINT((-226.10253252983094,-9.2071695939921488E-05,5986.4683135986334));
#10871=IFCPOLYLOOP((#10866,#10862,#10870));
#10872=IFCFACEOUTERBOUND(#10871,.T.);
#10873=IFCFACE((#10872));
#10874=IFCCARTESIANPOINT((-152.21825237274172,-9.3660495917902156E-05,6013.1306396484379));
#10875=IFCPOLYLOOP((#10866,#10870,#10874));
#10876=IFCFACEOUTERBOUND(#10875,.T.);
#10877=IFCFACE((#10876));
#10878=IFCCARTESIANPOINT((-70.142430067062378,-9.5282587562905976E-05,6040.3266540527347));
#10879=IFCPOLYLOOP((#10866,#10874,#10878));
#10880=IFCFACEOUTERBOUND(#10879,.T.);
#10881=IFCFACE((#10880));
#10882=IFCCARTESIANPOINT((19.38116392493248,-9.6716087068671189E-05,6064.3705352783209));
#10883=IFCPOLYLOOP((#10866,#10878,#10882));
#10884=IFCFACEOUTERBOUND(#10883,.T.);
#10885=IFCFACE((#10884));
#10886=IFCCARTESIANPOINT((115.60704231262207,-9.7738850740825001E-05,6081.5526260375982));
#10887=IFCPOLYLOOP((#10866,#10882,#10886));
#10888=IFCFACEOUTERBOUND(#10887,.T.);
#10889=IFCFACE((#10888));
#10890=IFCCARTESIANPOINT((217.79075789451599,-9.8129003436042692E-05,6088.084204101563));
#10891=IFCPOLYLOOP((#10866,#10886,#10890));
#10892=IFCFACEOUTERBOUND(#10891,.T.);
#10893=IFCFACE((#10892));
#10894=IFCCARTESIANPOINT((315.41345100402833,-9.8256591172685148E-05,6090.2195388793943));
#10895=IFCPOLYLOOP((#10866,#10890,#10894));
#10896=IFCFACEOUTERBOUND(#10895,.T.);
#10897=IFCFACE((#10896));
#10898=IFCCARTESIANPOINT((400.56188735961916,-9.8528546755005666E-05,6094.7942596435551));
#10899=IFCPOLYLOOP((#10866,#10894,#10898));
#10900=IFCFACEOUTERBOUND(#10899,.T.);
#10901=IFCFACE((#10900));
#10902=IFCCARTESIANPOINT((476.40020885467533,-9.8778143296840426E-05,6098.9881896972656));
#10903=IFCPOLYLOOP((#10866,#10898,#10902));
#10904=IFCFACEOUTERBOUND(#10903,.T.);
#10905=IFCFACE((#10904));
#10906=IFCCARTESIANPOINT((546.09530067443848,-9.8839398924610583E-05,6100.0049880981451));
#10907=IFCPOLYLOOP((#10866,#10902,#10906));
#10908=IFCFACEOUTERBOUND(#10907,.T.);
#10909=IFCFACE((#10908));
#10910=IFCCARTESIANPOINT((612.80903377532957,-9.8545326864041272E-05,6095.0738937377928));
#10911=IFCPOLYLOOP((#10866,#10906,#10910));
#10912=IFCFACEOUTERBOUND(#10911,.T.);
#10913=IFCFACE((#10912));
#10914=IFCCARTESIANPOINT((679.71083679199216,-9.7729451454142691E-05,6081.3747299194338));
#10915=IFCPOLYLOOP((#10866,#10910,#10914));
#10916=IFCFACEOUTERBOUND(#10915,.T.);
#10917=IFCFACE((#10916));
#10918=IFCCARTESIANPOINT((749.96512413024902,-9.6225799484273009E-05,6056.161152648926));
#10919=IFCPOLYLOOP((#10866,#10914,#10918));
#10920=IFCFACEOUTERBOUND(#10919,.T.);
#10921=IFCFACE((#10920));
#10922=IFCCARTESIANPOINT((816.99141082763674,-9.4544739226876118E-05,6027.9483398437505));
#10923=IFCPOLYLOOP((#10866,#10918,#10922));
#10924=IFCFACEOUTERBOUND(#10923,.T.);
#10925=IFCFACE((#10924));
#10926=IFCCARTESIANPOINT((874.33660240173344,-9.3262971063268196E-05,6006.4461639404299));
#10927=IFCPOLYLOOP((#10866,#10922,#10926));
#10928=IFCFACEOUTERBOUND(#10927,.T.);
#10929=IFCFACE((#10928));
#10930=IFCCARTESIANPOINT((925.35042171478278,-9.2313911659402953E-05,5990.5349258422857));
#10931=IFCPOLYLOOP((#10866,#10926,#10930));
#10932=IFCFACEOUTERBOUND(#10931,.T.);
#10933=IFCFACE((#10932));
#10934=IFCCARTESIANPOINT((973.38542575836186,-9.1631480131582066E-05,5979.0722534179686));
#10935=IFCPOLYLOOP((#10866,#10930,#10934));
#10936=IFCFACEOUTERBOUND(#10935,.T.);
#10937=IFCFACE((#10936));
#10938=IFCCARTESIANPOINT((1021.7940261840821,-9.114881593177416E-05,5970.9896072387701));
#10939=IFCPOLYLOOP((#10866,#10934,#10938));
#10940=IFCFACEOUTERBOUND(#10939,.T.);
#10941=IFCFACE((#10940));
#10942=IFCCARTESIANPOINT((1073.9236204147339,-9.0799335725932903E-05,5965.1184539794922));
#10943=IFCPOLYLOOP((#10866,#10938,#10942));
#10944=IFCFACEOUTERBOUND(#10943,.T.);
#10945=IFCFACE((#10944));
#10946=IFCCARTESIANPOINT((-2294.0720363616942,0.000121373829233562,2405.4428546905519));
#10947=IFCPOLYLOOP((#10946,#10866,#10942));
#10948=IFCFACEOUTERBOUND(#10947,.T.);
#10949=IFCFACE((#10948));
#10950=IFCCARTESIANPOINT((1133.1318523406983,-9.0516196291900999E-05,5960.365837097168));
#10951=IFCPOLYLOOP((#10946,#10942,#10950));
#10952=IFCFACEOUTERBOUND(#10951,.T.);
#10953=IFCFACE((#10952));
#10954=IFCCARTESIANPOINT((1183.9270803451539,-9.0351747758177225E-05,5957.5950759887701));
#10955=IFCPOLYLOOP((#10946,#10950,#10954));
#10956=IFCFACEOUTERBOUND(#10955,.T.);
#10957=IFCFACE((#10956));
#10958=IFCCARTESIANPOINT((-2289.6647472381592,0.0001263582926185336,2321.81438369751));
#10959=IFCPOLYLOOP((#10958,#10946,#10954));
#10960=IFCFACEOUTERBOUND(#10959,.T.);
#10961=IFCFACE((#10960));
#10962=IFCCARTESIANPOINT((1216.2926919937133,-9.0364707511980674E-05,5957.8241317749025));
#10963=IFCPOLYLOOP((#10958,#10954,#10962));
#10964=IFCFACEOUTERBOUND(#10963,.T.);
#10965=IFCFACE((#10964));
#10966=IFCCARTESIANPOINT((1241.767808532715,-9.0499676070976426E-05,5960.0862030029302));
#10967=IFCPOLYLOOP((#10958,#10962,#10966));
#10968=IFCFACEOUTERBOUND(#10967,.T.);
#10969=IFCFACE((#10968));
#10970=IFCCARTESIANPOINT((1271.8992542266847,-9.0701227964018469E-05,5963.4662292480471));
#10971=IFCPOLYLOOP((#10958,#10966,#10970));
#10972=IFCFACEOUTERBOUND(#10971,.T.);
#10973=IFCFACE((#10972));
#10974=IFCCARTESIANPOINT((1318.2288391113282,-9.0913963708771925E-05,5967.050312805176));
#10975=IFCPOLYLOOP((#10958,#10970,#10974));
#10976=IFCFACEOUTERBOUND(#10975,.T.);
#10977=IFCFACE((#10976));
#10978=IFCCARTESIANPOINT((1392.2981552124024,-9.1082223934790815E-05,5969.8716522216801));
#10979=IFCPOLYLOOP((#10958,#10974,#10978));
#10980=IFCFACEOUTERBOUND(#10979,.T.);
#10981=IFCFACE((#10980));
#10982=IFCCARTESIANPOINT((1505.6540267944335,-9.1150591833866209E-05,5971.0151870727541));
#10983=IFCPOLYLOOP((#10958,#10978,#10982));
#10984=IFCFACEOUTERBOUND(#10983,.T.);
#10985=IFCFACE((#10984));
#10986=IFCCARTESIANPOINT((1626.9195899963379,-9.1170923747085913E-05,5971.345399475098));
#10987=IFCPOLYLOOP((#10958,#10982,#10986));
#10988=IFCFACEOUTERBOUND(#10987,.T.);
#10989=IFCFACE((#10988));
#10990=IFCCARTESIANPOINT((1719.8887699127197,-9.1157963993282465E-05,5971.1425048828123));
#10991=IFCPOLYLOOP((#10958,#10986,#10990));
#10992=IFCFACEOUTERBOUND(#10991,.T.);
#10993=IFCFACE((#10992));
#10994=IFCCARTESIANPOINT((1788.8365962982177,-9.100088761897496E-05,5968.4990615844727));
#10995=IFCPOLYLOOP((#10958,#10990,#10994));
#10996=IFCFACEOUTERBOUND(#10995,.T.);
#10997=IFCFACE((#10996));
#10998=IFCCARTESIANPOINT((1838.0508888244631,-9.058837588327151E-05,5961.5855300903322));
#10999=IFCPOLYLOOP((#10958,#10994,#10998));
#11000=IFCFACEOUTERBOUND(#10999,.T.);
#11001=IFCFACE((#11000));
#11002=IFCCARTESIANPOINT((1871.814525604248,-8.9809612495628252E-05,5948.5212112426761));
#11003=IFCPOLYLOOP((#10958,#10998,#11002));
#11004=IFCFACEOUTERBOUND(#11003,.T.);
#11005=IFCFACE((#11004));
#11006=IFCCARTESIANPOINT((1894.4022457122803,-8.855377250256424E-05,5927.4509857177736));
#11007=IFCPOLYLOOP((#10958,#11002,#11006));
#11008=IFCFACEOUTERBOUND(#11007,.T.);
#11009=IFCFACE((#11008));
#11010=IFCCARTESIANPOINT((1910.1046302795412,-8.6709788388361633E-05,5896.4935729980471));
#11011=IFCPOLYLOOP((#10958,#11006,#11010));
#11012=IFCFACEOUTERBOUND(#11011,.T.);
#11013=IFCFACE((#11012));
#11014=IFCCARTESIANPOINT((1924.4117511749268,-8.4534880079445437E-05,5860.0207992553715));
#11015=IFCPOLYLOOP((#10958,#11010,#11014));
#11016=IFCFACEOUTERBOUND(#11015,.T.);
#11017=IFCFACE((#11016));
#11018=IFCCARTESIANPOINT((1939.8320308685304,-8.2359720545355236E-05,5823.5224456787109));
#11019=IFCPOLYLOOP((#10958,#11014,#11018));
#11020=IFCFACEOUTERBOUND(#11019,.T.);
#11021=IFCFACE((#11020));
#11022=IFCCARTESIANPOINT((1956.1851024627686,-8.0184561011265035E-05,5787.0235107421877));
#11023=IFCPOLYLOOP((#10958,#11018,#11022));
#11024=IFCFACEOUTERBOUND(#11023,.T.);
#11025=IFCFACE((#11024));
#11026=IFCCARTESIANPOINT((1973.2828960418701,-7.8009401477174833E-05,5750.5507369995121));
#11027=IFCPOLYLOOP((#10958,#11022,#11026));
#11028=IFCFACEOUTERBOUND(#11027,.T.);
#11029=IFCFACE((#11028));
#11030=IFCCARTESIANPOINT((1990.9399578094483,-7.5834501831195664E-05,5714.0523834228516));
#11031=IFCPOLYLOOP((#10958,#11026,#11030));
#11032=IFCFACEOUTERBOUND(#11031,.T.);
#11033=IFCFACE((#11032));
#11034=IFCCARTESIANPOINT((2008.9679271697999,-7.3659342297105476E-05,5677.554029846192));
#11035=IFCPOLYLOOP((#10958,#11030,#11034));
#11036=IFCFACEOUTERBOUND(#11035,.T.);
#11037=IFCFACE((#11036));
#11038=IFCCARTESIANPOINT((2027.1841117858887,-7.1484178431546755E-05,5641.0556762695314));
#11039=IFCPOLYLOOP((#10958,#11034,#11038));
#11040=IFCFACEOUTERBOUND(#11039,.T.);
#11041=IFCFACE((#11040));
#11042=IFCCARTESIANPOINT((2038.9139190673829,-7.0403970823917916E-05,5622.9335266113285));
#11043=IFCPOLYLOOP((#10958,#11038,#11042));
#11044=IFCFACEOUTERBOUND(#11043,.T.);
#11045=IFCFACE((#11044));
#11046=IFCCARTESIANPOINT((2052.5982582092288,-6.9368238735023629E-05,5605.5741210937504));
#11047=IFCPOLYLOOP((#10958,#11042,#11046));
#11048=IFCFACEOUTERBOUND(#11047,.T.);
#11049=IFCFACE((#11048));
#11050=IFCPOLYLOOP((#10958,#11046,#10618));
#11051=IFCFACEOUTERBOUND(#11050,.T.);
#11052=IFCFACE((#11051));
#11053=IFCPOLYLOOP((#10958,#10618,#10614));
#11054=IFCFACEOUTERBOUND(#11053,.T.);
#11055=IFCFACE((#11054));
#11056=IFCCARTESIANPOINT((2948.7932647705079,4.67725506325678E-06,4363.2827980041502));
#11057=IFCPOLYLOOP((#10958,#10614,#11056));
#11058=IFCFACEOUTERBOUND(#11057,.T.);
#11059=IFCFACE((#11058));
#11060=IFCPOLYLOOP((#9541,#10958,#11056));
#11061=IFCFACEOUTERBOUND(#11060,.T.);
#11062=IFCFACE((#11061));
#11063=IFCPOLYLOOP((#10382,#9541,#11056));
#11064=IFCFACEOUTERBOUND(#11063,.T.);
#11065=IFCFACE((#11064));
#11066=IFCCARTESIANPOINT((-2337.9818561553957,0.00015868501241129708,1779.4628952026367));
#11067=IFCPOLYLOOP((#11066,#10382,#11056));
#11068=IFCFACEOUTERBOUND(#11067,.T.);
#11069=IFCFACE((#11068));
#11070=IFCCARTESIANPOINT((-2332.0547470092774,0.00016193860365092407,1724.8780002593994));
#11071=IFCPOLYLOOP((#11070,#11066,#11056));
#11072=IFCFACEOUTERBOUND(#11071,.T.);
#11073=IFCFACE((#11072));
#11074=IFCCARTESIANPOINT((-2325.7539688110351,0.00016552490365029371,1664.7116146087646));
#11075=IFCPOLYLOOP((#11074,#11070,#11056));
#11076=IFCFACEOUTERBOUND(#11075,.T.);
#11077=IFCFACE((#11076));
#11078=IFCCARTESIANPOINT((-2315.3585277557372,0.00016958827159214708,1596.5364154815675));
#11079=IFCPOLYLOOP((#11078,#11074,#11056));
#11080=IFCFACEOUTERBOUND(#11079,.T.);
#11081=IFCFACE((#11080));
#11082=IFCCARTESIANPOINT((-2298.509846878052,0.00017324318205282906,1535.2212627410888));
#11083=IFCPOLYLOOP((#11082,#11078,#11056));
#11084=IFCFACEOUTERBOUND(#11083,.T.);
#11085=IFCFACE((#11084));
#11086=IFCCARTESIANPOINT((-2275.70339012146,0.00017567708619026234,1494.3842205047608));
#11087=IFCPOLYLOOP((#11086,#11082,#11056));
#11088=IFCFACEOUTERBOUND(#11087,.T.);
#11089=IFCFACE((#11088));
#11090=IFCCARTESIANPOINT((-2247.4959548950196,0.00017714566192807978,1469.7453174591064));
#11091=IFCPOLYLOOP((#11090,#11086,#11056));
#11092=IFCFACEOUTERBOUND(#11091,.T.);
#11093=IFCFACE((#11092));
#11094=IFCCARTESIANPOINT((-2214.4491348266602,0.00017790384217732935,1457.0242916107179));
#11095=IFCPOLYLOOP((#11094,#11090,#11056));
#11096=IFCFACEOUTERBOUND(#11095,.T.);
#11097=IFCFACE((#11096));
#11098=IFCCARTESIANPOINT((-2177.1197273254397,0.00017820732218751801,1451.933323287964));
#11099=IFCPOLYLOOP((#11098,#11094,#11056));
#11100=IFCFACEOUTERBOUND(#11099,.T.);
#11101=IFCFACE((#11100));
#11102=IFCCARTESIANPOINT((-2136.0667098999024,0.00017831101754381962,1450.1947666168214));
#11103=IFCPOLYLOOP((#11102,#11098,#11056));
#11104=IFCFACEOUTERBOUND(#11103,.T.);
#11105=IFCFACE((#11104));
#11106=IFCCARTESIANPOINT((-2091.8467346191405,0.0001784698784831562,1447.5286502838135));
#11107=IFCPOLYLOOP((#11106,#11102,#11056));
#11108=IFCFACEOUTERBOUND(#11107,.T.);
#11109=IFCFACE((#11108));
#11110=IFCCARTESIANPOINT((-2052.1280834198001,0.00017879725087368569,1442.0361076354982));
#11111=IFCPOLYLOOP((#11110,#11106,#11056));
#11112=IFCFACEOUTERBOUND(#11111,.T.);
#11113=IFCFACE((#11112));
#11114=IFCCARTESIANPOINT((-2023.0208484649659,0.00017922448960234761,1434.8660511016847));
#11115=IFCPOLYLOOP((#11114,#11110,#11056));
#11116=IFCFACEOUTERBOUND(#11115,.T.);
#11117=IFCFACE((#11116));
#11118=IFCPOLYLOOP((#10398,#11114,#11056));
#11119=IFCFACEOUTERBOUND(#11118,.T.);
#11120=IFCFACE((#11119));
#11121=IFCPOLYLOOP((#10075,#10398,#11056));
#11122=IFCFACEOUTERBOUND(#11121,.T.);
#11123=IFCFACE((#11122));
#11124=IFCPOLYLOOP((#8896,#10075,#11056));
#11125=IFCFACEOUTERBOUND(#11124,.T.);
#11126=IFCFACE((#11125));
#11127=IFCPOLYLOOP((#9893,#8896,#11056));
#11128=IFCFACEOUTERBOUND(#11127,.T.);
#11129=IFCFACE((#11128));
#11130=IFCCARTESIANPOINT((867.04198951721196,0.00019306108856653736,1202.727822303772));
#11131=IFCPOLYLOOP((#11130,#9893,#11056));
#11132=IFCFACEOUTERBOUND(#11131,.T.);
#11133=IFCFACE((#11132));
#11134=IFCCARTESIANPOINT((905.76942214965823,0.00019373260479369492,1191.463102912903));
#11135=IFCPOLYLOOP((#11134,#11130,#11056));
#11136=IFCFACEOUTERBOUND(#11135,.T.);
#11137=IFCFACE((#11136));
#11138=IFCCARTESIANPOINT((944.2172206878663,0.00019435403191891965,1181.0372131347656));
#11139=IFCPOLYLOOP((#11138,#11134,#11056));
#11140=IFCFACEOUTERBOUND(#11139,.T.);
#11141=IFCFACE((#11140));
#11142=IFCCARTESIANPOINT((982.10589637756357,0.00019487559270601196,1172.2862211227418));
#11143=IFCPOLYLOOP((#11142,#11138,#11056));
#11144=IFCFACEOUTERBOUND(#11143,.T.);
#11145=IFCFACE((#11144));
#11146=IFCCARTESIANPOINT((1019.1557424545289,0.00019524742328940194,1166.0489564895631));
#11147=IFCPOLYLOOP((#11146,#11142,#11056));
#11148=IFCFACEOUTERBOUND(#11147,.T.);
#11149=IFCFACE((#11148));
#11150=IFCCARTESIANPOINT((1055.0898862838746,0.00019541924398254197,1163.1641761779786));
#11151=IFCPOLYLOOP((#11150,#11146,#11056));
#11152=IFCFACEOUTERBOUND(#11151,.T.);
#11153=IFCFACE((#11152));
#11154=IFCCARTESIANPOINT((1089.6260776519775,0.00019534172802195826,1164.4655502319335));
#11155=IFCPOLYLOOP((#11154,#11150,#11056));
#11156=IFCFACEOUTERBOUND(#11155,.T.);
#11157=IFCFACE((#11156));
#11158=IFCCARTESIANPOINT((1122.4872985839845,0.00019496428385537001,1170.7967771530152));
#11159=IFCPOLYLOOP((#11158,#11154,#11056));
#11160=IFCFACEOUTERBOUND(#11159,.T.);
#11161=IFCFACE((#11160));
#11162=IFCCARTESIANPOINT((1158.7315252304077,0.00019432073158895947,1181.5963359832765));
#11163=IFCPOLYLOOP((#11162,#11158,#11056));
#11164=IFCFACEOUTERBOUND(#11163,.T.);
#11165=IFCFACE((#11164));
#11166=IFCCARTESIANPOINT((1202.6083528518677,0.00019354401265445632,1194.6275173187257));
#11167=IFCPOLYLOOP((#11166,#11162,#11056));
#11168=IFCFACEOUTERBOUND(#11167,.T.);
#11169=IFCFACE((#11168));
#11170=IFCPOLYLOOP((#10622,#11166,#11056));
#11171=IFCFACEOUTERBOUND(#11170,.T.);
#11172=IFCFACE((#11171));
#11173=IFCPOLYLOOP((#10592,#10622,#11056));
#11174=IFCFACEOUTERBOUND(#11173,.T.);
#11175=IFCFACE((#11174));
#11176=IFCCARTESIANPOINT((3107.9780250549315,0.00011238496651913011,2556.2579223632815));
#11177=IFCPOLYLOOP((#11176,#10592,#11056));
#11178=IFCFACEOUTERBOUND(#11177,.T.);
#11179=IFCFACE((#11178));
#11180=IFCCARTESIANPOINT((2985.0881423950195,5.9127598944996867E-06,4342.5680740356447));
#11181=IFCPOLYLOOP((#11176,#11056,#11180));
#11182=IFCFACEOUTERBOUND(#11181,.T.);
#11183=IFCFACE((#11182));
#11184=IFCCARTESIANPOINT((3120.5845230102541,0.00011177649048477178,2566.4500328063964));
#11185=IFCPOLYLOOP((#11184,#11176,#11180));
#11186=IFCFACEOUTERBOUND(#11185,.T.);
#11187=IFCFACE((#11186));
#11188=IFCCARTESIANPOINT((3134.1063720703128,0.00011122342259568542,2575.7270828247069));
#11189=IFCPOLYLOOP((#11188,#11184,#11180));
#11190=IFCFACEOUTERBOUND(#11189,.T.);
#11191=IFCFACE((#11190));
#11192=IFCCARTESIANPOINT((3152.5078651428225,0.00011041339466828505,2589.3250900268554));
#11193=IFCPOLYLOOP((#11192,#11188,#11180));
#11194=IFCFACEOUTERBOUND(#11193,.T.);
#11195=IFCFACE((#11194));
#11196=IFCCARTESIANPOINT((3171.8499984741211,0.00010963640718273382,2602.3638290405274));
#11197=IFCPOLYLOOP((#11196,#11192,#11180));
#11198=IFCFACEOUTERBOUND(#11197,.T.);
#11199=IFCFACE((#11198));
#11200=IFCCARTESIANPOINT((3029.2116119384768,6.8523387966479278E-06,4326.7841537475588));
#11201=IFCPOLYLOOP((#11196,#11180,#11200));
#11202=IFCFACEOUTERBOUND(#11201,.T.);
#11203=IFCFACE((#11202));
#11204=IFCCARTESIANPOINT((3193.0222526550292,0.00010892626291933994,2614.2840316772463));
#11205=IFCPOLYLOOP((#11204,#11196,#11200));
#11206=IFCFACEOUTERBOUND(#11205,.T.);
#11207=IFCFACE((#11206));
#11208=IFCCARTESIANPOINT((3069.6242614746093,7.5255762411075013E-06,4315.4993774414061));
#11209=IFCPOLYLOOP((#11204,#11200,#11208));
#11210=IFCFACEOUTERBOUND(#11209,.T.);
#11211=IFCFACE((#11210));
#11212=IFCPOLYLOOP((#10386,#11204,#11208));
#11213=IFCFACEOUTERBOUND(#11212,.T.);
#11214=IFCFACE((#11213));
#11215=IFCPOLYLOOP((#9294,#10386,#11208));
#11216=IFCFACEOUTERBOUND(#11215,.T.);
#11217=IFCFACE((#11216));
#11218=IFCCARTESIANPOINT((3105.1819747924806,7.9768746530817235E-06,4307.9251304626468));
#11219=IFCPOLYLOOP((#9294,#11208,#11218));
#11220=IFCFACEOUTERBOUND(#11219,.T.);
#11221=IFCFACE((#11220));
#11222=IFCCARTESIANPOINT((3134.7923767089846,8.2506126346970642E-06,4303.3248298645021));
#11223=IFCPOLYLOOP((#9294,#11218,#11222));
#11224=IFCFACEOUTERBOUND(#11223,.T.);
#11225=IFCFACE((#11224));
#11226=IFCCARTESIANPOINT((3157.3116416931152,8.3911666223457356E-06,4300.9863098144533));
#11227=IFCPOLYLOOP((#9294,#11222,#11226));
#11228=IFCFACEOUTERBOUND(#11227,.T.);
#11229=IFCFACE((#11228));
#11230=IFCCARTESIANPOINT((3171.6468132019045,8.4429661129092892E-06,4300.096829223633));
#11231=IFCPOLYLOOP((#9294,#11226,#11230));
#11232=IFCFACEOUTERBOUND(#11231,.T.);
#11233=IFCFACE((#11232));
#11234=IFCCARTESIANPOINT((3176.6790641784669,8.4503620954023972E-06,4299.9950912475588));
#11235=IFCPOLYLOOP((#9294,#11230,#11234));
#11236=IFCFACEOUTERBOUND(#11235,.T.);
#11237=IFCFACE((#11236));
#11238=IFCCARTESIANPOINT((3400.1936187744141,5.2783594796324001E-06,4353.1921348571777));
#11239=IFCPOLYLOOP((#9294,#11234,#11238));
#11240=IFCFACEOUTERBOUND(#11239,.T.);
#11241=IFCFACE((#11240));
#11242=IFCCARTESIANPOINT((3588.5821197509767,9.2239445052655356E-05,2894.2236305236815));
#11243=IFCPOLYLOOP((#11242,#9294,#11238));
#11244=IFCFACEOUTERBOUND(#11243,.T.);
#11245=IFCFACE((#11244));
#11246=IFCCARTESIANPOINT((3637.6616821289062,9.2938656689511848E-05,2882.5066131591798));
#11247=IFCPOLYLOOP((#11246,#11242,#11238));
#11248=IFCFACEOUTERBOUND(#11247,.T.);
#11249=IFCFACE((#11248));
#11250=IFCCARTESIANPOINT((3684.9114143371585,9.3670908768217487E-05,2870.2303276062012));
#11251=IFCPOLYLOOP((#11250,#11246,#11238));
#11252=IFCFACEOUTERBOUND(#11251,.T.);
#11253=IFCFACE((#11252));
#11254=IFCCARTESIANPOINT((3729.3395164489748,9.4453492511092915E-05,2857.0898506164554));
#11255=IFCPOLYLOOP((#11254,#11250,#11238));
#11256=IFCFACEOUTERBOUND(#11255,.T.);
#11257=IFCFACE((#11256));
#11258=IFCCARTESIANPOINT((3434.5822174072268,3.5231087466058856E-06,4382.6502204895023));
#11259=IFCPOLYLOOP((#11254,#11238,#11258));
#11260=IFCFACEOUTERBOUND(#11259,.T.);
#11261=IFCFACE((#11260));
#11262=IFCCARTESIANPOINT((3469.9879051208495,1.8399978095828829E-06,4410.888031768799));
#11263=IFCPOLYLOOP((#11254,#11258,#11262));
#11264=IFCFACEOUTERBOUND(#11263,.T.);
#11265=IFCFACE((#11264));
#11266=IFCCARTESIANPOINT((3507.4266082763675,3.011902876437489E-07,4436.7114555358885));
#11267=IFCPOLYLOOP((#11254,#11262,#11266));
#11268=IFCFACEOUTERBOUND(#11267,.T.);
#11269=IFCFACE((#11268));
#11270=IFCCARTESIANPOINT((3547.9662849426272,-1.0212628183126071E-06,4458.9002174377447));
#11271=IFCPOLYLOOP((#11254,#11266,#11270));
#11272=IFCFACEOUTERBOUND(#11271,.T.);
#11273=IFCFACE((#11272));
#11274=IFCCARTESIANPOINT((3592.5725738525393,-2.0551781268807189E-06,4476.2343338012697));
#11275=IFCPOLYLOOP((#11254,#11270,#11274));
#11276=IFCFACEOUTERBOUND(#11275,.T.);
#11277=IFCFACE((#11276));
#11278=IFCCARTESIANPOINT((3642.3128517150881,-2.7284304607633202E-06,4487.5194007873533));
#11279=IFCPOLYLOOP((#11254,#11274,#11278));
#11280=IFCFACEOUTERBOUND(#11279,.T.);
#11281=IFCFACE((#11280));
#11282=IFCCARTESIANPOINT((3698.2042076110843,-2.968872443886994E-06,4491.5607238769535));
#11283=IFCPOLYLOOP((#11254,#11278,#11282));
#11284=IFCFACEOUTERBOUND(#11283,.T.);
#11285=IFCFACE((#11284));
#11286=IFCCARTESIANPOINT((3753.2313720703128,-2.9966274112780414E-06,4492.0435432434087));
#11287=IFCPOLYLOOP((#11254,#11282,#11286));
#11288=IFCFACEOUTERBOUND(#11287,.T.);
#11289=IFCFACE((#11288));
#11290=IFCCARTESIANPOINT((3800.8113166809085,-3.0354641701535457E-06,4492.6789695739744));
#11291=IFCPOLYLOOP((#11254,#11286,#11290));
#11292=IFCFACEOUTERBOUND(#11291,.T.);
#11293=IFCFACE((#11292));
#11294=IFCCARTESIANPOINT((3842.5962661743165,-3.0187907235301737E-06,4492.3993354797367));
#11295=IFCPOLYLOOP((#11254,#11290,#11294));
#11296=IFCFACEOUTERBOUND(#11295,.T.);
#11297=IFCFACE((#11296));
#11298=IFCCARTESIANPOINT((3880.2893142700195,-2.8800665106132328E-06,4490.0863952636719));
#11299=IFCPOLYLOOP((#11254,#11294,#11298));
#11300=IFCFACEOUTERBOUND(#11299,.T.);
#11301=IFCFACE((#11300));
#11302=IFCCARTESIANPOINT((3915.5932640075685,-2.5526995344193892E-06,4484.5710342407228));
#11303=IFCPOLYLOOP((#11254,#11298,#11302));
#11304=IFCFACEOUTERBOUND(#11303,.T.);
#11305=IFCFACE((#11304));
#11306=IFCCARTESIANPOINT((3950.1088897705081,-1.9700931957800093E-06,4474.811164855957));
#11307=IFCPOLYLOOP((#11254,#11302,#11306));
#11308=IFCFACEOUTERBOUND(#11307,.T.);
#11309=IFCFACE((#11308));
#11310=IFCCARTESIANPOINT((3985.590735626221,-1.0656682890797243E-06,4459.6373817443846));
#11311=IFCPOLYLOOP((#11254,#11306,#11310));
#11312=IFCFACEOUTERBOUND(#11311,.T.);
#11313=IFCFACE((#11312));
#11314=IFCCARTESIANPOINT((4023.8174720764164,-3.4804848629832464E-07,4447.589861297608));
#11315=IFCPOLYLOOP((#11254,#11310,#11314));
#11316=IFCFACEOUTERBOUND(#11315,.T.);
#11317=IFCFACE((#11316));
#11318=IFCCARTESIANPOINT((4064.662071990967,-1.40878086396512E-07,4444.1078063964842));
#11319=IFCPOLYLOOP((#11254,#11314,#11318));
#11320=IFCFACEOUTERBOUND(#11319,.T.);
#11321=IFCFACE((#11320));
#11322=IFCCARTESIANPOINT((3770.0570892333985,9.5302408362840657E-05,2842.8564170837403));
#11323=IFCPOLYLOOP((#11322,#11254,#11318));
#11324=IFCFACEOUTERBOUND(#11323,.T.);
#11325=IFCFACE((#11324));
#11326=IFCCARTESIANPOINT((4106.8028137207029,-1.0017402467532577E-07,4443.4468002319336));
#11327=IFCPOLYLOOP((#11322,#11318,#11326));
#11328=IFCFACEOUTERBOUND(#11327,.T.);
#11329=IFCFACE((#11328));
#11330=IFCCARTESIANPOINT((4148.9182662963867,1.1806177988571421E-07,4439.7868492126463));
#11331=IFCPOLYLOOP((#11322,#11326,#11330));
#11332=IFCFACEOUTERBOUND(#11331,.T.);
#11333=IFCFACE((#11332));
#11334=IFCCARTESIANPOINT((4189.7628662109373,8.57904664108844E-07,4427.3582473754886));
#11335=IFCPOLYLOOP((#11322,#11330,#11334));
#11336=IFCFACEOUTERBOUND(#11335,.T.);
#11337=IFCFACE((#11336));
#11338=IFCCARTESIANPOINT((4227.9896026611332,2.4633142672314534E-06,4400.4165779113773));
#11339=IFCPOLYLOOP((#11322,#11334,#11338));
#11340=IFCFACEOUTERBOUND(#11339,.T.);
#11341=IFCFACE((#11340));
#11342=IFCCARTESIANPOINT((4262.3276229858402,5.2783594796324001E-06,4353.1921348571777));
#11343=IFCPOLYLOOP((#11322,#11338,#11342));
#11344=IFCFACEOUTERBOUND(#11343,.T.);
#11345=IFCFACE((#11344));
#11346=IFCCARTESIANPOINT((4291.048544311524,8.4947396146617403E-06,4299.2326377868658));
#11347=IFCPOLYLOOP((#11322,#11342,#11346));
#11348=IFCFACEOUTERBOUND(#11347,.T.);
#11349=IFCFACE((#11348));
#11350=IFCCARTESIANPOINT((4313.6439674377443,1.1200651312037736E-05,4253.8383155822758));
#11351=IFCPOLYLOOP((#11322,#11346,#11350));
#11352=IFCFACEOUTERBOUND(#11351,.T.);
#11353=IFCFACE((#11352));
#11354=IFCCARTESIANPOINT((4330.4696846008301,1.3584761970264482E-05,4213.8326179504393));
#11355=IFCPOLYLOOP((#11322,#11350,#11354));
#11356=IFCFACEOUTERBOUND(#11355,.T.);
#11357=IFCFACE((#11356));
#11358=IFCCARTESIANPOINT((4341.881778717041,1.583568863452456E-05,4176.0887008666996));
#11359=IFCPOLYLOOP((#11322,#11354,#11358));
#11360=IFCFACEOUTERBOUND(#11359,.T.);
#11361=IFCFACE((#11360));
#11362=IFCCARTESIANPOINT((4348.2613311767582,1.8142100327622756E-05,4137.3791450500494));
#11363=IFCPOLYLOOP((#11322,#11358,#11362));
#11364=IFCFACEOUTERBOUND(#11363,.T.);
#11365=IFCFACE((#11364));
#11366=IFCCARTESIANPOINT((4350.0150032043457,2.0692640083552762E-05,4094.6029769897464));
#11367=IFCPOLYLOOP((#11322,#11362,#11366));
#11368=IFCFACEOUTERBOUND(#11367,.T.);
#11369=IFCFACE((#11368));
#11370=IFCCARTESIANPOINT((4347.4735885620121,2.3675999665329075E-05,4044.5319053649905));
#11371=IFCPOLYLOOP((#11322,#11366,#11370));
#11372=IFCFACEOUTERBOUND(#11371,.T.);
#11373=IFCFACE((#11372));
#11374=IFCCARTESIANPOINT((4341.3225105285646,2.6546459520204734E-05,3996.3674034118653));
#11375=IFCPOLYLOOP((#11322,#11370,#11374));
#11376=IFCFACEOUTERBOUND(#11375,.T.);
#11377=IFCFACE((#11376));
#11378=IFCCARTESIANPOINT((4333.4942092895508,2.8773468898179999E-05,3959.0301475524902));
#11379=IFCPOLYLOOP((#11322,#11374,#11378));
#11380=IFCFACEOUTERBOUND(#11379,.T.);
#11381=IFCFACE((#11380));
#11382=IFCCARTESIANPOINT((4326.2504653930664,3.0567379070589595E-05,3928.9113464355469));
#11383=IFCPOLYLOOP((#11322,#11378,#11382));
#11384=IFCFACEOUTERBOUND(#11383,.T.);
#11385=IFCFACE((#11384));
#11386=IFCCARTESIANPOINT((4321.777191925049,3.2139654496177176E-05,3902.554234313965));
#11387=IFCPOLYLOOP((#11322,#11382,#11386));
#11388=IFCFACEOUTERBOUND(#11387,.T.);
#11389=IFCFACE((#11388));
#11390=IFCCARTESIANPOINT((4322.3364601135254,3.3700748235787618E-05,3876.3497291564945));
#11391=IFCPOLYLOOP((#11322,#11386,#11390));
#11392=IFCFACEOUTERBOUND(#11391,.T.);
#11393=IFCFACE((#11392));
#11394=IFCCARTESIANPOINT((4330.1391815185552,3.5461362409705542E-05,3846.8154853820802));
#11395=IFCPOLYLOOP((#11322,#11390,#11394));
#11396=IFCFACEOUTERBOUND(#11395,.T.);
#11397=IFCFACE((#11396));
#11398=IFCCARTESIANPOINT((4347.4735885620121,3.7632708085766353E-05,3810.3935806274417));
#11399=IFCPOLYLOOP((#11322,#11394,#11398));
#11400=IFCFACEOUTERBOUND(#11399,.T.);
#11401=IFCFACE((#11400));
#11402=IFCCARTESIANPOINT((4372.0005798339844,3.9700611796433809E-05,3775.6997680664062));
#11403=IFCPOLYLOOP((#11322,#11398,#11402));
#11404=IFCFACEOUTERBOUND(#11403,.T.);
#11405=IFCFACE((#11404));
#11406=IFCCARTESIANPOINT((4399.1710144042972,4.1202483532742921E-05,3750.4861907958984));
#11407=IFCPOLYLOOP((#11322,#11402,#11406));
#11408=IFCFACEOUTERBOUND(#11407,.T.);
#11409=IFCFACE((#11408));
#11410=IFCCARTESIANPOINT((3806.0979125976564,9.6234436432496303E-05,2827.1998146057131));
#11411=IFCPOLYLOOP((#11410,#11322,#11406));
#11412=IFCFACEOUTERBOUND(#11411,.T.);
#11413=IFCFACE((#11412));
#11414=IFCCARTESIANPOINT((4427.6123016357424,4.2426803429407303E-05,3729.9496536254883));
#11415=IFCPOLYLOOP((#11410,#11406,#11414));
#11416=IFCFACEOUTERBOUND(#11415,.T.);
#11417=IFCFACE((#11416));
#11418=IFCCARTESIANPOINT((3836.5727966308596,9.7266608054269452E-05,2809.8909873962402));
#11419=IFCPOLYLOOP((#11418,#11410,#11414));
#11420=IFCFACEOUTERBOUND(#11419,.T.);
#11421=IFCFACE((#11420));
#11422=IFCCARTESIANPOINT((4456.0788780212406,4.3662311509251597E-05,3709.2349296569828));
#11423=IFCPOLYLOOP((#11418,#11414,#11422));
#11424=IFCFACEOUTERBOUND(#11423,.T.);
#11425=IFCFACE((#11424));
#11426=IFCCARTESIANPOINT((4483.2240234375004,4.5197479244052376E-05,3683.4626655578613));
#11427=IFCPOLYLOOP((#11418,#11422,#11426));
#11428=IFCFACEOUTERBOUND(#11427,.T.);
#11429=IFCFACE((#11428));
#11430=IFCCARTESIANPOINT((4507.7765945434576,4.732078676852325E-05,3647.8537925720216));
#11431=IFCPOLYLOOP((#11418,#11426,#11430));
#11432=IFCFACEOUTERBOUND(#11431,.T.);
#11433=IFCFACE((#11432));
#11434=IFCCARTESIANPOINT((4528.414869689942,5.0320974105488857E-05,3597.5033775329589));
#11435=IFCPOLYLOOP((#11418,#11430,#11434));
#11436=IFCFACEOUTERBOUND(#11435,.T.);
#11437=IFCFACE((#11436));
#11438=IFCCARTESIANPOINT((4544.7577674865724,5.3638865995253586E-05,3541.8407867431642));
#11439=IFCPOLYLOOP((#11418,#11434,#11438));
#11440=IFCFACEOUTERBOUND(#11439,.T.);
#11441=IFCFACE((#11440));
#11442=IFCCARTESIANPOINT((4557.567741394043,5.6590761789721004E-05,3492.3289833068848));
#11443=IFCPOLYLOOP((#11418,#11438,#11442));
#11444=IFCFACEOUTERBOUND(#11443,.T.);
#11445=IFCFACE((#11444));
#11446=IFCCARTESIANPOINT((4567.2261634826664,5.9276545152897603E-05,3447.2651641845705));
#11447=IFCPOLYLOOP((#11418,#11442,#11446));
#11448=IFCFACEOUTERBOUND(#11447,.T.);
#11449=IFCFACE((#11448));
#11450=IFCCARTESIANPOINT((4574.0885353088379,6.1795592966973348E-05,3404.9973953247072));
#11451=IFCPOLYLOOP((#11418,#11446,#11450));
#11452=IFCFACEOUTERBOUND(#11451,.T.);
#11453=IFCFACE((#11452));
#11454=IFCCARTESIANPOINT((4578.51123046875,6.4248048784065762E-05,3363.8475814819335));
#11455=IFCPOLYLOOP((#11418,#11450,#11454));
#11456=IFCFACEOUTERBOUND(#11455,.T.);
#11457=IFCFACE((#11456));
#11458=IFCCARTESIANPOINT((4580.9003288269041,6.6733800599649848E-05,3322.1387901306152));
#11459=IFCPOLYLOOP((#11418,#11454,#11458));
#11460=IFCFACEOUTERBOUND(#11459,.T.);
#11461=IFCFACE((#11460));
#11462=IFCCARTESIANPOINT((4581.6119132995609,6.9352987634374588E-05,3278.2187965393068));
#11463=IFCPOLYLOOP((#11418,#11458,#11462));
#11464=IFCFACEOUTERBOUND(#11463,.T.);
#11465=IFCFACE((#11464));
#11466=IFCCARTESIANPOINT((4587.7627006530765,7.1829591388450356E-05,3236.6626121520999));
#11467=IFCPOLYLOOP((#11418,#11462,#11466));
#11468=IFCFACEOUTERBOUND(#11467,.T.);
#11469=IFCFACE((#11468));
#11470=IFCCARTESIANPOINT((3864.0990234375004,9.8428151977714159E-05,2790.3965377807617));
#11471=IFCPOLYLOOP((#11470,#11418,#11466));
#11472=IFCFACEOUTERBOUND(#11471,.T.);
#11473=IFCFACE((#11472));
#11474=IFCCARTESIANPOINT((3892.5655998229981,9.9722879895125516E-05,2768.6905952453612));
#11475=IFCPOLYLOOP((#11474,#11470,#11466));
#11476=IFCFACEOUTERBOUND(#11475,.T.);
#11477=IFCFACE((#11476));
#11478=IFCCARTESIANPOINT((3922.8622970581055,0.00010112842410308076,2745.1039535522464));
#11479=IFCPOLYLOOP((#11478,#11474,#11466));
#11480=IFCFACEOUTERBOUND(#11479,.T.);
#11481=IFCFACE((#11480));
#11482=IFCCARTESIANPOINT((3955.9803337097169,0.00010262292801144213,2720.0176940917968));
#11483=IFCPOLYLOOP((#11482,#11478,#11466));
#11484=IFCFACEOUTERBOUND(#11483,.T.);
#11485=IFCFACE((#11484));
#11486=IFCCARTESIANPOINT((4602.0978721618658,7.3939934827649276E-05,3201.2572151184081));
#11487=IFCPOLYLOOP((#11482,#11466,#11486));
#11488=IFCFACEOUTERBOUND(#11487,.T.);
#11489=IFCFACE((#11488));
#11490=IFCCARTESIANPOINT((3992.8088996887209,0.0001041840152538498,2693.8384780883789));
#11491=IFCPOLYLOOP((#11490,#11482,#11486));
#11492=IFCFACEOUTERBOUND(#11491,.T.);
#11493=IFCFACE((#11492));
#11494=IFCCARTESIANPOINT((4034.3145057678225,0.00010578933545275504,2666.8968086242676));
#11495=IFCPOLYLOOP((#11494,#11490,#11486));
#11496=IFCFACEOUTERBOUND(#11495,.T.);
#11497=IFCFACE((#11496));
#11498=IFCCARTESIANPOINT((4081.3860511779785,0.00010741702335508308,2639.5990562438965));
#11499=IFCPOLYLOOP((#11498,#11494,#11486));
#11500=IFCFACEOUTERBOUND(#11499,.T.);
#11501=IFCFACE((#11500));
#11502=IFCCARTESIANPOINT((4618.4916389465334,7.5861443565372608E-05,3169.0033699035644));
#11503=IFCPOLYLOOP((#11498,#11486,#11502));
#11504=IFCFACEOUTERBOUND(#11503,.T.);
#11505=IFCFACE((#11504));
#11506=IFCCARTESIANPOINT((4630.7679244995115,7.777201101362152E-05,3136.953000640869));
#11507=IFCPOLYLOOP((#11498,#11502,#11506));
#11508=IFCFACEOUTERBOUND(#11507,.T.);
#11509=IFCFACE((#11508));
#11510=IFCCARTESIANPOINT((4632.8265197753908,7.9849314010971292E-05,3102.1065811157227));
#11511=IFCPOLYLOOP((#11498,#11506,#11510));
#11512=IFCFACEOUTERBOUND(#11511,.T.);
#11513=IFCFACE((#11512));
#11514=IFCCARTESIANPOINT((4618.4916389465334,8.2270258394601123E-05,3061.4907463073732));
#11515=IFCPOLYLOOP((#11498,#11510,#11514));
#11516=IFCFACEOUTERBOUND(#11515,.T.);
#11517=IFCFACE((#11516));
#11518=IFCCARTESIANPOINT((4581.6119132995609,8.5212997464623183E-05,3012.1315498352051));
#11519=IFCPOLYLOOP((#11498,#11514,#11518));
#11520=IFCFACEOUTERBOUND(#11519,.T.);
#11521=IFCFACE((#11520));
#11522=IFCCARTESIANPOINT((4534.9470291137695,8.8773369293448928E-05,2952.377057647705));
#11523=IFCPOLYLOOP((#11498,#11518,#11522));
#11524=IFCFACEOUTERBOUND(#11523,.T.);
#11525=IFCFACE((#11524));
#11526=IFCCARTESIANPOINT((4493.670188140869,9.2722109252463275E-05,2886.1409843444826));
#11527=IFCPOLYLOOP((#11498,#11522,#11526));
#11528=IFCFACEOUTERBOUND(#11527,.T.);
#11529=IFCFACE((#11528));
#11530=IFCCARTESIANPOINT((4455.3928733825687,9.6748616397235312E-05,2818.5834800720218));
#11531=IFCPOLYLOOP((#11498,#11526,#11530));
#11532=IFCFACEOUTERBOUND(#11531,.T.);
#11533=IFCFACE((#11532));
#11534=IFCCARTESIANPOINT((4417.6489562988281,0.0001005420558840342,2754.9399810791015));
#11535=IFCPOLYLOOP((#11498,#11530,#11534));
#11536=IFCFACEOUTERBOUND(#11535,.T.);
#11537=IFCFACE((#11536));
#11538=IFCCARTESIANPOINT((4378.0496292114258,0.00010379183543136605,2700.4212158203127));
#11539=IFCPOLYLOOP((#11498,#11534,#11538));
#11540=IFCFACEOUTERBOUND(#11539,.T.);
#11541=IFCFACE((#11540));
#11542=IFCCARTESIANPOINT((4334.1805046081545,0.00010618710286962596,2660.2376220703127));
#11543=IFCPOLYLOOP((#11498,#11538,#11542));
#11544=IFCFACEOUTERBOUND(#11543,.T.);
#11545=IFCFACE((#11544));
#11546=IFCCARTESIANPOINT((4283.6013244628912,0.00010741702335508308,2639.5990562438965));
#11547=IFCPOLYLOOP((#11498,#11542,#11546));
#11548=IFCFACEOUTERBOUND(#11547,.T.);
#11549=IFCFACE((#11548));
#11550=IFCCARTESIANPOINT((4238.3343200683594,0.00010801634266499605,2629.5342636108398));
#11551=IFCPOLYLOOP((#11498,#11546,#11550));
#11552=IFCFACEOUTERBOUND(#11551,.T.);
#11553=IFCFACE((#11552));
#11554=IFCCARTESIANPOINT((4208.1390701293949,0.00010863777845315781,2619.1133880615234));
#11555=IFCPOLYLOOP((#11498,#11550,#11554));
#11556=IFCFACEOUTERBOUND(#11555,.T.);
#11557=IFCFACE((#11556));
#11558=IFCCARTESIANPOINT((4122.7390502929693,0.00010868201140965539,2618.3762237548831));
#11559=IFCPOLYLOOP((#11558,#11498,#11554));
#11560=IFCFACEOUTERBOUND(#11559,.T.);
#11561=IFCFACE((#11560));
#11562=IFCCARTESIANPOINT((4150.3161460876463,0.00010930344719781715,2607.9553482055667));
#11563=IFCPOLYLOOP((#11562,#11558,#11554));
#11564=IFCFACEOUTERBOUND(#11563,.T.);
#11565=IFCFACE((#11564));
#11566=IFCCARTESIANPOINT((4187.2467407226568,0.0001091481467256017,2610.5479225158692));
#11567=IFCPOLYLOOP((#11562,#11554,#11566));
#11568=IFCFACEOUTERBOUND(#11567,.T.);
#11569=IFCFACE((#11568));
#11570=IFCCARTESIANPOINT((4169.9126243591309,0.00010941451471353504,2606.0746490478518));
#11571=IFCPOLYLOOP((#11570,#11562,#11566));
#11572=IFCFACEOUTERBOUND(#11571,.T.);
#11573=IFCFACE((#11572));
#11574=IFCCARTESIANPOINT((-0.007789731831871905,366.80853338241576,670.55318355560303));
#11575=IFCCARTESIANPOINT((-0.007789731831871905,494.52995252609253,798.27460269927985));
#11576=IFCCARTESIANPOINT((-0.007789731831871905,281.66009702682499,862.13654766082766));
#11577=IFCPOLYLOOP((#11574,#11575,#11576));
#11578=IFCFACEOUTERBOUND(#11577,.T.);
#11579=IFCFACE((#11578));
#11580=IFCCARTESIANPOINT((-0.007681532995775342,-144.08008632659912,0.012910660315537826));
#11581=IFCCARTESIANPOINT((-0.007681532995775342,132.65096018314361,0.012927155656507238));
#11582=IFCCARTESIANPOINT((-0.007789731831871905,-5.7146879732608795,713.12616634368896));
#11583=IFCPOLYLOOP((#11580,#11581,#11582));
#11584=IFCFACEOUTERBOUND(#11583,.T.);
#11585=IFCFACE((#11584));
#11586=IFCCARTESIANPOINT((-0.007681532995775342,164.58092436790466,447.03884696960449));
#11587=IFCPOLYLOOP((#11581,#11586,#11582));
#11588=IFCFACEOUTERBOUND(#11587,.T.);
#11589=IFCFACE((#11588));
#11590=IFCCARTESIANPOINT((-0.007789731831871905,207.15514254570007,766.34363021850584));
#11591=IFCPOLYLOOP((#11586,#11590,#11582));
#11592=IFCFACEOUTERBOUND(#11591,.T.);
#11593=IFCFACE((#11592));
#11594=IFCCARTESIANPOINT((-0.007789731831871905,36.858771711587906,1021.7889392852784));
#11595=IFCPOLYLOOP((#11582,#11590,#11594));
#11596=IFCFACEOUTERBOUND(#11595,.T.);
#11597=IFCFACE((#11596));
#11598=IFCPOLYLOOP((#11590,#11576,#11594));
#11599=IFCFACEOUTERBOUND(#11598,.T.);
#11600=IFCFACE((#11599));
#11601=IFCCARTESIANPOINT((-0.007681532995775342,2218.7751789093018,574.76026611328132));
#11602=IFCCARTESIANPOINT((-0.007681532995775342,2243.9707340240479,577.30698566436774));
#11603=IFCCARTESIANPOINT((-0.007681532995775342,2218.5260662078858,597.47515869140625));
#11604=IFCPOLYLOOP((#11601,#11602,#11603));
#11605=IFCFACEOUTERBOUND(#11604,.T.);
#11606=IFCFACE((#11605));
#11607=IFCCARTESIANPOINT((-0.007789731831871905,-963.62795448303223,468.32533836364746));
#11608=IFCCARTESIANPOINT((-0.007789731831871905,-846.55101642608645,478.96985578536987));
#11609=IFCCARTESIANPOINT((-0.007789731831871905,-995.55892696380624,734.41265773773193));
#11610=IFCPOLYLOOP((#11607,#11608,#11609));
#11611=IFCFACEOUTERBOUND(#11610,.T.);
#11612=IFCFACE((#11611));
#11613=IFCCARTESIANPOINT((-0.007789731831871905,-814.62004394531255,596.04926462173466));
#11614=IFCPOLYLOOP((#11608,#11613,#11609));
#11615=IFCFACEOUTERBOUND(#11614,.T.);
#11616=IFCFACE((#11615));
#11617=IFCCARTESIANPOINT((-0.0081143028364749625,-3496.7769676208495,3544.3060432434081));
#11618=IFCCARTESIANPOINT((-0.0081143028364749625,-3092.3211318969729,3523.007052612305));
#11619=IFCCARTESIANPOINT((-0.0081143028364749625,-3517.1103195190431,3599.4349456787108));
#11620=IFCPOLYLOOP((#11617,#11618,#11619));
#11621=IFCFACEOUTERBOUND(#11620,.T.);
#11622=IFCFACE((#11621));
#11623=IFCCARTESIANPOINT((-0.0081143028364749625,-3536.2236877441405,3657.0038154602053));
#11624=IFCPOLYLOOP((#11619,#11618,#11623));
#11625=IFCFACEOUTERBOUND(#11624,.T.);
#11626=IFCFACE((#11625));
#11627=IFCCARTESIANPOINT((-0.0081143028364749625,-3552.9223777770999,3719.401750946045));
#11628=IFCPOLYLOOP((#11623,#11618,#11627));
#11629=IFCFACEOUTERBOUND(#11628,.T.);
#11630=IFCFACE((#11629));
#11631=IFCCARTESIANPOINT((-0.007789731831871905,-101.50585906505584,819.56109409332282));
#11632=IFCCARTESIANPOINT((-0.007789731831871905,-101.50585906505584,904.7095304489136));
#11633=IFCCARTESIANPOINT((-0.007789731831871905,-293.08997712135317,691.839674949646));
#11634=IFCPOLYLOOP((#11631,#11632,#11633));
#11635=IFCFACEOUTERBOUND(#11634,.T.);
#11636=IFCFACE((#11635));
#11637=IFCCARTESIANPOINT((-0.0081143028364749625,-3565.986696624756,3789.0687194824222));
#11638=IFCPOLYLOOP((#11627,#11618,#11637));
#11639=IFCFACEOUTERBOUND(#11638,.T.);
#11640=IFCFACE((#11639));
#11641=IFCCARTESIANPOINT((-0.0080061040003784004,3080.909037780762,5045.034498596192));
#11642=IFCCARTESIANPOINT((-0.0081143028364749625,2963.814440917969,5108.8811828613279));
#11643=IFCCARTESIANPOINT((-0.0080061040003784004,3112.83237991333,4736.3742691040043));
#11644=IFCPOLYLOOP((#11641,#11642,#11643));
#11645=IFCFACEOUTERBOUND(#11644,.T.);
#11646=IFCFACE((#11645));
#11647=IFCCARTESIANPOINT((-0.0080061040003784004,2985.113722229004,4555.4326972961426));
#11648=IFCPOLYLOOP((#11643,#11642,#11647));
#11649=IFCFACEOUTERBOUND(#11648,.T.);
#11650=IFCFACE((#11649));
#11651=IFCCARTESIANPOINT((-0.0081143028364749625,2953.6731994628908,5112.5920028686523));
#11652=IFCPOLYLOOP((#11642,#11651,#11647));
#11653=IFCFACEOUTERBOUND(#11652,.T.);
#11654=IFCFACE((#11653));
#11655=IFCCARTESIANPOINT((-0.0081143028364749625,2926.9602951049806,5122.7838226318363));
#11656=IFCPOLYLOOP((#11651,#11655,#11647));
#11657=IFCFACEOUTERBOUND(#11656,.T.);
#11658=IFCFACE((#11657));
#11659=IFCCARTESIANPOINT((-0.0081143028364749625,2889.2419578552249,5138.2119506835943));
#11660=IFCPOLYLOOP((#11655,#11659,#11647));
#11661=IFCFACEOUTERBOUND(#11660,.T.);
#11662=IFCFACE((#11661));
#11663=IFCCARTESIANPOINT((-0.0081143028364749625,2846.1605758666992,5157.5543746948242));
#11664=IFCPOLYLOOP((#11659,#11663,#11647));
#11665=IFCFACEOUTERBOUND(#11664,.T.);
#11666=IFCFACE((#11665));
#11667=IFCCARTESIANPOINT((-0.0081143028364749625,-3574.1960792541504,3868.4196899414064));
#11668=IFCPOLYLOOP((#11637,#11618,#11667));
#11669=IFCFACEOUTERBOUND(#11668,.T.);
#11670=IFCFACE((#11669));
#11671=IFCCARTESIANPOINT((-0.007789731831871905,1013.5463464736939,824.77400264739993));
#11672=IFCCARTESIANPOINT((-0.007789731831871905,995.08366527557382,853.01195926666264));
#11673=IFCCARTESIANPOINT((-0.007789731831871905,994.77350978851325,776.98811130523688));
#11674=IFCPOLYLOOP((#11671,#11672,#11673));
#11675=IFCFACEOUTERBOUND(#11674,.T.);
#11676=IFCFACE((#11675));
#11677=IFCCARTESIANPOINT((-0.007789731831871905,950.36808071136477,866.91488971710203));
#11678=IFCPOLYLOOP((#11672,#11677,#11673));
#11679=IFCFACEOUTERBOUND(#11678,.T.);
#11680=IFCFACE((#11679));
#11681=IFCCARTESIANPOINT((-0.007789731831871905,955.4259841918946,721.87708568572998));
#11682=IFCPOLYLOOP((#11673,#11677,#11681));
#11683=IFCFACEOUTERBOUND(#11682,.T.);
#11684=IFCFACE((#11683));
#11685=IFCCARTESIANPOINT((-0.007789731831871905,890.38722152709965,871.69323177337651));
#11686=IFCPOLYLOOP((#11677,#11685,#11681));
#11687=IFCFACEOUTERBOUND(#11686,.T.);
#11688=IFCFACE((#11687));
#11689=IFCCARTESIANPOINT((-0.007789731831871905,826.12108612060547,872.56251010894778));
#11690=IFCPOLYLOOP((#11685,#11689,#11681));
#11691=IFCFACEOUTERBOUND(#11690,.T.);
#11692=IFCFACE((#11691));
#11693=IFCCARTESIANPOINT((-0.007681532995775342,918.5006217956543,676.26177406311035));
#11694=IFCPOLYLOOP((#11681,#11689,#11693));
#11695=IFCFACEOUTERBOUND(#11694,.T.);
#11696=IFCFACE((#11695));
#11697=IFCCARTESIANPOINT((-0.007681532995775342,882.50296440124509,641.81961765289304));
#11698=IFCPOLYLOOP((#11693,#11689,#11697));
#11699=IFCFACEOUTERBOUND(#11698,.T.);
#11700=IFCFACE((#11699));
#11701=IFCCARTESIANPOINT((-0.007789731831871905,768.5599193572998,874.73308982849119));
#11702=IFCPOLYLOOP((#11689,#11701,#11697));
#11703=IFCFACEOUTERBOUND(#11702,.T.);
#11704=IFCFACE((#11703));
#11705=IFCCARTESIANPOINT((-0.007681532995775342,845.95119838714606,620.22057266235356));
#11706=IFCPOLYLOOP((#11697,#11701,#11705));
#11707=IFCFACEOUTERBOUND(#11706,.T.);
#11708=IFCFACE((#11707));
#11709=IFCCARTESIANPOINT((-0.007681532995775342,807.34832210540776,613.1470945358277));
#11710=IFCPOLYLOOP((#11705,#11701,#11709));
#11711=IFCFACEOUTERBOUND(#11710,.T.);
#11712=IFCFACE((#11711));
#11713=IFCCARTESIANPOINT((-0.007681532995775342,765.2075077056885,622.26913948059087));
#11714=IFCPOLYLOOP((#11709,#11701,#11713));
#11715=IFCFACEOUTERBOUND(#11714,.T.);
#11716=IFCFACE((#11715));
#11717=IFCCARTESIANPOINT((-0.007789731831871905,718.04170932769773,649.26669216156006));
#11718=IFCPOLYLOOP((#11713,#11701,#11717));
#11719=IFCFACEOUTERBOUND(#11718,.T.);
#11720=IFCFACE((#11719));
#11721=IFCCARTESIANPOINT((-0.007789731831871905,671.59018421173096,682.6541164398194));
#11722=IFCPOLYLOOP((#11717,#11701,#11721));
#11723=IFCFACEOUTERBOUND(#11722,.T.);
#11724=IFCFACE((#11723));
#11725=IFCCARTESIANPOINT((-0.007789731831871905,728.68626308441162,883.42303905487063));
#11726=IFCPOLYLOOP((#11701,#11725,#11721));
#11727=IFCFACEOUTERBOUND(#11726,.T.);
#11728=IFCFACE((#11727));
#11729=IFCCARTESIANPOINT((-0.007789731831871905,631.83854084014899,710.45743389129643));
#11730=IFCPOLYLOOP((#11721,#11725,#11729));
#11731=IFCFACEOUTERBOUND(#11730,.T.);
#11732=IFCFACE((#11731));
#11733=IFCCARTESIANPOINT((-0.007789731831871905,597.67594585418703,733.6068929672241));
#11734=IFCPOLYLOOP((#11729,#11725,#11733));
#11735=IFCFACEOUTERBOUND(#11734,.T.);
#11736=IFCFACE((#11735));
#11737=IFCCARTESIANPOINT((-0.007789731831871905,703.80079078674316,899.06191005706785));
#11738=IFCPOLYLOOP((#11725,#11737,#11733));
#11739=IFCFACEOUTERBOUND(#11738,.T.);
#11740=IFCFACE((#11739));
#11741=IFCCARTESIANPOINT((-0.007789731831871905,567.97906665802009,753.03288745880127));
#11742=IFCPOLYLOOP((#11733,#11737,#11741));
#11743=IFCFACEOUTERBOUND(#11742,.T.);
#11744=IFCFACE((#11743));
#11745=IFCCARTESIANPOINT((-0.007789731831871905,683.38103427886961,918.6124608993531));
#11746=IFCPOLYLOOP((#11737,#11745,#11741));
#11747=IFCFACEOUTERBOUND(#11746,.T.);
#11748=IFCFACE((#11747));
#11749=IFCCARTESIANPOINT((-0.007789731831871905,541.63212833404543,769.66559314727783));
#11750=IFCPOLYLOOP((#11741,#11745,#11749));
#11751=IFCFACEOUTERBOUND(#11750,.T.);
#11752=IFCFACE((#11751));
#11753=IFCCARTESIANPOINT((-0.007789731831871905,666.68735847473147,942.06953201293948));
#11754=IFCPOLYLOOP((#11745,#11753,#11749));
#11755=IFCFACEOUTERBOUND(#11754,.T.);
#11756=IFCFACE((#11755));
#11757=IFCCARTESIANPOINT((-0.007789731831871905,517.52186307907107,784.43518581390379));
#11758=IFCPOLYLOOP((#11749,#11753,#11757));
#11759=IFCFACEOUTERBOUND(#11758,.T.);
#11760=IFCFACE((#11759));
#11761=IFCPOLYLOOP((#11757,#11753,#11575));
#11762=IFCFACEOUTERBOUND(#11761,.T.);
#11763=IFCFACE((#11762));
#11764=IFCCARTESIANPOINT((-0.007789731831871905,652.97249794006348,969.43821029663093));
#11765=IFCPOLYLOOP((#11753,#11764,#11575));
#11766=IFCFACEOUTERBOUND(#11765,.T.);
#11767=IFCFACE((#11766));
#11768=IFCPOLYLOOP((#11575,#11764,#11576));
#11769=IFCFACEOUTERBOUND(#11768,.T.);
#11770=IFCFACE((#11769));
#11771=IFCCARTESIANPOINT((-0.007789731831871905,641.48918724060059,1000.7184957504273));
#11772=IFCPOLYLOOP((#11764,#11771,#11576));
#11773=IFCFACEOUTERBOUND(#11772,.T.);
#11774=IFCFACE((#11773));
#11775=IFCCARTESIANPOINT((-0.007789731831871905,631.497936630249,1035.9079175949098));
#11776=IFCPOLYLOOP((#11771,#11775,#11576));
#11777=IFCFACEOUTERBOUND(#11776,.T.);
#11778=IFCFACE((#11777));
#11779=IFCCARTESIANPOINT((-0.007789731831871905,622.25133533477788,1075.0064031600953));
#11780=IFCPOLYLOOP((#11775,#11779,#11576));
#11781=IFCFACEOUTERBOUND(#11780,.T.);
#11782=IFCFACE((#11781));
#11783=IFCCARTESIANPOINT((-0.007789731831871905,617.16291046142578,1113.8862974166871));
#11784=IFCPOLYLOOP((#11779,#11783,#11576));
#11785=IFCFACEOUTERBOUND(#11784,.T.);
#11786=IFCFACE((#11785));
#11787=IFCPOLYLOOP((#11576,#11783,#11594));
#11788=IFCFACEOUTERBOUND(#11787,.T.);
#11789=IFCFACE((#11788));
#11790=IFCCARTESIANPOINT((-0.007789731831871905,619.33349018096931,1148.8571279525756));
#11791=IFCPOLYLOOP((#11783,#11790,#11594));
#11792=IFCFACEOUTERBOUND(#11791,.T.);
#11793=IFCFACE((#11792));
#11794=IFCCARTESIANPOINT((-0.007789731831871905,627.55835151672363,1180.5720525741579));
#11795=IFCPOLYLOOP((#11790,#11794,#11594));
#11796=IFCFACEOUTERBOUND(#11795,.T.);
#11797=IFCFACE((#11796));
#11798=IFCCARTESIANPOINT((-0.0081143028364749625,-3576.3819923400879,3959.8434700012208));
#11799=IFCPOLYLOOP((#11667,#11618,#11798));
#11800=IFCFACEOUTERBOUND(#11799,.T.);
#11801=IFCFACE((#11800));
#11802=IFCCARTESIANPOINT((-0.007789731831871905,640.61998157501228,1209.6792875289918));
#11803=IFCPOLYLOOP((#11794,#11802,#11594));
#11804=IFCFACEOUTERBOUND(#11803,.T.);
#11805=IFCFACE((#11804));
#11806=IFCCARTESIANPOINT((-0.0082225016725715246,-3571.2732925415039,4065.8311866760255));
#11807=IFCPOLYLOOP((#11798,#11618,#11806));
#11808=IFCFACEOUTERBOUND(#11807,.T.);
#11809=IFCFACE((#11808));
#11810=IFCCARTESIANPOINT((-0.0081143028364749625,2803.2318008422853,5179.488500976563));
#11811=IFCPOLYLOOP((#11663,#11810,#11647));
#11812=IFCFACEOUTERBOUND(#11811,.T.);
#11813=IFCFACE((#11812));
#11814=IFCCARTESIANPOINT((-0.007789731831871905,-388.88040561676024,691.839674949646));
#11815=IFCPOLYLOOP((#11633,#11632,#11814));
#11816=IFCFACEOUTERBOUND(#11815,.T.);
#11817=IFCFACE((#11816));
#11818=IFCCARTESIANPOINT((-0.0080061040003784004,2962.7723533630374,4519.0616615295412));
#11819=IFCPOLYLOOP((#11647,#11810,#11818));
#11820=IFCFACEOUTERBOUND(#11819,.T.);
#11821=IFCFACE((#11820));
#11822=IFCCARTESIANPOINT((-0.007681532995775342,2269.8194469451905,581.43213357925413));
#11823=IFCPOLYLOOP((#11602,#11822,#11603));
#11824=IFCFACEOUTERBOUND(#11823,.T.);
#11825=IFCFACE((#11824));
#11826=IFCCARTESIANPOINT((-0.007681532995775342,2216.7875095367431,619.63085575103764));
#11827=IFCPOLYLOOP((#11603,#11822,#11826));
#11828=IFCFACEOUTERBOUND(#11827,.T.);
#11829=IFCFACE((#11828));
#11830=IFCCARTESIANPOINT((-0.007681532995775342,2296.9721500396731,588.72416667938239));
#11831=IFCPOLYLOOP((#11822,#11830,#11826));
#11832=IFCFACEOUTERBOUND(#11831,.T.);
#11833=IFCFACE((#11832));
#11834=IFCCARTESIANPOINT((-0.007681532995775342,2212.0702102661135,640.67077789306643));
#11835=IFCPOLYLOOP((#11826,#11830,#11834));
#11836=IFCFACEOUTERBOUND(#11835,.T.);
#11837=IFCFACE((#11836));
#11838=IFCCARTESIANPOINT((-0.007681532995775342,2326.0767688751221,600.76405677795412));
#11839=IFCPOLYLOOP((#11830,#11838,#11834));
#11840=IFCFACEOUTERBOUND(#11839,.T.);
#11841=IFCFACE((#11840));
#11842=IFCCARTESIANPOINT((-0.007681532995775342,2357.7916934967043,619.13524646759038));
#11843=IFCPOLYLOOP((#11838,#11842,#11834));
#11844=IFCFACEOUTERBOUND(#11843,.T.);
#11845=IFCFACE((#11844));
#11846=IFCCARTESIANPOINT((-0.007681532995775342,2202.8871952056884,660.03325881958006));
#11847=IFCPOLYLOOP((#11834,#11842,#11846));
#11848=IFCFACEOUTERBOUND(#11847,.T.);
#11849=IFCFACE((#11848));
#11850=IFCCARTESIANPOINT((-0.007681532995775342,2392.7625240325929,645.41867122650149));
#11851=IFCPOLYLOOP((#11842,#11850,#11846));
#11852=IFCFACEOUTERBOUND(#11851,.T.);
#11853=IFCFACE((#11852));
#11854=IFCCARTESIANPOINT((-0.007681532995775342,2431.6448890686038,681.19519386291506));
#11855=IFCPOLYLOOP((#11850,#11854,#11846));
#11856=IFCFACEOUTERBOUND(#11855,.T.);
#11857=IFCFACE((#11856));
#11858=IFCCARTESIANPOINT((-0.007681532995775342,2187.7439334869387,677.16157379150388));
#11859=IFCPOLYLOOP((#11846,#11854,#11858));
#11860=IFCFACEOUTERBOUND(#11859,.T.);
#11861=IFCFACE((#11860));
#11862=IFCCARTESIANPOINT((-0.007789731831871905,-676.25668716430664,617.33571968078616));
#11863=IFCPOLYLOOP((#11613,#11862,#11609));
#11864=IFCFACEOUTERBOUND(#11863,.T.);
#11865=IFCFACE((#11864));
#11866=IFCCARTESIANPOINT((-0.007789731831871905,4267.4363227844242,2102.986897659302));
#11867=IFCCARTESIANPOINT((-0.007789731831871905,4242.8584625244139,2100.5671325683593));
#11868=IFCCARTESIANPOINT((-0.007789731831871905,4285.0500732421879,2088.6492553710937));
#11869=IFCPOLYLOOP((#11866,#11867,#11868));
#11870=IFCFACEOUTERBOUND(#11869,.T.);
#11871=IFCFACE((#11870));
#11872=IFCCARTESIANPOINT((-0.007789731831871905,4294.2509651184082,2054.2071716308596));
#11873=IFCPOLYLOOP((#11868,#11867,#11872));
#11874=IFCFACEOUTERBOUND(#11873,.T.);
#11875=IFCFACE((#11874));
#11876=IFCCARTESIANPOINT((-0.007789731831871905,4212.7140815734865,2084.7401916503909));
#11877=IFCPOLYLOOP((#11867,#11876,#11872));
#11878=IFCFACEOUTERBOUND(#11877,.T.);
#11879=IFCFACE((#11878));
#11880=IFCCARTESIANPOINT((-0.007789731831871905,4299.2835067749029,2013.2455730438232));
#11881=IFCPOLYLOOP((#11872,#11876,#11880));
#11882=IFCFACEOUTERBOUND(#11881,.T.);
#11883=IFCFACE((#11882));
#11884=IFCCARTESIANPOINT((-0.007789731831871905,4178.3507720947264,2058.8609573364261));
#11885=IFCPOLYLOOP((#11876,#11884,#11880));
#11886=IFCFACEOUTERBOUND(#11885,.T.);
#11887=IFCFACE((#11886));
#11888=IFCCARTESIANPOINT((-0.007789731831871905,4141.2169921875002,2026.2792251586916));
#11889=IFCPOLYLOOP((#11884,#11888,#11880));
#11890=IFCFACEOUTERBOUND(#11889,.T.);
#11891=IFCFACE((#11890));
#11892=IFCCARTESIANPOINT((-0.007789731831871905,4304.4939445495611,1979.3601413726808));
#11893=IFCPOLYLOOP((#11880,#11888,#11892));
#11894=IFCFACEOUTERBOUND(#11893,.T.);
#11895=IFCFACE((#11894));
#11896=IFCCARTESIANPOINT((-0.007789731831871905,4308.7893218994141,1949.1980289459229));
#11897=IFCPOLYLOOP((#11892,#11888,#11896));
#11898=IFCFACEOUTERBOUND(#11897,.T.);
#11899=IFCFACE((#11898));
#11900=IFCCARTESIANPOINT((-0.007789731831871905,4102.6600433349613,1990.3452266693116));
#11901=IFCPOLYLOOP((#11888,#11900,#11896));
#11902=IFCFACEOUTERBOUND(#11901,.T.);
#11903=IFCFACE((#11902));
#11904=IFCCARTESIANPOINT((-0.007789731831871905,4311.0005241394047,1919.4097309112549));
#11905=IFCPOLYLOOP((#11896,#11900,#11904));
#11906=IFCFACEOUTERBOUND(#11905,.T.);
#11907=IFCFACE((#11906));
#11908=IFCCARTESIANPOINT((-0.007789731831871905,4310.0854637145994,1886.6425449371338));
#11909=IFCPOLYLOOP((#11904,#11900,#11908));
#11910=IFCFACEOUTERBOUND(#11909,.T.);
#11911=IFCFACE((#11910));
#11912=IFCCARTESIANPOINT((-0.007789731831871905,4304.8750259399412,1847.5440593719484));
#11913=IFCPOLYLOOP((#11908,#11900,#11912));
#11914=IFCFACEOUTERBOUND(#11913,.T.);
#11915=IFCFACE((#11914));
#11916=IFCCARTESIANPOINT((-0.007681532995775342,4294.2509651184082,1798.7618625640869));
#11917=IFCPOLYLOOP((#11912,#11900,#11916));
#11918=IFCFACEOUTERBOUND(#11917,.T.);
#11919=IFCFACE((#11918));
#11920=IFCCARTESIANPOINT((-0.007789731831871905,3985.590735626221,1926.4831363677979));
#11921=IFCPOLYLOOP((#11900,#11920,#11916));
#11922=IFCFACEOUTERBOUND(#11921,.T.);
#11923=IFCFACE((#11922));
#11924=IFCCARTESIANPOINT((-0.007681532995775342,4287.8205436706548,1745.8544815063476));
#11925=IFCPOLYLOOP((#11916,#11920,#11924));
#11926=IFCFACEOUTERBOUND(#11925,.T.);
#11927=IFCFACE((#11926));
#11928=IFCCARTESIANPOINT((-0.007681532995775342,4291.0991226196293,1696.1139129638673));
#11929=IFCPOLYLOOP((#11924,#11920,#11928));
#11930=IFCFACEOUTERBOUND(#11929,.T.);
#11931=IFCFACE((#11930));
#11932=IFCCARTESIANPOINT((-0.007681532995775342,4296.7670906066896,1648.7932548522949));
#11933=IFCPOLYLOOP((#11928,#11920,#11932));
#11934=IFCFACEOUTERBOUND(#11933,.T.);
#11935=IFCFACE((#11934));
#11936=IFCCARTESIANPOINT((-0.007681532995775342,4297.6059928894047,1603.1448783874512));
#11937=IFCPOLYLOOP((#11932,#11920,#11936));
#11938=IFCFACEOUTERBOUND(#11937,.T.);
#11939=IFCFACE((#11938));
#11940=IFCCARTESIANPOINT((-0.007681532995775342,4286.3462150573732,1558.4317646026611));
#11941=IFCPOLYLOOP((#11936,#11920,#11940));
#11942=IFCFACEOUTERBOUND(#11941,.T.);
#11943=IFCFACE((#11942));
#11944=IFCCARTESIANPOINT((-0.007681532995775342,4255.7193054199224,1513.9017791748047));
#11945=IFCPOLYLOOP((#11940,#11920,#11944));
#11946=IFCFACEOUTERBOUND(#11945,.T.);
#11947=IFCFACE((#11946));
#11948=IFCCARTESIANPOINT((-0.007681532995775342,4198.4553588867193,1468.8151416778564));
#11949=IFCPOLYLOOP((#11944,#11920,#11948));
#11950=IFCFACEOUTERBOUND(#11949,.T.);
#11951=IFCFACE((#11950));
#11952=IFCCARTESIANPOINT((-0.007681532995775342,4135.1932319641119,1437.1637306213379));
#11953=IFCPOLYLOOP((#11948,#11920,#11952));
#11954=IFCFACEOUTERBOUND(#11953,.T.);
#11955=IFCFACE((#11954));
#11956=IFCCARTESIANPOINT((-0.007681532995775342,4088.502767944336,1426.7377681732178));
#11957=IFCPOLYLOOP((#11952,#11920,#11956));
#11958=IFCFACEOUTERBOUND(#11957,.T.);
#11959=IFCFACE((#11958));
#11960=IFCCARTESIANPOINT((-0.007681532995775342,4054.0885894775392,1427.4824901580812));
#11961=IFCPOLYLOOP((#11956,#11920,#11960));
#11962=IFCFACEOUTERBOUND(#11961,.T.);
#11963=IFCFACE((#11962));
#11964=IFCCARTESIANPOINT((-0.007681532995775342,4027.6806083679203,1429.3429870605469));
#11965=IFCPOLYLOOP((#11960,#11920,#11964));
#11966=IFCFACEOUTERBOUND(#11965,.T.);
#11967=IFCFACE((#11966));
#11968=IFCCARTESIANPOINT((-0.007681532995775342,4004.9837379455566,1422.2695816040039));
#11969=IFCPOLYLOOP((#11964,#11920,#11968));
#11970=IFCFACEOUTERBOUND(#11969,.T.);
#11971=IFCFACE((#11970));
#11972=IFCCARTESIANPOINT((-0.007789731831871905,3772.7258216857913,2000.9896350860597));
#11973=IFCPOLYLOOP((#11920,#11972,#11968));
#11974=IFCFACEOUTERBOUND(#11973,.T.);
#11975=IFCFACE((#11974));
#11976=IFCCARTESIANPOINT((-0.007681532995775342,3981.7528884887697,1396.2021320343017));
#11977=IFCPOLYLOOP((#11968,#11972,#11976));
#11978=IFCFACEOUTERBOUND(#11977,.T.);
#11979=IFCFACE((#11978));
#11980=IFCCARTESIANPOINT((-0.007681532995775342,3953.6673934936525,1341.0937225341797));
#11981=IFCPOLYLOOP((#11976,#11972,#11980));
#11982=IFCFACEOUTERBOUND(#11981,.T.);
#11983=IFCFACE((#11982));
#11984=IFCCARTESIANPOINT((-0.0081143028364749625,2766.0980209350587,5202.7196411132818));
#11985=IFCPOLYLOOP((#11810,#11984,#11818));
#11986=IFCFACEOUTERBOUND(#11985,.T.);
#11987=IFCFACE((#11986));
#11988=IFCCARTESIANPOINT((-0.0080061040003784004,2943.2270347595218,4483.427208709717));
#11989=IFCPOLYLOOP((#11818,#11984,#11988));
#11990=IFCFACEOUTERBOUND(#11989,.T.);
#11991=IFCFACE((#11990));
#11992=IFCCARTESIANPOINT((-0.007789731831871905,3581.1348999023439,2639.5990562438965));
#11993=IFCCARTESIANPOINT((-0.0078979306679684679,3538.561917114258,2905.6865936279296));
#11994=IFCCARTESIANPOINT((-0.007789731831871905,3571.8578498840334,2626.0266288757325));
#11995=IFCPOLYLOOP((#11992,#11993,#11994));
#11996=IFCFACEOUTERBOUND(#11995,.T.);
#11997=IFCFACE((#11996));
#11998=IFCCARTESIANPOINT((-0.007789731831871905,3561.6657394409181,2613.216654968262));
#11999=IFCPOLYLOOP((#11994,#11993,#11998));
#12000=IFCFACEOUTERBOUND(#11999,.T.);
#12001=IFCFACE((#12000));
#12002=IFCCARTESIANPOINT((-0.007789731831871905,3549.5929298400879,2601.9062988281253));
#12003=IFCPOLYLOOP((#11998,#11993,#12002));
#12004=IFCFACEOUTERBOUND(#12003,.T.);
#12005=IFCFACE((#12004));
#12006=IFCCARTESIANPOINT((-0.007789731831871905,3534.7240699768067,2592.8071449279787));
#12007=IFCPOLYLOOP((#12002,#11993,#12006));
#12008=IFCFACEOUTERBOUND(#12007,.T.);
#12009=IFCFACE((#12008));
#12010=IFCCARTESIANPOINT((-0.007789731831871905,3516.1443901062012,2586.6816467285157));
#12011=IFCPOLYLOOP((#12006,#11993,#12010));
#12012=IFCFACEOUTERBOUND(#12011,.T.);
#12013=IFCFACE((#12012));
#12014=IFCCARTESIANPOINT((-0.007789731831871905,3492.8882514953616,2584.2925483703616));
#12015=IFCPOLYLOOP((#12010,#11993,#12014));
#12016=IFCFACEOUTERBOUND(#12015,.T.);
#12017=IFCFACE((#12016));
#12018=IFCCARTESIANPOINT((-0.007789731831871905,3464.0655921936036,2586.3767234802249));
#12019=IFCPOLYLOOP((#12014,#11993,#12018));
#12020=IFCFACEOUTERBOUND(#12019,.T.);
#12021=IFCFACE((#12020));
#12022=IFCCARTESIANPOINT((-0.007789731831871905,3437.3782676696778,2592.6801177978518));
#12023=IFCPOLYLOOP((#12018,#11993,#12022));
#12024=IFCFACEOUTERBOUND(#12023,.T.);
#12025=IFCFACE((#12024));
#12026=IFCCARTESIANPOINT((-0.007789731831871905,3418.696849822998,2601.5757957458495));
#12027=IFCPOLYLOOP((#12022,#11993,#12026));
#12028=IFCFACEOUTERBOUND(#12027,.T.);
#12029=IFCFACE((#12028));
#12030=IFCCARTESIANPOINT((-0.007789731831871905,3404.285520172119,2611.7931953430175));
#12031=IFCPOLYLOOP((#12026,#11993,#12030));
#12032=IFCFACEOUTERBOUND(#12031,.T.);
#12033=IFCFACE((#12032));
#12034=IFCCARTESIANPOINT((-0.007789731831871905,3390.4590385437014,2622.0108856201173));
#12035=IFCPOLYLOOP((#12030,#11993,#12034));
#12036=IFCFACEOUTERBOUND(#12035,.T.);
#12037=IFCFACE((#12036));
#12038=IFCCARTESIANPOINT((-0.007789731831871905,3373.4551345825198,2630.9065635681154));
#12039=IFCPOLYLOOP((#12034,#11993,#12038));
#12040=IFCFACEOUTERBOUND(#12039,.T.);
#12041=IFCFACE((#12040));
#12042=IFCCARTESIANPOINT((-0.007789731831871905,3349.5635696411132,2637.2099578857424));
#12043=IFCPOLYLOOP((#12038,#11993,#12042));
#12044=IFCFACEOUTERBOUND(#12043,.T.);
#12045=IFCFACE((#12044));
#12046=IFCCARTESIANPOINT((-0.007789731831871905,3315.0476531982422,2639.5990562438965));
#12047=IFCPOLYLOOP((#12042,#11993,#12046));
#12048=IFCFACEOUTERBOUND(#12047,.T.);
#12049=IFCFACE((#12048));
#12050=IFCCARTESIANPOINT((-0.007789731831871905,3277.1005508422854,2637.7436462402343));
#12051=IFCPOLYLOOP((#12046,#11993,#12050));
#12052=IFCFACEOUTERBOUND(#12051,.T.);
#12053=IFCFACE((#12052));
#12054=IFCCARTESIANPOINT((-0.0082225016725715246,-3568.3757949829101,4160.5338363647461));
#12055=IFCPOLYLOOP((#11806,#11618,#12054));
#12056=IFCFACEOUTERBOUND(#12055,.T.);
#12057=IFCFACE((#12056));
#12058=IFCCARTESIANPOINT((-0.0081143028364749625,-3043.7243888854982,3516.7798164367678));
#12059=IFCPOLYLOOP((#11618,#12058,#12054));
#12060=IFCFACEOUTERBOUND(#12059,.T.);
#12061=IFCFACE((#12060));
#12062=IFCCARTESIANPOINT((-0.007789731831871905,657.31620082855227,1236.8293018341064));
#12063=IFCPOLYLOOP((#11802,#12062,#11594));
#12064=IFCFACEOUTERBOUND(#12063,.T.);
#12065=IFCFACE((#12064));
#12066=IFCCARTESIANPOINT((-0.0081143028364749625,2559.358605194092,5545.2603607177734));
#12067=IFCCARTESIANPOINT((-0.0081143028364749625,2218.7751789093018,5555.9097106933596));
#12068=IFCCARTESIANPOINT((-0.0081143028364749625,2579.7936950683593,5526.9347351074221));
#12069=IFCPOLYLOOP((#12066,#12067,#12068));
#12070=IFCFACEOUTERBOUND(#12069,.T.);
#12071=IFCFACE((#12070));
#12072=IFCCARTESIANPOINT((-0.0081143028364749625,2599.5424896240233,5508.024842834473));
#12073=IFCPOLYLOOP((#12068,#12067,#12072));
#12074=IFCFACEOUTERBOUND(#12073,.T.);
#12075=IFCFACE((#12074));
#12076=IFCCARTESIANPOINT((-0.0081143028364749625,2618.0204315185547,5488.0219940185552));
#12077=IFCPOLYLOOP((#12072,#12067,#12076));
#12078=IFCFACEOUTERBOUND(#12077,.T.);
#12079=IFCFACE((#12078));
#12080=IFCCARTESIANPOINT((-0.0081143028364749625,2634.515936279297,5466.3157608032225));
#12081=IFCPOLYLOOP((#12076,#12067,#12080));
#12082=IFCFACEOUTERBOUND(#12081,.T.);
#12083=IFCFACE((#12082));
#12084=IFCCARTESIANPOINT((-0.0081143028364749625,2648.4188667297362,5442.3991973876955));
#12085=IFCPOLYLOOP((#12080,#12067,#12084));
#12086=IFCFACEOUTERBOUND(#12085,.T.);
#12087=IFCFACE((#12086));
#12088=IFCCARTESIANPOINT((-0.0081143028364749625,2659.0685073852542,5415.6857116699221));
#12089=IFCPOLYLOOP((#12084,#12067,#12088));
#12090=IFCFACEOUTERBOUND(#12089,.T.);
#12091=IFCFACE((#12090));
#12092=IFCCARTESIANPOINT((-0.0081143028364749625,2665.8038520812988,5385.6177795410158));
#12093=IFCPOLYLOOP((#12088,#12067,#12092));
#12094=IFCFACEOUTERBOUND(#12093,.T.);
#12095=IFCFACE((#12094));
#12096=IFCCARTESIANPOINT((-0.0081143028364749625,2671.0395790100097,5356.1091156005859));
#12097=IFCPOLYLOOP((#12092,#12067,#12096));
#12098=IFCFACEOUTERBOUND(#12097,.T.);
#12099=IFCFACE((#12098));
#12100=IFCCARTESIANPOINT((-0.0081143028364749625,2677.7749237060548,5330.6926437377933));
#12101=IFCPOLYLOOP((#12096,#12067,#12100));
#12102=IFCFACEOUTERBOUND(#12101,.T.);
#12103=IFCFACE((#12102));
#12104=IFCCARTESIANPOINT((-0.0081143028364749625,2686.1880729675295,5308.2498275756834));
#12105=IFCPOLYLOOP((#12100,#12067,#12104));
#12106=IFCFACEOUTERBOUND(#12105,.T.);
#12107=IFCFACE((#12106));
#12108=IFCCARTESIANPOINT((-0.0082225016725715246,-1953.4732040405274,5534.6360092163086));
#12109=IFCCARTESIANPOINT((-0.0082225016725715246,-2012.8033035278322,5584.2492599487305));
#12110=IFCCARTESIANPOINT((-0.0082225016725715246,-1946.430174636841,5498.6207656860352));
#12111=IFCPOLYLOOP((#12108,#12109,#12110));
#12112=IFCFACEOUTERBOUND(#12111,.T.);
#12113=IFCFACE((#12112));
#12114=IFCCARTESIANPOINT((-0.007789731831871905,3123.4820205688479,2128.7110542297364));
#12115=IFCCARTESIANPOINT((-0.007789731831871905,3121.1437911987305,2183.2934783935548));
#12116=IFCCARTESIANPOINT((-0.007789731831871905,3096.5912200927737,2092.4974216461183));
#12117=IFCPOLYLOOP((#12114,#12115,#12116));
#12118=IFCFACEOUTERBOUND(#12117,.T.);
#12119=IFCFACE((#12118));
#12120=IFCCARTESIANPOINT((-0.007681532995775342,3926.4205101013185,1274.9365688323976));
#12121=IFCPOLYLOOP((#11980,#11972,#12120));
#12122=IFCFACEOUTERBOUND(#12121,.T.);
#12123=IFCFACE((#12122));
#12124=IFCCARTESIANPOINT((-0.007789731831871905,-1071.0871656417846,554.80814094543462));
#12125=IFCCARTESIANPOINT((-0.007789731831871905,-1070.9931306838989,570.16999397277834));
#12126=IFCCARTESIANPOINT((-0.007789731831871905,-1080.1177190780641,542.80131568908689));
#12127=IFCPOLYLOOP((#12124,#12125,#12126));
#12128=IFCFACEOUTERBOUND(#12127,.T.);
#12129=IFCFACE((#12128));
#12130=IFCCARTESIANPOINT((-0.007789731831871905,-1100.3188842773438,534.98060846328735));
#12131=IFCPOLYLOOP((#12126,#12125,#12130));
#12132=IFCFACEOUTERBOUND(#12131,.T.);
#12133=IFCFACE((#12132));
#12134=IFCCARTESIANPOINT((-0.007789731831871905,-1077.6039916992188,588.042994594574));
#12135=IFCPOLYLOOP((#12125,#12134,#12130));
#12136=IFCFACEOUTERBOUND(#12135,.T.);
#12137=IFCFACE((#12136));
#12138=IFCCARTESIANPOINT((-0.007789731831871905,-1133.924827194214,532.18728332519538));
#12139=IFCPOLYLOOP((#12130,#12134,#12138));
#12140=IFCFACEOUTERBOUND(#12139,.T.);
#12141=IFCFACE((#12140));
#12142=IFCCARTESIANPOINT((-0.007789731831871905,-1088.6805685043335,607.59100198745728));
#12143=IFCPOLYLOOP((#12134,#12142,#12138));
#12144=IFCFACEOUTERBOUND(#12143,.T.);
#12145=IFCFACE((#12144));
#12146=IFCCARTESIANPOINT((-0.007789731831871905,-1101.99385471344,627.97772998809819));
#12147=IFCPOLYLOOP((#12142,#12146,#12138));
#12148=IFCFACEOUTERBOUND(#12147,.T.);
#12149=IFCFACE((#12148));
#12150=IFCCARTESIANPOINT((-0.007789731831871905,-1167.3452436447144,534.67052564620974));
#12151=IFCPOLYLOOP((#12138,#12146,#12150));
#12152=IFCFACEOUTERBOUND(#12151,.T.);
#12153=IFCFACE((#12152));
#12154=IFCCARTESIANPOINT((-0.007789731831871905,-1188.8502536773683,541.61944742202763));
#12155=IFCPOLYLOOP((#12150,#12146,#12154));
#12156=IFCFACEOUTERBOUND(#12155,.T.);
#12157=IFCFACE((#12156));
#12158=IFCCARTESIANPOINT((-0.007789731831871905,-1203.4649139404298,552.29444990158083));
#12159=IFCPOLYLOOP((#12154,#12146,#12158));
#12160=IFCFACEOUTERBOUND(#12159,.T.);
#12161=IFCFACE((#12160));
#12162=IFCCARTESIANPOINT((-0.007789731831871905,-1216.2190046310425,565.94830398559577));
#12163=IFCPOLYLOOP((#12158,#12146,#12162));
#12164=IFCFACEOUTERBOUND(#12163,.T.);
#12165=IFCFACE((#12164));
#12166=IFCCARTESIANPOINT((-0.007789731831871905,-1232.1374370574952,581.83625135421755));
#12167=IFCPOLYLOOP((#12162,#12146,#12166));
#12168=IFCFACEOUTERBOUND(#12167,.T.);
#12169=IFCFACE((#12168));
#12170=IFCCARTESIANPOINT((-0.007789731831871905,-1256.2477386474609,599.21364269256594));
#12171=IFCPOLYLOOP((#12166,#12146,#12170));
#12172=IFCFACEOUTERBOUND(#12171,.T.);
#12173=IFCFACE((#12172));
#12174=IFCCARTESIANPOINT((-0.007789731831871905,3244.7449676513675,2632.5334991455079));
#12175=IFCPOLYLOOP((#12050,#11993,#12174));
#12176=IFCFACEOUTERBOUND(#12175,.T.);
#12177=IFCFACE((#12176));
#12178=IFCCARTESIANPOINT((-0.007789731831871905,-1293.5771461486818,617.33571968078616));
#12179=IFCPOLYLOOP((#12170,#12146,#12178));
#12180=IFCFACEOUTERBOUND(#12179,.T.);
#12181=IFCFACE((#12180));
#12182=IFCPOLYLOOP((#12146,#11609,#12178));
#12183=IFCFACEOUTERBOUND(#12182,.T.);
#12184=IFCFACE((#12183));
#12185=IFCCARTESIANPOINT((-0.007789731831871905,-1336.3992416381836,633.40922985076907));
#12186=IFCPOLYLOOP((#12178,#11609,#12185));
#12187=IFCFACEOUTERBOUND(#12186,.T.);
#12188=IFCFACE((#12187));
#12189=IFCCARTESIANPOINT((-0.0080061040003784004,2929.2476554870605,4449.2926643371584));
#12190=IFCPOLYLOOP((#11988,#11984,#12189));
#12191=IFCFACEOUTERBOUND(#12190,.T.);
#12192=IFCFACE((#12191));
#12193=IFCCARTESIANPOINT((-0.0080061040003784004,-2563.8574584960938,2227.1092632293703));
#12194=IFCCARTESIANPOINT((-0.0080061040003784004,-2563.6286933898928,2192.789119720459));
#12195=IFCCARTESIANPOINT((-0.0080061040003784004,-2545.811757659912,2252.3048183441165));
#12196=IFCPOLYLOOP((#12193,#12194,#12195));
#12197=IFCFACEOUTERBOUND(#12196,.T.);
#12198=IFCFACE((#12197));
#12199=IFCCARTESIANPOINT((-0.0080061040003784004,-2506.9341888427734,2267.0770271301271));
#12200=IFCPOLYLOOP((#12195,#12194,#12199));
#12201=IFCFACEOUTERBOUND(#12200,.T.);
#12202=IFCFACE((#12201));
#12203=IFCCARTESIANPOINT((-0.0080061040003784004,-2547.7686149597171,2150.6507034301758));
#12204=IFCPOLYLOOP((#12194,#12203,#12199));
#12205=IFCFACEOUTERBOUND(#12204,.T.);
#12206=IFCFACE((#12205));
#12207=IFCCARTESIANPOINT((-0.0080061040003784004,-2456.6041213989261,2268.5968471527099));
#12208=IFCPOLYLOOP((#12199,#12203,#12207));
#12209=IFCFACEOUTERBOUND(#12208,.T.);
#12210=IFCFACE((#12209));
#12211=IFCCARTESIANPOINT((-0.0080061040003784004,-2518.8825874328613,2101.9930629730225));
#12212=IFCPOLYLOOP((#12203,#12211,#12207));
#12213=IFCFACEOUTERBOUND(#12212,.T.);
#12214=IFCFACE((#12213));
#12215=IFCCARTESIANPOINT((-0.0080061040003784004,-2407.9464809417727,2260.994694900513));
#12216=IFCPOLYLOOP((#12207,#12211,#12215));
#12217=IFCFACEOUTERBOUND(#12216,.T.);
#12218=IFCFACE((#12217));
#12219=IFCCARTESIANPOINT((-0.0080061040003784004,-2479.5655105590822,2048.1249847412109));
#12220=IFCPOLYLOOP((#12211,#12219,#12215));
#12221=IFCFACEOUTERBOUND(#12220,.T.);
#12222=IFCFACE((#12221));
#12223=IFCCARTESIANPOINT((-0.0080061040003784004,-2363.9450969696045,2253.3926879882815));
#12224=IFCPOLYLOOP((#12215,#12219,#12223));
#12225=IFCFACEOUTERBOUND(#12224,.T.);
#12226=IFCFACE((#12225));
#12227=IFCCARTESIANPOINT((-0.0078979306679684679,-2432.4303062438967,1990.3452266693116));
#12228=IFCPOLYLOOP((#12219,#12227,#12223));
#12229=IFCFACEOUTERBOUND(#12228,.T.);
#12230=IFCFACE((#12229));
#12231=IFCCARTESIANPOINT((-0.0080061040003784004,-2327.5763866424563,2254.9125080108643));
#12232=IFCPOLYLOOP((#12223,#12227,#12231));
#12233=IFCFACEOUTERBOUND(#12232,.T.);
#12234=IFCFACE((#12233));
#12235=IFCCARTESIANPOINT((-0.0078979306679684679,-2390.7571231842044,1933.8998348236084));
#12236=IFCPOLYLOOP((#12227,#12235,#12231));
#12237=IFCFACEOUTERBOUND(#12236,.T.);
#12238=IFCFACE((#12237));
#12239=IFCCARTESIANPOINT((-0.0080061040003784004,-2301.8215633392333,2274.6791793823245));
#12240=IFCPOLYLOOP((#12231,#12235,#12239));
#12241=IFCFACEOUTERBOUND(#12240,.T.);
#12242=IFCFACE((#12241));
#12243=IFCCARTESIANPOINT((-0.0078979306679684679,-2363.6044200897218,1881.5515766143799));
#12244=IFCPOLYLOOP((#12235,#12243,#12239));
#12245=IFCFACEOUTERBOUND(#12244,.T.);
#12246=IFCFACE((#12245));
#12247=IFCCARTESIANPOINT((-0.0081143028364749625,2740.3001770019532,5225.9757797241209));
#12248=IFCPOLYLOOP((#11984,#12247,#12189));
#12249=IFCFACEOUTERBOUND(#12248,.T.);
#12250=IFCFACE((#12249));
#12251=IFCCARTESIANPOINT((-0.0081143028364749625,2696.4563415527346,5287.6877105712892));
#12252=IFCPOLYLOOP((#12104,#12067,#12251));
#12253=IFCFACEOUTERBOUND(#12252,.T.);
#12254=IFCFACE((#12253));
#12255=IFCCARTESIANPOINT((-0.007789731831871905,676.42956905364997,1262.6781600952149));
#12256=IFCPOLYLOOP((#12062,#12255,#11594));
#12257=IFCFACEOUTERBOUND(#12256,.T.);
#12258=IFCFACE((#12257));
#12259=IFCCARTESIANPOINT((-0.007789731831871905,-1374.1938823699952,645.57367630004887));
#12260=IFCPOLYLOOP((#12185,#11609,#12259));
#12261=IFCFACEOUTERBOUND(#12260,.T.);
#12262=IFCFACE((#12261));
#12263=IFCCARTESIANPOINT((-0.0082225016725715246,-3574.0181831359864,4222.6521377563477));
#12264=IFCPOLYLOOP((#12054,#12058,#12263));
#12265=IFCFACEOUTERBOUND(#12264,.T.);
#12266=IFCFACE((#12265));
#12267=IFCCARTESIANPOINT((-0.0081143028364749625,-2990.2985801696777,3499.1660659790041));
#12268=IFCPOLYLOOP((#12058,#12267,#12263));
#12269=IFCFACEOUTERBOUND(#12268,.T.);
#12270=IFCFACE((#12269));
#12271=IFCCARTESIANPOINT((-0.007681532995775342,2475.0236366271974,711.45119590759282));
#12272=IFCPOLYLOOP((#11854,#12271,#11858));
#12273=IFCFACEOUTERBOUND(#12272,.T.);
#12274=IFCFACE((#12273));
#12275=IFCCARTESIANPOINT((-0.007681532995775342,2165.1534519195557,691.49907073974612));
#12276=IFCPOLYLOOP((#11858,#12271,#12275));
#12277=IFCFACEOUTERBOUND(#12276,.T.);
#12278=IFCFACE((#12277));
#12279=IFCCARTESIANPOINT((-0.007681532995775342,3212.7201782226562,866.91488971710203));
#12280=IFCCARTESIANPOINT((-0.007681532995775342,3224.2337196350099,851.9267057418823));
#12281=IFCCARTESIANPOINT((-0.007681532995775342,3211.245849609375,885.81221008300781));
#12282=IFCPOLYLOOP((#12279,#12280,#12281));
#12283=IFCFACEOUTERBOUND(#12282,.T.);
#12284=IFCFACE((#12283));
#12285=IFCCARTESIANPOINT((-0.007681532995775342,3251.2009689331057,840.84751281738284));
#12286=IFCPOLYLOOP((#12280,#12285,#12281));
#12287=IFCFACEOUTERBOUND(#12286,.T.);
#12288=IFCFACE((#12287));
#12289=IFCCARTESIANPOINT((-0.007681532995775342,3214.4482704162597,908.6185941696167));
#12290=IFCPOLYLOOP((#12281,#12285,#12289));
#12291=IFCFACEOUTERBOUND(#12290,.T.);
#12292=IFCFACE((#12291));
#12293=IFCCARTESIANPOINT((-0.007681532995775342,3284.5730598449709,833.89859104156494));
#12294=IFCPOLYLOOP((#12285,#12293,#12289));
#12295=IFCFACEOUTERBOUND(#12294,.T.);
#12296=IFCFACE((#12295));
#12297=IFCCARTESIANPOINT((-0.007681532995775342,3216.9138175964358,935.3366580963135));
#12298=IFCPOLYLOOP((#12289,#12293,#12297));
#12299=IFCFACEOUTERBOUND(#12298,.T.);
#12300=IFCFACE((#12299));
#12301=IFCCARTESIANPOINT((-0.007681532995775342,3312.3789207458499,830.85626220703125));
#12302=IFCPOLYLOOP((#12293,#12301,#12297));
#12303=IFCFACEOUTERBOUND(#12302,.T.);
#12304=IFCFACE((#12303));
#12305=IFCCARTESIANPOINT((-0.007681532995775342,3335.5336120605471,831.07485351562502));
#12306=IFCPOLYLOOP((#12301,#12305,#12297));
#12307=IFCFACEOUTERBOUND(#12306,.T.);
#12308=IFCFACE((#12307));
#12309=IFCCARTESIANPOINT((-0.007681532995775342,3354.9519035339358,833.89859104156494));
#12310=IFCPOLYLOOP((#12305,#12309,#12297));
#12311=IFCFACEOUTERBOUND(#12310,.T.);
#12312=IFCFACE((#12311));
#12313=IFCCARTESIANPOINT((-0.007681532995775342,3371.5997245788576,838.67693309783942));
#12314=IFCPOLYLOOP((#12309,#12313,#12297));
#12315=IFCFACEOUTERBOUND(#12314,.T.);
#12316=IFCFACE((#12315));
#12317=IFCCARTESIANPOINT((-0.007681532995775342,3386.3668464660645,844.75919265747075));
#12318=IFCPOLYLOOP((#12313,#12317,#12297));
#12319=IFCFACEOUTERBOUND(#12318,.T.);
#12320=IFCFACE((#12319));
#12321=IFCCARTESIANPOINT((-0.007681532995775342,3213.2029975891114,965.96371307373056));
#12322=IFCPOLYLOOP((#12297,#12317,#12321));
#12323=IFCFACEOUTERBOUND(#12322,.T.);
#12324=IFCFACE((#12323));
#12325=IFCCARTESIANPOINT((-0.007681532995775342,3400.1936187744141,851.49206657409673));
#12326=IFCPOLYLOOP((#12317,#12325,#12321));
#12327=IFCFACEOUTERBOUND(#12326,.T.);
#12328=IFCFACE((#12327));
#12329=IFCCARTESIANPOINT((-0.007681532995775342,3427.7198455810549,863.00582599639893));
#12330=IFCPOLYLOOP((#12325,#12329,#12321));
#12331=IFCFACEOUTERBOUND(#12330,.T.);
#12332=IFCFACE((#12331));
#12333=IFCCARTESIANPOINT((-0.007681532995775342,3456.1864219665526,875.16772899627688));
#12334=IFCPOLYLOOP((#12329,#12333,#12321));
#12335=IFCFACEOUTERBOUND(#12334,.T.);
#12336=IFCFACE((#12335));
#12337=IFCCARTESIANPOINT((-0.007681532995775342,3197.9783454895019,1000.4999044418336));
#12338=IFCPOLYLOOP((#12321,#12333,#12337));
#12339=IFCFACEOUTERBOUND(#12338,.T.);
#12340=IFCFACE((#12339));
#12341=IFCCARTESIANPOINT((-0.007681532995775342,3486.5086990356444,888.63602027893069));
#12342=IFCPOLYLOOP((#12333,#12341,#12337));
#12343=IFCFACEOUTERBOUND(#12342,.T.);
#12344=IFCFACE((#12343));
#12345=IFCCARTESIANPOINT((-0.007681532995775342,3519.6011558532714,904.0588434219361));
#12346=IFCPOLYLOOP((#12341,#12345,#12337));
#12347=IFCFACEOUTERBOUND(#12346,.T.);
#12348=IFCFACE((#12347));
#12349=IFCCARTESIANPOINT((-0.007681532995775342,3556.4300125122072,922.08688545227051));
#12350=IFCPOLYLOOP((#12345,#12349,#12337));
#12351=IFCFACEOUTERBOUND(#12350,.T.);
#12352=IFCFACE((#12351));
#12353=IFCCARTESIANPOINT((-0.007681532995775342,3173.6036705017091,1033.8897994995118));
#12354=IFCPOLYLOOP((#12337,#12349,#12353));
#12355=IFCFACEOUTERBOUND(#12354,.T.);
#12356=IFCFACE((#12355));
#12357=IFCCARTESIANPOINT((-0.007681532995775342,3597.935327911377,943.37337684631348));
#12358=IFCPOLYLOOP((#12349,#12357,#12353));
#12359=IFCFACEOUTERBOUND(#12358,.T.);
#12360=IFCFACE((#12359));
#12361=IFCCARTESIANPOINT((-0.007681532995775342,3645.0071640014648,968.57147541046152));
#12362=IFCPOLYLOOP((#12357,#12361,#12353));
#12363=IFCFACEOUTERBOUND(#12362,.T.);
#12364=IFCFACE((#12363));
#12365=IFCCARTESIANPOINT((-0.007681532995775342,3146.4588157653811,1061.6931169509887));
#12366=IFCPOLYLOOP((#12353,#12361,#12365));
#12367=IFCFACEOUTERBOUND(#12366,.T.);
#12368=IFCFACE((#12367));
#12369=IFCCARTESIANPOINT((-0.007681532995775342,3686.2328453063965,991.19233303070075));
#12370=IFCPOLYLOOP((#12361,#12369,#12365));
#12371=IFCFACEOUTERBOUND(#12370,.T.);
#12372=IFCFACE((#12371));
#12373=IFCCARTESIANPOINT((-0.007681532995775342,3712.9457496643067,1006.1805896759033));
#12374=IFCPOLYLOOP((#12369,#12373,#12365));
#12375=IFCFACEOUTERBOUND(#12374,.T.);
#12376=IFCFACE((#12375));
#12377=IFCCARTESIANPOINT((-0.007681532995775342,3730.1784187316898,1016.3269180297852));
#12378=IFCPOLYLOOP((#12373,#12377,#12365));
#12379=IFCFACEOUTERBOUND(#12378,.T.);
#12380=IFCFACE((#12379));
#12381=IFCCARTESIANPOINT((-0.007681532995775342,3742.9375236511232,1024.4246795654296));
#12382=IFCPOLYLOOP((#12377,#12381,#12365));
#12383=IFCFACEOUTERBOUND(#12382,.T.);
#12384=IFCFACE((#12383));
#12385=IFCCARTESIANPOINT((-0.007681532995775342,3756.2558967590335,1033.2696338653566));
#12386=IFCPOLYLOOP((#12381,#12385,#12365));
#12387=IFCFACEOUTERBOUND(#12386,.T.);
#12388=IFCFACE((#12387));
#12389=IFCCARTESIANPOINT((-0.007681532995775342,3775.1404998779299,1045.6501281738281));
#12390=IFCPOLYLOOP((#12385,#12389,#12365));
#12391=IFCFACEOUTERBOUND(#12390,.T.);
#12392=IFCFACE((#12391));
#12393=IFCCARTESIANPOINT((-0.007681532995775342,3116.9754409790039,1084.8426486968995));
#12394=IFCPOLYLOOP((#12365,#12389,#12393));
#12395=IFCFACEOUTERBOUND(#12394,.T.);
#12396=IFCFACE((#12395));
#12397=IFCCARTESIANPOINT((-0.007681532995775342,3804.6491638183597,1064.3619220733642));
#12398=IFCPOLYLOOP((#12389,#12397,#12393));
#12399=IFCFACEOUTERBOUND(#12398,.T.);
#12400=IFCFACE((#12399));
#12401=IFCCARTESIANPOINT((-0.007681532995775342,3835.8100524902347,1087.511381149292));
#12402=IFCPOLYLOOP((#12397,#12401,#12393));
#12403=IFCFACEOUTERBOUND(#12402,.T.);
#12404=IFCFACE((#12403));
#12405=IFCCARTESIANPOINT((-0.007681532995775342,3858.4054756164551,1112.7070089340211));
#12406=IFCPOLYLOOP((#12401,#12405,#12393));
#12407=IFCFACEOUTERBOUND(#12406,.T.);
#12408=IFCFACE((#12407));
#12409=IFCCARTESIANPOINT((-0.007681532995775342,3875.5872756958011,1141.9996976852417));
#12410=IFCPOLYLOOP((#12405,#12409,#12393));
#12411=IFCFACEOUTERBOUND(#12410,.T.);
#12412=IFCFACE((#12411));
#12413=IFCCARTESIANPOINT((-0.007681532995775342,3890.5575828552246,1177.4381595611574));
#12414=IFCPOLYLOOP((#12409,#12413,#12393));
#12415=IFCFACEOUTERBOUND(#12414,.T.);
#12416=IFCFACE((#12415));
#12417=IFCCARTESIANPOINT((-0.007681532995775342,3906.4432411193848,1221.0658744812013));
#12418=IFCPOLYLOOP((#12413,#12417,#12393));
#12419=IFCFACEOUTERBOUND(#12418,.T.);
#12420=IFCFACE((#12419));
#12421=IFCPOLYLOOP((#12417,#12120,#12393));
#12422=IFCFACEOUTERBOUND(#12421,.T.);
#12423=IFCFACE((#12422));
#12424=IFCPOLYLOOP((#12120,#11972,#12393));
#12425=IFCFACEOUTERBOUND(#12424,.T.);
#12426=IFCFACE((#12425));
#12427=IFCCARTESIANPOINT((-0.007681532995775342,3085.6366561889649,1104.2660997390747));
#12428=IFCPOLYLOOP((#12393,#11972,#12427));
#12429=IFCFACEOUTERBOUND(#12428,.T.);
#12430=IFCFACE((#12429));
#12431=IFCCARTESIANPOINT((-0.007681532995775342,3052.8999916076659,1120.8988054275512));
#12432=IFCPOLYLOOP((#12427,#11972,#12431));
#12433=IFCFACEOUTERBOUND(#12432,.T.);
#12434=IFCFACE((#12433));
#12435=IFCCARTESIANPOINT((-0.007681532995775342,3019.2482666015626,1135.6709415435791));
#12436=IFCPOLYLOOP((#12431,#11972,#12435));
#12437=IFCFACEOUTERBOUND(#12436,.T.);
#12438=IFCFACE((#12437));
#12439=IFCCARTESIANPOINT((-0.007681532995775342,2985.113722229004,1149.5103584289552));
#12440=IFCPOLYLOOP((#12435,#11972,#12439));
#12441=IFCFACEOUTERBOUND(#12440,.T.);
#12442=IFCFACE((#12441));
#12443=IFCCARTESIANPOINT((-0.007681532995775342,2975.7858032226563,1158.2612777709962));
#12444=IFCPOLYLOOP((#12439,#11972,#12443));
#12445=IFCFACEOUTERBOUND(#12444,.T.);
#12446=IFCFACE((#12445));
#12447=IFCCARTESIANPOINT((-0.007681532995775342,2965.3649276733399,1164.7756330490113));
#12448=IFCPOLYLOOP((#12443,#11972,#12447));
#12449=IFCFACEOUTERBOUND(#12448,.T.);
#12450=IFCFACE((#12449));
#12451=IFCCARTESIANPOINT((-0.007789731831871905,3765.710842895508,2030.5619579315187));
#12452=IFCPOLYLOOP((#11972,#12451,#12447));
#12453=IFCFACEOUTERBOUND(#12452,.T.);
#12454=IFCFACE((#12453));
#12455=IFCCARTESIANPOINT((-0.007789731831871905,3757.6793563842775,2059.6665767669679));
#12456=IFCPOLYLOOP((#12451,#12455,#12447));
#12457=IFCFACEOUTERBOUND(#12456,.T.);
#12458=IFCFACE((#12457));
#12459=IFCCARTESIANPOINT((-0.007789731831871905,3747.5886932373051,2087.8436359405518));
#12460=IFCPOLYLOOP((#12455,#12459,#12447));
#12461=IFCFACEOUTERBOUND(#12460,.T.);
#12462=IFCFACE((#12461));
#12463=IFCCARTESIANPOINT((-0.007789731831871905,3734.4229270935061,2114.6226699829103));
#12464=IFCPOLYLOOP((#12459,#12463,#12447));
#12465=IFCFACEOUTERBOUND(#12464,.T.);
#12466=IFCFACE((#12465));
#12467=IFCCARTESIANPOINT((-0.007789731831871905,3717.1905487060549,2139.541061782837));
#12468=IFCPOLYLOOP((#12463,#12467,#12447));
#12469=IFCFACEOUTERBOUND(#12468,.T.);
#12470=IFCFACE((#12469));
#12471=IFCCARTESIANPOINT((-0.007789731831871905,3694.7983108520511,2162.13154335022));
#12472=IFCPOLYLOOP((#12467,#12471,#12447));
#12473=IFCFACEOUTERBOUND(#12472,.T.);
#12474=IFCFACE((#12473));
#12475=IFCCARTESIANPOINT((-0.007789731831871905,3666.2808654785158,2181.9285907745361));
#12476=IFCPOLYLOOP((#12471,#12475,#12447));
#12477=IFCFACEOUTERBOUND(#12476,.T.);
#12478=IFCFACE((#12477));
#12479=IFCCARTESIANPOINT((-0.007789731831871905,3636.5178565979004,2194.5885738372804));
#12480=IFCPOLYLOOP((#12475,#12479,#12447));
#12481=IFCFACEOUTERBOUND(#12480,.T.);
#12482=IFCFACE((#12481));
#12483=IFCCARTESIANPOINT((-0.007789731831871905,3610.6691436767578,2197.196408843994));
#12484=IFCPOLYLOOP((#12479,#12483,#12447));
#12485=IFCFACEOUTERBOUND(#12484,.T.);
#12486=IFCFACE((#12485));
#12487=IFCCARTESIANPOINT((-0.007789731831871905,3588.0990097045901,2191.4242321014403));
#12488=IFCPOLYLOOP((#12483,#12487,#12447));
#12489=IFCFACEOUTERBOUND(#12488,.T.);
#12490=IFCFACE((#12489));
#12491=IFCCARTESIANPOINT((-0.007789731831871905,3568.0961608886719,2178.9497028350829));
#12492=IFCPOLYLOOP((#12487,#12491,#12447));
#12493=IFCFACEOUTERBOUND(#12492,.T.);
#12494=IFCFACE((#12493));
#12495=IFCCARTESIANPOINT((-0.007789731831871905,3550.0757492065432,2161.4477188110354));
#12496=IFCPOLYLOOP((#12491,#12495,#12447));
#12497=IFCFACEOUTERBOUND(#12496,.T.);
#12498=IFCFACE((#12497));
#12499=IFCCARTESIANPOINT((-0.007789731831871905,3533.3514793395998,2140.5959392547607));
#12500=IFCPOLYLOOP((#12495,#12499,#12447));
#12501=IFCFACEOUTERBOUND(#12500,.T.);
#12502=IFCFACE((#12501));
#12503=IFCCARTESIANPOINT((-0.007789731831871905,3517.288215637207,2118.0665004730226));
#12504=IFCPOLYLOOP((#12499,#12503,#12447));
#12505=IFCFACEOUTERBOUND(#12504,.T.);
#12506=IFCFACE((#12505));
#12507=IFCCARTESIANPOINT((-0.007789731831871905,3464.0655921936036,2054.2071716308596));
#12508=IFCPOLYLOOP((#12503,#12507,#12447));
#12509=IFCFACEOUTERBOUND(#12508,.T.);
#12510=IFCFACE((#12509));
#12511=IFCCARTESIANPOINT((-0.007789731831871905,3443.4528968811037,2045.1155754089357));
#12512=IFCPOLYLOOP((#12507,#12511,#12447));
#12513=IFCFACEOUTERBOUND(#12512,.T.);
#12514=IFCFACE((#12513));
#12515=IFCCARTESIANPOINT((-0.007789731831871905,3422.3823806762698,2036.2095783233644));
#12516=IFCPOLYLOOP((#12511,#12515,#12447));
#12517=IFCFACEOUTERBOUND(#12516,.T.);
#12518=IFCFACE((#12517));
#12519=IFCCARTESIANPOINT((-0.007789731831871905,3400.3968040466311,2027.6746341705323));
#12520=IFCPOLYLOOP((#12515,#12519,#12447));
#12521=IFCFACEOUTERBOUND(#12520,.T.);
#12522=IFCFACE((#12521));
#12523=IFCCARTESIANPOINT((-0.007789731831871905,3376.9880584716798,2019.7014289855958));
#12524=IFCPOLYLOOP((#12519,#12523,#12447));
#12525=IFCFACEOUTERBOUND(#12524,.T.);
#12526=IFCFACE((#12525));
#12527=IFCCARTESIANPOINT((-0.007789731831871905,3351.7239028930667,2012.4703296661378));
#12528=IFCPOLYLOOP((#12523,#12527,#12447));
#12529=IFCFACEOUTERBOUND(#12528,.T.);
#12530=IFCFACE((#12529));
#12531=IFCCARTESIANPOINT((-0.007789731831871905,3324.1468070983888,2006.1721675872805));
#12532=IFCPOLYLOOP((#12527,#12531,#12447));
#12533=IFCFACEOUTERBOUND(#12532,.T.);
#12534=IFCFACE((#12533));
#12535=IFCCARTESIANPOINT((-0.007789731831871905,3293.7739517211917,2000.9896350860597));
#12536=IFCPOLYLOOP((#12531,#12535,#12447));
#12537=IFCFACEOUTERBOUND(#12536,.T.);
#12538=IFCFACE((#12537));
#12539=IFCCARTESIANPOINT((-0.007789731831871905,3265.281795501709,1996.4274135589601));
#12540=IFCPOLYLOOP((#12535,#12539,#12447));
#12541=IFCFACEOUTERBOUND(#12540,.T.);
#12542=IFCFACE((#12541));
#12543=IFCCARTESIANPOINT((-0.007789731831871905,3241.822180938721,1991.8650466918946));
#12544=IFCPOLYLOOP((#12539,#12543,#12447));
#12545=IFCFACEOUTERBOUND(#12544,.T.);
#12546=IFCFACE((#12545));
#12547=IFCCARTESIANPOINT((-0.007789731831871905,3220.5993484497071,1987.3052959442139));
#12548=IFCPOLYLOOP((#12543,#12547,#12447));
#12549=IFCFACEOUTERBOUND(#12548,.T.);
#12550=IFCFACE((#12549));
#12551=IFCCARTESIANPOINT((-0.007789731831871905,3198.8172477722169,1982.7430744171143));
#12552=IFCPOLYLOOP((#12547,#12551,#12447));
#12553=IFCFACEOUTERBOUND(#12552,.T.);
#12554=IFCFACE((#12553));
#12555=IFCCARTESIANPOINT((-0.007789731831871905,3173.6801193237307,1978.180707550049));
#12556=IFCPOLYLOOP((#12551,#12555,#12447));
#12557=IFCFACEOUTERBOUND(#12556,.T.);
#12558=IFCFACE((#12557));
#12559=IFCCARTESIANPOINT((-0.007789731831871905,3142.3922035217288,1973.6209568023683));
#12560=IFCPOLYLOOP((#12555,#12559,#12447));
#12561=IFCFACEOUTERBOUND(#12560,.T.);
#12562=IFCFACE((#12561));
#12563=IFCCARTESIANPOINT((-0.007789731831871905,3102.1830299377443,1969.0587352752686));
#12564=IFCPOLYLOOP((#12559,#12563,#12447));
#12565=IFCFACEOUTERBOUND(#12564,.T.);
#12566=IFCFACE((#12565));
#12567=IFCCARTESIANPOINT((-0.007789731831871905,3066.4979988098144,1970.0829460144043));
#12568=IFCPOLYLOOP((#12563,#12567,#12447));
#12569=IFCFACEOUTERBOUND(#12568,.T.);
#12570=IFCFACE((#12569));
#12571=IFCCARTESIANPOINT((-0.007681532995775342,2952.7072700500489,1166.8241998672486));
#12572=IFCPOLYLOOP((#12447,#12567,#12571));
#12573=IFCFACEOUTERBOUND(#12572,.T.);
#12574=IFCFACE((#12573));
#12575=IFCCARTESIANPOINT((-0.007789731831871905,3048.6807723999023,1981.159595489502));
#12576=IFCPOLYLOOP((#12567,#12575,#12571));
#12577=IFCFACEOUTERBOUND(#12576,.T.);
#12578=IFCFACE((#12577));
#12579=IFCCARTESIANPOINT((-0.007681532995775342,2936.6948753356933,1162.1704141616822));
#12580=IFCPOLYLOOP((#12571,#12575,#12579));
#12581=IFCFACEOUTERBOUND(#12580,.T.);
#12582=IFCFACE((#12581));
#12583=IFCCARTESIANPOINT((-0.007681532995775342,2916.2089164733889,1148.5801099777223));
#12584=IFCPOLYLOOP((#12579,#12575,#12583));
#12585=IFCFACEOUTERBOUND(#12584,.T.);
#12586=IFCFACE((#12585));
#12587=IFCCARTESIANPOINT((-0.007681532995775342,2890.1570182800292,1123.816577911377));
#12588=IFCPOLYLOOP((#12583,#12575,#12587));
#12589=IFCFACEOUTERBOUND(#12588,.T.);
#12590=IFCFACE((#12589));
#12591=IFCCARTESIANPOINT((-0.007789731831871905,696.75529060363772,1287.87618598938));
#12592=IFCPOLYLOOP((#12255,#12591,#11594));
#12593=IFCFACEOUTERBOUND(#12592,.T.);
#12594=IFCFACE((#12593));
#12595=IFCCARTESIANPOINT((-0.0082225016725715246,-3219.353784942627,5105.5005752563475));
#12596=IFCCARTESIANPOINT((-0.0082225016725715246,-3259.995199584961,5046.20361328125));
#12597=IFCCARTESIANPOINT((-0.0082225016725715246,-3166.8430366516113,5130.1804641723638));
#12598=IFCPOLYLOOP((#12595,#12596,#12597));
#12599=IFCFACEOUTERBOUND(#12598,.T.);
#12600=IFCFACE((#12599));
#12601=IFCCARTESIANPOINT((-0.0082225016725715246,-3112.1969535827639,5134.119758605957));
#12602=IFCPOLYLOOP((#12597,#12596,#12601));
#12603=IFCFACEOUTERBOUND(#12602,.T.);
#12604=IFCFACE((#12603));
#12605=IFCCARTESIANPOINT((-0.0082225016725715246,-3291.1052192687989,4960.6512771606449));
#12606=IFCPOLYLOOP((#12596,#12605,#12601));
#12607=IFCFACEOUTERBOUND(#12606,.T.);
#12608=IFCFACE((#12607));
#12609=IFCCARTESIANPOINT((-0.0082225016725715246,-3065.9131507873535,5136.9410980224611));
#12610=IFCPOLYLOOP((#12601,#12605,#12609));
#12611=IFCFACEOUTERBOUND(#12610,.T.);
#12612=IFCFACE((#12611));
#12613=IFCCARTESIANPOINT((-0.0082225016725715246,-3315.1493911743164,4857.2305549621587));
#12614=IFCPOLYLOOP((#12605,#12613,#12609));
#12615=IFCFACEOUTERBOUND(#12614,.T.);
#12616=IFCFACE((#12615));
#12617=IFCCARTESIANPOINT((-0.0082225016725715246,-3026.6446174621583,5138.821797180176));
#12618=IFCPOLYLOOP((#12609,#12613,#12617));
#12619=IFCFACEOUTERBOUND(#12618,.T.);
#12620=IFCFACE((#12619));
#12621=IFCCARTESIANPOINT((-0.0082225016725715246,-2992.9420234680179,5139.9909118652349));
#12622=IFCPOLYLOOP((#12617,#12613,#12621));
#12623=IFCFACEOUTERBOUND(#12622,.T.);
#12624=IFCFACE((#12623));
#12625=IFCCARTESIANPOINT((-0.0082225016725715246,-2963.4330688476562,5140.5757598876953));
#12626=IFCPOLYLOOP((#12621,#12613,#12625));
#12627=IFCFACEOUTERBOUND(#12626,.T.);
#12628=IFCFACE((#12627));
#12629=IFCCARTESIANPOINT((-0.0082225016725715246,-3334.5423934936525,4744.3043083190923));
#12630=IFCPOLYLOOP((#12613,#12629,#12625));
#12631=IFCFACEOUTERBOUND(#12630,.T.);
#12632=IFCFACE((#12631));
#12633=IFCCARTESIANPOINT((-0.0082225016725715246,-2936.7201644897464,5140.7792358398438));
#12634=IFCPOLYLOOP((#12625,#12629,#12633));
#12635=IFCFACEOUTERBOUND(#12634,.T.);
#12636=IFCFACE((#12635));
#12637=IFCCARTESIANPOINT((-0.0082225016725715246,-2911.3798507690431,5140.829814147949));
#12638=IFCPOLYLOOP((#12633,#12629,#12637));
#12639=IFCFACEOUTERBOUND(#12638,.T.);
#12640=IFCFACE((#12639));
#12641=IFCCARTESIANPOINT((-0.0082225016725715246,-3351.7239028930667,4630.2848144531254));
#12642=IFCPOLYLOOP((#12629,#12641,#12637));
#12643=IFCFACEOUTERBOUND(#12642,.T.);
#12644=IFCFACE((#12643));
#12645=IFCCARTESIANPOINT((-0.0082225016725715246,-3369.0580192565917,4523.4840660095215));
#12646=IFCPOLYLOOP((#12641,#12645,#12637));
#12647=IFCFACEOUTERBOUND(#12646,.T.);
#12648=IFCFACE((#12647));
#12649=IFCCARTESIANPOINT((-0.007681532995775342,2857.3947738647462,1085.6483407974245));
#12650=IFCPOLYLOOP((#12587,#12575,#12649));
#12651=IFCFACEOUTERBOUND(#12650,.T.);
#12652=IFCFACE((#12651));
#12653=IFCCARTESIANPOINT((-0.0082225016725715246,-2741.0879196166993,5215.3264297485357));
#12654=IFCPOLYLOOP((#12637,#12645,#12653));
#12655=IFCFACEOUTERBOUND(#12654,.T.);
#12656=IFCFACE((#12655));
#12657=IFCCARTESIANPOINT((-0.0082225016725715246,-3385.1721519470216,4446.4969047546392));
#12658=IFCPOLYLOOP((#12645,#12657,#12653));
#12659=IFCFACEOUTERBOUND(#12658,.T.);
#12660=IFCFACE((#12659));
#12661=IFCCARTESIANPOINT((-0.007681532995775342,2793.2684555053711,749.92951583862305));
#12662=IFCCARTESIANPOINT((-0.007681532995775342,2795.0729965209962,774.28885746002197));
#12663=IFCCARTESIANPOINT((-0.007681532995775342,2779.3655250549318,729.29371147155769));
#12664=IFCPOLYLOOP((#12661,#12662,#12663));
#12665=IFCFACEOUTERBOUND(#12664,.T.);
#12666=IFCFACE((#12665));
#12667=IFCCARTESIANPOINT((-0.007681532995775342,2750.9498176574707,713.12616634368896));
#12668=IFCPOLYLOOP((#12663,#12662,#12667));
#12669=IFCFACEOUTERBOUND(#12668,.T.);
#12670=IFCFACE((#12669));
#12671=IFCCARTESIANPOINT((-0.007681532995775342,2787.1938262939452,801.627087020874));
#12672=IFCPOLYLOOP((#12662,#12671,#12667));
#12673=IFCFACEOUTERBOUND(#12672,.T.);
#12674=IFCFACE((#12673));
#12675=IFCCARTESIANPOINT((-0.007681532995775342,2711.4775177001952,706.33224964141846));
#12676=IFCPOLYLOOP((#12667,#12671,#12675));
#12677=IFCFACEOUTERBOUND(#12676,.T.);
#12678=IFCFACE((#12677));
#12679=IFCCARTESIANPOINT((-0.007681532995775342,2772.0456230163577,831.19686641693113));
#12680=IFCPOLYLOOP((#12671,#12679,#12675));
#12681=IFCFACEOUTERBOUND(#12680,.T.);
#12682=IFCFACE((#12681));
#12683=IFCCARTESIANPOINT((-0.007681532995775342,2667.1764427185058,709.58815555572517));
#12684=IFCPOLYLOOP((#12675,#12679,#12683));
#12685=IFCFACEOUTERBOUND(#12684,.T.);
#12686=IFCFACE((#12685));
#12687=IFCCARTESIANPOINT((-0.007681532995775342,2752.0680633544921,862.25856056213377));
#12688=IFCPOLYLOOP((#12679,#12687,#12683));
#12689=IFCFACEOUTERBOUND(#12688,.T.);
#12690=IFCFACE((#12689));
#12691=IFCCARTESIANPOINT((-0.007681532995775342,2619.6979454040529,717.31733493804938));
#12692=IFCPOLYLOOP((#12683,#12687,#12691));
#12693=IFCFACEOUTERBOUND(#12692,.T.);
#12694=IFCFACE((#12693));
#12695=IFCCARTESIANPOINT((-0.007681532995775342,2729.6505363464357,894.06497669219971));
#12696=IFCPOLYLOOP((#12687,#12695,#12691));
#12697=IFCFACEOUTERBOUND(#12696,.T.);
#12698=IFCFACE((#12697));
#12699=IFCCARTESIANPOINT((-0.007681532995775342,2570.7198303222658,723.92572517395024));
#12700=IFCPOLYLOOP((#12691,#12695,#12699));
#12701=IFCFACEOUTERBOUND(#12700,.T.);
#12702=IFCFACE((#12701));
#12703=IFCCARTESIANPOINT((-0.007681532995775342,2521.9428657531739,723.83169021606443));
#12704=IFCPOLYLOOP((#12699,#12695,#12703));
#12705=IFCFACEOUTERBOUND(#12704,.T.);
#12706=IFCFACE((#12705));
#12707=IFCCARTESIANPOINT((-0.0081143028364749625,2708.7834960937503,5267.862757873535));
#12708=IFCPOLYLOOP((#12251,#12067,#12707));
#12709=IFCFACEOUTERBOUND(#12708,.T.);
#12710=IFCFACE((#12709));
#12711=IFCCARTESIANPOINT((-0.007789731831871905,-401.47945489883426,552.76211757659917));
#12712=IFCCARTESIANPOINT((-0.007789731831871905,-397.57035484313968,565.48314342498782));
#12713=IFCCARTESIANPOINT((-0.007789731831871905,-411.25469398498535,543.11139850616462));
#12714=IFCPOLYLOOP((#12711,#12712,#12713));
#12715=IFCFACEOUTERBOUND(#12714,.T.);
#12716=IFCFACE((#12715));
#12717=IFCCARTESIANPOINT((-0.007789731831871905,-428.84813318252566,537.55530595779419));
#12718=IFCPOLYLOOP((#12713,#12712,#12717));
#12719=IFCFACEOUTERBOUND(#12718,.T.);
#12720=IFCFACE((#12719));
#12721=IFCCARTESIANPOINT((-0.007789731831871905,-397.57035484313968,580.25280876159673));
#12722=IFCPOLYLOOP((#12712,#12721,#12717));
#12723=IFCFACEOUTERBOUND(#12722,.T.);
#12724=IFCFACE((#12723));
#12725=IFCCARTESIANPOINT((-0.007789731831871905,-456.21681146621705,537.12066679000861));
#12726=IFCPOLYLOOP((#12717,#12721,#12725));
#12727=IFCFACEOUTERBOUND(#12726,.T.);
#12728=IFCFACE((#12727));
#12729=IFCCARTESIANPOINT((-0.007789731831871905,-399.52488670349123,596.04926462173466));
#12730=IFCPOLYLOOP((#12721,#12729,#12725));
#12731=IFCFACEOUTERBOUND(#12730,.T.);
#12732=IFCFACE((#12731));
#12733=IFCCARTESIANPOINT((-0.007789731831871905,-495.31529703140262,542.83180074691779));
#12734=IFCPOLYLOOP((#12725,#12729,#12733));
#12735=IFCFACEOUTERBOUND(#12734,.T.);
#12736=IFCFACE((#12735));
#12737=IFCPOLYLOOP((#12729,#11814,#12733));
#12738=IFCFACEOUTERBOUND(#12737,.T.);
#12739=IFCFACE((#12738));
#12740=IFCCARTESIANPOINT((-0.007789731831871905,-536.89702491760261,552.26392850875857));
#12741=IFCPOLYLOOP((#12733,#11814,#12740));
#12742=IFCFACEOUTERBOUND(#12741,.T.);
#12743=IFCFACE((#12742));
#12744=IFCCARTESIANPOINT((-0.007789731831871905,-571.21716842651369,562.25525178909299));
#12745=IFCPOLYLOOP((#12740,#11814,#12744));
#12746=IFCFACEOUTERBOUND(#12745,.T.);
#12747=IFCFACE((#12746));
#12748=IFCCARTESIANPOINT((-0.007789731831871905,-599.4856101036072,572.71420640945439));
#12749=IFCPOLYLOOP((#12744,#11814,#12748));
#12750=IFCFACEOUTERBOUND(#12749,.T.);
#12751=IFCFACE((#12750));
#12752=IFCCARTESIANPOINT((-0.007789731831871905,-622.91473960876465,583.54425029754645));
#12753=IFCPOLYLOOP((#12748,#11814,#12752));
#12754=IFCFACEOUTERBOUND(#12753,.T.);
#12755=IFCFACE((#12754));
#12756=IFCCARTESIANPOINT((-0.007789731831871905,-642.71178703308112,594.65134849548338));
#12757=IFCPOLYLOOP((#12752,#11814,#12756));
#12758=IFCFACEOUTERBOUND(#12757,.T.);
#12759=IFCFACE((#12758));
#12760=IFCCARTESIANPOINT((-0.007789731831871905,-660.08914203643803,605.94651660919192));
#12761=IFCPOLYLOOP((#12756,#11814,#12760));
#12762=IFCFACEOUTERBOUND(#12761,.T.);
#12763=IFCFACE((#12762));
#12764=IFCPOLYLOOP((#12760,#11814,#11862));
#12765=IFCFACEOUTERBOUND(#12764,.T.);
#12766=IFCFACE((#12765));
#12767=IFCPOLYLOOP((#11862,#11814,#11609));
#12768=IFCFACEOUTERBOUND(#12767,.T.);
#12769=IFCFACE((#12768));
#12770=IFCPOLYLOOP((#11814,#11632,#11609));
#12771=IFCFACEOUTERBOUND(#12770,.T.);
#12772=IFCFACE((#12771));
#12773=IFCCARTESIANPOINT((-0.007789731831871905,-37.645671808719634,1021.7889392852784));
#12774=IFCPOLYLOOP((#11632,#12773,#11609));
#12775=IFCFACEOUTERBOUND(#12774,.T.);
#12776=IFCFACE((#12775));
#12777=IFCCARTESIANPOINT((-0.007789731831871905,-1407.7998252868654,654.47967338562012));
#12778=IFCPOLYLOOP((#12259,#11609,#12777));
#12779=IFCFACEOUTERBOUND(#12778,.T.);
#12780=IFCFACE((#12779));
#12781=IFCCARTESIANPOINT((-0.0082225016725715246,-3584.6169548034668,4304.7735786437988));
#12782=IFCCARTESIANPOINT((-0.0082225016725715246,-3587.9211135864257,4285.6346305847173));
#12783=IFCCARTESIANPOINT((-0.0082225016725715246,-3566.8253082275392,4327.7756629943851));
#12784=IFCPOLYLOOP((#12781,#12782,#12783));
#12785=IFCFACEOUTERBOUND(#12784,.T.);
#12786=IFCFACE((#12785));
#12787=IFCCARTESIANPOINT((-0.0082225016725715246,-3582.4566215515138,4261.3108245849608));
#12788=IFCPOLYLOOP((#12782,#12787,#12783));
#12789=IFCFACEOUTERBOUND(#12788,.T.);
#12790=IFCFACE((#12789));
#12791=IFCCARTESIANPOINT((-0.0082225016725715246,-3528.700309753418,4363.8417755126957));
#12792=IFCPOLYLOOP((#12783,#12787,#12791));
#12793=IFCFACEOUTERBOUND(#12792,.T.);
#12794=IFCFACE((#12793));
#12795=IFCPOLYLOOP((#12787,#12263,#12791));
#12796=IFCFACEOUTERBOUND(#12795,.T.);
#12797=IFCFACE((#12796));
#12798=IFCPOLYLOOP((#12263,#12267,#12791));
#12799=IFCFACEOUTERBOUND(#12798,.T.);
#12800=IFCFACE((#12799));
#12801=IFCCARTESIANPOINT((-0.0082225016725715246,-3485.2378463745117,4393.9097076416019));
#12802=IFCPOLYLOOP((#12791,#12267,#12801));
#12803=IFCFACEOUTERBOUND(#12802,.T.);
#12804=IFCFACE((#12803));
#12805=IFCCARTESIANPOINT((-0.0082225016725715246,-3453.3145042419433,4401.0772933959961));
#12806=IFCPOLYLOOP((#12801,#12267,#12805));
#12807=IFCFACEOUTERBOUND(#12806,.T.);
#12808=IFCFACE((#12807));
#12809=IFCCARTESIANPOINT((-0.0082225016725715246,-3430.1345237731935,4397.6461074829103));
#12810=IFCPOLYLOOP((#12805,#12267,#12809));
#12811=IFCFACEOUTERBOUND(#12810,.T.);
#12812=IFCFACE((#12811));
#12813=IFCCARTESIANPOINT((-0.0082225016725715246,-3412.9018547058108,4395.8668556213379));
#12814=IFCPOLYLOOP((#12809,#12267,#12813));
#12815=IFCFACEOUTERBOUND(#12814,.T.);
#12816=IFCFACE((#12815));
#12817=IFCCARTESIANPOINT((-0.0082225016725715246,-3398.8466079711916,4408.0669830322267));
#12818=IFCPOLYLOOP((#12813,#12267,#12817));
#12819=IFCFACEOUTERBOUND(#12818,.T.);
#12820=IFCFACE((#12819));
#12821=IFCPOLYLOOP((#12817,#12267,#12657));
#12822=IFCFACEOUTERBOUND(#12821,.T.);
#12823=IFCFACE((#12822));
#12824=IFCPOLYLOOP((#12657,#12267,#12653));
#12825=IFCFACEOUTERBOUND(#12824,.T.);
#12826=IFCFACE((#12825));
#12827=IFCCARTESIANPOINT((-0.0081143028364749625,-2933.6956398010257,3471.8938934326175));
#12828=IFCPOLYLOOP((#12267,#12827,#12653));
#12829=IFCFACEOUTERBOUND(#12828,.T.);
#12830=IFCFACE((#12829));
#12831=IFCCARTESIANPOINT((-0.0081143028364749625,-2875.6186614990233,3436.615523529053));
#12832=IFCPOLYLOOP((#12827,#12831,#12653));
#12833=IFCFACEOUTERBOUND(#12832,.T.);
#12834=IFCFACE((#12833));
#12835=IFCCARTESIANPOINT((-0.0081143028364749625,-2817.6939994812014,3395.0084701538085));
#12836=IFCPOLYLOOP((#12831,#12835,#12653));
#12837=IFCFACEOUTERBOUND(#12836,.T.);
#12838=IFCFACE((#12837));
#12839=IFCCARTESIANPOINT((-0.0081143028364749625,-2761.6756164550784,3348.7502471923831));
#12840=IFCPOLYLOOP((#12835,#12839,#12653));
#12841=IFCFACEOUTERBOUND(#12840,.T.);
#12842=IFCFACE((#12841));
#12843=IFCCARTESIANPOINT((-0.0081143028364749625,-2709.1645774841309,3299.4924980163573));
#12844=IFCPOLYLOOP((#12839,#12843,#12653));
#12845=IFCFACEOUTERBOUND(#12844,.T.);
#12846=IFCFACE((#12845));
#12847=IFCCARTESIANPOINT((-0.0081143028364749625,-2672.8188308715821,3252.8023246765138));
#12848=IFCPOLYLOOP((#12843,#12847,#12653));
#12849=IFCFACEOUTERBOUND(#12848,.T.);
#12850=IFCFACE((#12849));
#12851=IFCCARTESIANPOINT((-0.0082225016725715246,-2695.3633850097658,5301.6159301757816));
#12852=IFCPOLYLOOP((#12653,#12847,#12851));
#12853=IFCFACEOUTERBOUND(#12852,.T.);
#12854=IFCFACE((#12853));
#12855=IFCCARTESIANPOINT((-0.0082225016725715246,-2648.8763969421389,5385.6689392089847));
#12856=IFCPOLYLOOP((#12851,#12847,#12855));
#12857=IFCFACEOUTERBOUND(#12856,.T.);
#12858=IFCFACE((#12857));
#12859=IFCCARTESIANPOINT((-0.0082225016725715246,-2600.8895004272463,5465.2739639282227));
#12860=IFCPOLYLOOP((#12855,#12847,#12859));
#12861=IFCFACEOUTERBOUND(#12860,.T.);
#12862=IFCFACE((#12861));
#12863=IFCCARTESIANPOINT((-0.0082225016725715246,-2550.6916923522949,5538.1689331054686));
#12864=IFCPOLYLOOP((#12859,#12847,#12863));
#12865=IFCFACEOUTERBOUND(#12864,.T.);
#12866=IFCFACE((#12865));
#12867=IFCCARTESIANPOINT((-0.0082225016725715246,-2497.5022064208983,5602.1173553466797));
#12868=IFCPOLYLOOP((#12863,#12847,#12867));
#12869=IFCFACEOUTERBOUND(#12868,.T.);
#12870=IFCFACE((#12869));
#12871=IFCCARTESIANPOINT((-0.0083306750049814589,-2440.5917266845704,5654.9077377319336));
#12872=IFCPOLYLOOP((#12867,#12847,#12871));
#12873=IFCFACEOUTERBOUND(#12872,.T.);
#12874=IFCFACE((#12873));
#12875=IFCCARTESIANPOINT((-0.0083306750049814589,-2379.2129150390624,5694.2785903930662));
#12876=IFCPOLYLOOP((#12871,#12847,#12875));
#12877=IFCFACEOUTERBOUND(#12876,.T.);
#12878=IFCFACE((#12877));
#12879=IFCCARTESIANPOINT((-0.0083306750049814589,-2315.973606491089,5715.0436019897461));
#12880=IFCPOLYLOOP((#12875,#12847,#12879));
#12881=IFCFACEOUTERBOUND(#12880,.T.);
#12882=IFCFACE((#12881));
#12883=IFCCARTESIANPOINT((-0.0083306750049814589,-2253.8500728607178,5715.6790283203127));
#12884=IFCPOLYLOOP((#12879,#12847,#12883));
#12885=IFCFACEOUTERBOUND(#12884,.T.);
#12886=IFCFACE((#12885));
#12887=IFCCARTESIANPOINT((-0.0082225016725715246,-2192.6568603515625,5699.5904754638677));
#12888=IFCPOLYLOOP((#12883,#12847,#12887));
#12889=IFCFACEOUTERBOUND(#12888,.T.);
#12890=IFCFACE((#12889));
#12891=IFCCARTESIANPOINT((-0.0082225016725715246,-2132.2109859466555,5670.0818115234379));
#12892=IFCPOLYLOOP((#12887,#12847,#12891));
#12893=IFCFACEOUTERBOUND(#12892,.T.);
#12894=IFCFACE((#12893));
#12895=IFCCARTESIANPOINT((-0.0082225016725715246,-2072.3216182708743,5630.5080642700195));
#12896=IFCPOLYLOOP((#12891,#12847,#12895));
#12897=IFCFACEOUTERBOUND(#12896,.T.);
#12898=IFCFACE((#12897));
#12899=IFCPOLYLOOP((#12895,#12847,#12109));
#12900=IFCFACEOUTERBOUND(#12899,.T.);
#12901=IFCFACE((#12900));
#12902=IFCPOLYLOOP((#12109,#12847,#12110));
#12903=IFCFACEOUTERBOUND(#12902,.T.);
#12904=IFCFACE((#12903));
#12905=IFCCARTESIANPOINT((-0.0082225016725715246,-1938.1774806976318,5465.6041763305666));
#12906=IFCPOLYLOOP((#12110,#12847,#12905));
#12907=IFCFACEOUTERBOUND(#12906,.T.);
#12908=IFCFACE((#12907));
#12909=IFCCARTESIANPOINT((-0.0082225016725715246,-1927.5024055480958,5438.5610595703129));
#12910=IFCPOLYLOOP((#12905,#12847,#12909));
#12911=IFCFACEOUTERBOUND(#12910,.T.);
#12912=IFCFACE((#12911));
#12913=IFCCARTESIANPOINT((-0.0082225016725715246,-1913.1979007720947,5420.4389099121099));
#12914=IFCPOLYLOOP((#12909,#12847,#12913));
#12915=IFCFACEOUTERBOUND(#12914,.T.);
#12916=IFCFACE((#12915));
#12917=IFCCARTESIANPOINT((-0.0082225016725715246,-1894.0515403747559,5414.2369628906254));
#12918=IFCPOLYLOOP((#12913,#12847,#12917));
#12919=IFCFACEOUTERBOUND(#12918,.T.);
#12920=IFCFACE((#12919));
#12921=IFCCARTESIANPOINT((-0.0082225016725715246,-1868.8533691406251,5422.9044570922852));
#12922=IFCPOLYLOOP((#12917,#12847,#12921));
#12923=IFCFACEOUTERBOUND(#12922,.T.);
#12924=IFCFACE((#12923));
#12925=IFCCARTESIANPOINT((-0.0081143028364749625,-2659.5766159057616,3211.2967185974121));
#12926=IFCPOLYLOOP((#12847,#12925,#12921));
#12927=IFCFACEOUTERBOUND(#12926,.T.);
#12928=IFCFACE((#12927));
#12929=IFCCARTESIANPOINT((-0.0082225016725715246,-1836.3963386535645,5449.4900436401367));
#12930=IFCPOLYLOOP((#12921,#12925,#12929));
#12931=IFCFACEOUTERBOUND(#12930,.T.);
#12932=IFCFACE((#12931));
#12933=IFCCARTESIANPOINT((-0.007789731831871905,-1710.2557823181153,656.43420524597173));
#12934=IFCCARTESIANPOINT((-0.007789731831871905,-1681.6772941589356,643.61914443969727));
#12935=IFCCARTESIANPOINT((-0.007789731831871905,-1730.457020187378,682.28299083709715));
#12936=IFCPOLYLOOP((#12933,#12934,#12935));
#12937=IFCFACEOUTERBOUND(#12936,.T.);
#12938=IFCFACE((#12937));
#12939=IFCCARTESIANPOINT((-0.007789731831871905,-1740.6033485412597,723.7706474304199));
#12940=IFCPOLYLOOP((#12935,#12934,#12939));
#12941=IFCFACEOUTERBOUND(#12940,.T.);
#12942=IFCFACE((#12941));
#12943=IFCCARTESIANPOINT((-0.007789731831871905,-1646.3964534759523,641.22997341156008));
#12944=IFCPOLYLOOP((#12934,#12943,#12939));
#12945=IFCFACEOUTERBOUND(#12944,.T.);
#12946=IFCFACE((#12945));
#12947=IFCCARTESIANPOINT((-0.007789731831871905,-1606.0880126953125,646.65900249481206));
#12948=IFCPOLYLOOP((#12943,#12947,#12939));
#12949=IFCFACEOUTERBOUND(#12948,.T.);
#12950=IFCFACE((#12949));
#12951=IFCCARTESIANPOINT((-0.007789731831871905,-1744.54554977417,774.19482250213628));
#12952=IFCPOLYLOOP((#12939,#12947,#12951));
#12953=IFCFACEOUTERBOUND(#12952,.T.);
#12954=IFCFACE((#12953));
#12955=IFCCARTESIANPOINT((-0.007789731831871905,-1562.4273056030274,657.30348358154299));
#12956=IFCPOLYLOOP((#12947,#12955,#12951));
#12957=IFCFACEOUTERBOUND(#12956,.T.);
#12958=IFCFACE((#12957));
#12959=IFCCARTESIANPOINT((-0.007789731831871905,-1747.3692146301271,823.50322265625005));
#12960=IFCPOLYLOOP((#12951,#12955,#12959));
#12961=IFCFACEOUTERBOUND(#12960,.T.);
#12962=IFCFACE((#12961));
#12963=IFCCARTESIANPOINT((-0.007789731831871905,-1517.091555404663,670.55318355560303));
#12964=IFCPOLYLOOP((#12955,#12963,#12959));
#12965=IFCFACEOUTERBOUND(#12964,.T.);
#12966=IFCFACE((#12965));
#12967=IFCCARTESIANPOINT((-0.007789731831871905,-1749.260232925415,869.27353935241706));
#12968=IFCPOLYLOOP((#12959,#12963,#12967));
#12969=IFCFACEOUTERBOUND(#12968,.T.);
#12970=IFCFACE((#12969));
#12971=IFCCARTESIANPOINT((-0.007789731831871905,-1750.4091453552246,909.08375473022465));
#12972=IFCPOLYLOOP((#12967,#12963,#12971));
#12973=IFCFACEOUTERBOUND(#12972,.T.);
#12974=IFCFACE((#12973));
#12975=IFCCARTESIANPOINT((-0.007789731831871905,-1750.9987895965576,940.51911792755129));
#12976=IFCPOLYLOOP((#12971,#12963,#12975));
#12977=IFCFACEOUTERBOUND(#12976,.T.);
#12978=IFCFACE((#12977));
#12979=IFCCARTESIANPOINT((-0.007789731831871905,-1491.8630081176759,668.16401252746584));
#12980=IFCPOLYLOOP((#12963,#12979,#12975));
#12981=IFCFACEOUTERBOUND(#12980,.T.);
#12982=IFCFACE((#12981));
#12983=IFCCARTESIANPOINT((-0.007789731831871905,-1751.2147647857666,961.15492229461677));
#12984=IFCPOLYLOOP((#12975,#12979,#12983));
#12985=IFCFACEOUTERBOUND(#12984,.T.);
#12986=IFCFACE((#12985));
#12987=IFCCARTESIANPOINT((-0.007789731831871905,-1465.7955585479738,665.12168369293215));
#12988=IFCPOLYLOOP((#12979,#12987,#12983));
#12989=IFCFACEOUTERBOUND(#12988,.T.);
#12990=IFCFACE((#12989));
#12991=IFCCARTESIANPOINT((-0.007789731831871905,-1751.2479022979737,968.57147541046152));
#12992=IFCPOLYLOOP((#12983,#12987,#12991));
#12993=IFCFACEOUTERBOUND(#12992,.T.);
#12994=IFCFACE((#12993));
#12995=IFCCARTESIANPOINT((-0.007789731831871905,-1438.055827331543,660.77798080444336));
#12996=IFCPOLYLOOP((#12987,#12995,#12991));
#12997=IFCFACEOUTERBOUND(#12996,.T.);
#12998=IFCFACE((#12997));
#12999=IFCCARTESIANPOINT((-0.007789731831871905,-1752.0535217285158,973.44130897521973));
#13000=IFCPOLYLOOP((#12991,#12995,#12999));
#13001=IFCFACEOUTERBOUND(#13000,.T.);
#13002=IFCFACE((#13001));
#13003=IFCPOLYLOOP((#12995,#12777,#12999));
#13004=IFCFACEOUTERBOUND(#13003,.T.);
#13005=IFCFACE((#13004));
#13006=IFCPOLYLOOP((#12777,#11609,#12999));
#13007=IFCFACEOUTERBOUND(#13006,.T.);
#13008=IFCFACE((#13007));
#13009=IFCCARTESIANPOINT((-0.007789731831871905,-1755.0959232330322,986.69355239868173));
#13010=IFCPOLYLOOP((#12999,#11609,#13009));
#13011=IFCFACEOUTERBOUND(#13010,.T.);
#13012=IFCFACE((#13011));
#13013=IFCCARTESIANPOINT((-0.007789731831871905,-1761.3001956939697,1006.2720811843873));
#13014=IFCPOLYLOOP((#13009,#11609,#13013));
#13015=IFCFACEOUTERBOUND(#13014,.T.);
#13016=IFCFACE((#13015));
#13017=IFCCARTESIANPOINT((-0.0078979306679684679,-1771.6040725708008,1030.1358135223388));
#13018=IFCPOLYLOOP((#13013,#11609,#13017));
#13019=IFCFACEOUTERBOUND(#13018,.T.);
#13020=IFCFACE((#13019));
#13021=IFCCARTESIANPOINT((-0.0078979306679684679,-1786.9329334259035,1056.2310956954957));
#13022=IFCPOLYLOOP((#13017,#11609,#13021));
#13023=IFCFACEOUTERBOUND(#13022,.T.);
#13024=IFCFACE((#13023));
#13025=IFCPOLYLOOP((#11609,#12773,#13021));
#13026=IFCFACEOUTERBOUND(#13025,.T.);
#13027=IFCFACE((#13026));
#13028=IFCCARTESIANPOINT((-0.0078979306679684679,-1808.2194248199464,1082.5145204544067));
#13029=IFCPOLYLOOP((#13021,#12773,#13028));
#13030=IFCFACEOUTERBOUND(#13029,.T.);
#13031=IFCFACE((#13030));
#13032=IFCCARTESIANPOINT((-0.0078979306679684679,-1836.3963386535645,1106.9348321914674));
#13033=IFCPOLYLOOP((#13028,#12773,#13032));
#13034=IFCFACEOUTERBOUND(#13033,.T.);
#13035=IFCFACE((#13034));
#13036=IFCCARTESIANPOINT((-0.0078979306679684679,-1865.8441051483155,1133.1572141647339));
#13037=IFCPOLYLOOP((#13032,#12773,#13036));
#13038=IFCFACEOUTERBOUND(#13037,.T.);
#13039=IFCFACE((#13038));
#13040=IFCCARTESIANPOINT((-0.0078979306679684679,-1890.8235397338867,1165.5228258132936));
#13041=IFCPOLYLOOP((#13036,#12773,#13040));
#13042=IFCFACEOUTERBOUND(#13041,.T.);
#13043=IFCFACE((#13042));
#13044=IFCCARTESIANPOINT((-0.0078979306679684679,-1912.0795097351074,1203.0073837280274));
#13045=IFCPOLYLOOP((#13040,#12773,#13044));
#13046=IFCFACEOUTERBOUND(#13045,.T.);
#13047=IFCFACE((#13046));
#13048=IFCCARTESIANPOINT((-0.0078979306679684679,-1930.3567371368408,1244.586531829834));
#13049=IFCPOLYLOOP((#13044,#12773,#13048));
#13050=IFCFACEOUTERBOUND(#13049,.T.);
#13051=IFCFACE((#13050));
#13052=IFCCARTESIANPOINT((-0.0078979306679684679,-1946.3996532440187,1289.2410736083984));
#13053=IFCPOLYLOOP((#13048,#12773,#13052));
#13054=IFCFACEOUTERBOUND(#13053,.T.);
#13055=IFCFACE((#13054));
#13056=IFCCARTESIANPOINT((-0.0078979306679684679,-1960.9507999420166,1335.9417114257812));
#13057=IFCPOLYLOOP((#13052,#12773,#13056));
#13058=IFCFACEOUTERBOUND(#13057,.T.);
#13059=IFCFACE((#13058));
#13060=IFCCARTESIANPOINT((-0.0078979306679684679,-1974.7596954345704,1383.6667053222657));
#13061=IFCPOLYLOOP((#13056,#12773,#13060));
#13062=IFCFACEOUTERBOUND(#13061,.T.);
#13063=IFCFACE((#13062));
#13064=IFCCARTESIANPOINT((-0.0078979306679684679,-1977.3368637084961,1395.0228435516358));
#13065=IFCPOLYLOOP((#13060,#12773,#13064));
#13066=IFCFACEOUTERBOUND(#13065,.T.);
#13067=IFCFACE((#13066));
#13068=IFCCARTESIANPOINT((-0.0078979306679684679,-1981.6806392669678,1406.1019638061523));
#13069=IFCPOLYLOOP((#13064,#12773,#13068));
#13070=IFCFACEOUTERBOUND(#13069,.T.);
#13071=IFCFACE((#13070));
#13072=IFCCARTESIANPOINT((-0.0078979306679684679,-1989.5622802734376,1416.6219612121583));
#13073=IFCPOLYLOOP((#13068,#12773,#13072));
#13074=IFCFACEOUTERBOUND(#13073,.T.);
#13075=IFCFACE((#13074));
#13076=IFCCARTESIANPOINT((-0.0081143028364749625,2165.9897380828857,5558.4008377075197));
#13077=IFCPOLYLOOP((#12067,#13076,#12707));
#13078=IFCFACEOUTERBOUND(#13077,.T.);
#13079=IFCFACE((#13078));
#13080=IFCCARTESIANPOINT((-0.0078979306679684679,-2347.2513484954834,1830.8783615112307));
#13081=IFCPOLYLOOP((#12243,#13080,#12239));
#13082=IFCFACEOUTERBOUND(#13081,.T.);
#13083=IFCFACE((#13082));
#13084=IFCCARTESIANPOINT((-0.007789731831871905,3217.0408447265627,2624.5270111083987));
#13085=IFCPOLYLOOP((#12174,#11993,#13084));
#13086=IFCFACEOUTERBOUND(#13085,.T.);
#13087=IFCFACE((#13086));
#13088=IFCCARTESIANPOINT((-0.0081143028364749625,2723.3218528747561,5247.6564331054688));
#13089=IFCPOLYLOOP((#12707,#13076,#13088));
#13090=IFCFACEOUTERBOUND(#13089,.T.);
#13091=IFCFACE((#13090));
#13092=IFCCARTESIANPOINT((-0.007681532995775342,2824.6072402954101,1043.7565664291383));
#13093=IFCPOLYLOOP((#12649,#12575,#13092));
#13094=IFCFACEOUTERBOUND(#13093,.T.);
#13095=IFCFACE((#13094));
#13096=IFCCARTESIANPOINT((-0.0078979306679684679,-2002.751010131836,1426.303201675415));
#13097=IFCPOLYLOOP((#13072,#12773,#13096));
#13098=IFCFACEOUTERBOUND(#13097,.T.);
#13099=IFCFACE((#13098));
#13100=IFCPOLYLOOP((#12703,#12695,#12271));
#13101=IFCFACEOUTERBOUND(#13100,.T.);
#13102=IFCFACE((#13101));
#13103=IFCPOLYLOOP((#12271,#12695,#12275));
#13104=IFCFACEOUTERBOUND(#13103,.T.);
#13105=IFCFACE((#13104));
#13106=IFCCARTESIANPOINT((-0.007681532995775342,2738.9784553527834,912.49720916748049));
#13107=IFCPOLYLOOP((#12695,#13106,#12275));
#13108=IFCFACEOUTERBOUND(#13107,.T.);
#13109=IFCFACE((#13108));
#13110=IFCCARTESIANPOINT((-0.007681532995775342,2749.3993309020998,932.04768733978278));
#13111=IFCPOLYLOOP((#13106,#13110,#12275));
#13112=IFCFACEOUTERBOUND(#13111,.T.);
#13113=IFCFACE((#13112));
#13114=IFCCARTESIANPOINT((-0.007681532995775342,2133.6265972137453,702.48415603637693));
#13115=IFCPOLYLOOP((#12275,#13110,#13114));
#13116=IFCFACEOUTERBOUND(#13115,.T.);
#13117=IFCFACE((#13116));
#13118=IFCCARTESIANPOINT((-0.007681532995775342,2762.056697845459,953.82978801727302));
#13119=IFCPOLYLOOP((#13110,#13118,#13114));
#13120=IFCFACEOUTERBOUND(#13119,.T.);
#13121=IFCFACE((#13120));
#13122=IFCCARTESIANPOINT((-0.007681532995775342,1973.9742782592775,745.05713882446287));
#13123=IFCPOLYLOOP((#13114,#13118,#13122));
#13124=IFCFACEOUTERBOUND(#13123,.T.);
#13125=IFCFACE((#13124));
#13126=IFCCARTESIANPOINT((-0.007681532995775342,2778.069383239746,978.96691646575937));
#13127=IFCPOLYLOOP((#13118,#13126,#13122));
#13128=IFCFACEOUTERBOUND(#13127,.T.);
#13129=IFCFACE((#13128));
#13130=IFCCARTESIANPOINT((-0.007681532995775342,2798.555051422119,1008.5696880340577));
#13131=IFCPOLYLOOP((#13126,#13130,#13122));
#13132=IFCFACEOUTERBOUND(#13131,.T.);
#13133=IFCFACE((#13132));
#13134=IFCCARTESIANPOINT((-0.007681532995775342,1938.4138034820558,756.97247257232664));
#13135=IFCPOLYLOOP((#13122,#13130,#13134));
#13136=IFCFACEOUTERBOUND(#13135,.T.);
#13137=IFCFACE((#13136));
#13138=IFCCARTESIANPOINT((-0.007681532995775342,1904.5282264709474,773.91526107788093));
#13139=IFCPOLYLOOP((#13134,#13130,#13138));
#13140=IFCFACEOUTERBOUND(#13139,.T.);
#13141=IFCFACE((#13140));
#13142=IFCCARTESIANPOINT((-0.007681532995775342,1872.0380584716797,795.04667472839355));
#13143=IFCPOLYLOOP((#13138,#13130,#13142));
#13144=IFCFACEOUTERBOUND(#13143,.T.);
#13145=IFCFACE((#13144));
#13146=IFCCARTESIANPOINT((-0.007681532995775342,1840.6662815093996,819.53057270050056));
#13147=IFCPOLYLOOP((#13142,#13130,#13146));
#13148=IFCFACEOUTERBOUND(#13147,.T.);
#13149=IFCFACE((#13148));
#13150=IFCCARTESIANPOINT((-0.007681532995775342,1810.1332614898681,846.5281980514527));
#13151=IFCPOLYLOOP((#13146,#13130,#13150));
#13152=IFCFACEOUTERBOUND(#13151,.T.);
#13153=IFCFACE((#13152));
#13154=IFCCARTESIANPOINT((-0.007681532995775342,1780.156748199463,875.19817771911619));
#13155=IFCPOLYLOOP((#13150,#13130,#13154));
#13156=IFCFACEOUTERBOUND(#13155,.T.);
#13157=IFCFACE((#13156));
#13158=IFCCARTESIANPOINT((-0.007681532995775342,1750.4600143432617,904.7095304489136));
#13159=IFCPOLYLOOP((#13154,#13130,#13158));
#13160=IFCFACEOUTERBOUND(#13159,.T.);
#13161=IFCFACE((#13160));
#13162=IFCCARTESIANPOINT((-0.007681532995775342,1736.7451538085938,925.25129985809326));
#13163=IFCPOLYLOOP((#13158,#13130,#13162));
#13164=IFCFACEOUTERBOUND(#13163,.T.);
#13165=IFCFACE((#13164));
#13166=IFCCARTESIANPOINT((-0.007681532995775342,1722.8446941375732,945.88710422515874));
#13167=IFCPOLYLOOP((#13162,#13130,#13166));
#13168=IFCFACEOUTERBOUND(#13167,.T.);
#13169=IFCFACE((#13168));
#13170=IFCCARTESIANPOINT((-0.007681532995775342,1708.5707107543947,966.70843505859375));
#13171=IFCPOLYLOOP((#13166,#13130,#13170));
#13172=IFCFACEOUTERBOUND(#13171,.T.);
#13173=IFCFACE((#13172));
#13174=IFCCARTESIANPOINT((-0.007789731831871905,1693.7374591827393,987.80939998626718));
#13175=IFCPOLYLOOP((#13170,#13130,#13174));
#13176=IFCFACEOUTERBOUND(#13175,.T.);
#13177=IFCFACE((#13176));
#13178=IFCCARTESIANPOINT((-0.007789731831871905,1678.1596309661866,1009.2839612960815));
#13179=IFCPOLYLOOP((#13174,#13130,#13178));
#13180=IFCFACEOUTERBOUND(#13179,.T.);
#13181=IFCFACE((#13180));
#13182=IFCPOLYLOOP((#13130,#13092,#13178));
#13183=IFCFACEOUTERBOUND(#13182,.T.);
#13184=IFCFACE((#13183));
#13185=IFCPOLYLOOP((#13092,#12575,#13178));
#13186=IFCFACEOUTERBOUND(#13185,.T.);
#13187=IFCFACE((#13186));
#13188=IFCCARTESIANPOINT((-0.007789731831871905,1661.651481628418,1031.2210670471193));
#13189=IFCPOLYLOOP((#13178,#12575,#13188));
#13190=IFCFACEOUTERBOUND(#13189,.T.);
#13191=IFCFACE((#13190));
#13192=IFCCARTESIANPOINT((-0.007789731831871905,1644.0275573730469,1053.7173683166504));
#13193=IFCPOLYLOOP((#13188,#12575,#13192));
#13194=IFCFACEOUTERBOUND(#13193,.T.);
#13195=IFCFACE((#13194));
#13196=IFCCARTESIANPOINT((-0.007789731831871905,1629.0393733978271,1079.9397502899171));
#13197=IFCPOLYLOOP((#13192,#12575,#13196));
#13198=IFCFACEOUTERBOUND(#13197,.T.);
#13199=IFCFACE((#13198));
#13200=IFCCARTESIANPOINT((-0.007789731831871905,1617.9602531433106,1111.0015171051025));
#13201=IFCPOLYLOOP((#13196,#12575,#13200));
#13202=IFCFACEOUTERBOUND(#13201,.T.);
#13203=IFCFACE((#13202));
#13204=IFCCARTESIANPOINT((-0.007789731831871905,1606.883603668213,1143.923780822754));
#13205=IFCPOLYLOOP((#13200,#12575,#13204));
#13206=IFCFACEOUTERBOUND(#13205,.T.);
#13207=IFCFACE((#13206));
#13208=IFCCARTESIANPOINT((-0.007789731831871905,1591.8954196929933,1175.7301969528198));
#13209=IFCPOLYLOOP((#13204,#12575,#13208));
#13210=IFCFACEOUTERBOUND(#13209,.T.);
#13211=IFCFACE((#13210));
#13212=IFCCARTESIANPOINT((-0.007789731831871905,1569.0864921569826,1203.4420228958131));
#13213=IFCPOLYLOOP((#13208,#12575,#13212));
#13214=IFCFACEOUTERBOUND(#13213,.T.);
#13215=IFCFACE((#13214));
#13216=IFCCARTESIANPOINT((-0.007789731831871905,3045.7579856872558,2000.6161113739015));
#13217=IFCPOLYLOOP((#12575,#13216,#13212));
#13218=IFCFACEOUTERBOUND(#13217,.T.);
#13219=IFCFACE((#13218));
#13220=IFCCARTESIANPOINT((-0.007789731831871905,1534.5502281188965,1224.0752838134765));
#13221=IFCPOLYLOOP((#13212,#13216,#13220));
#13222=IFCFACEOUTERBOUND(#13221,.T.);
#13223=IFCFACE((#13222));
#13224=IFCCARTESIANPOINT((-0.007789731831871905,3054.7806907653808,2026.7749797821045));
#13225=IFCPOLYLOOP((#13216,#13224,#13220));
#13226=IFCFACEOUTERBOUND(#13225,.T.);
#13227=IFCFACE((#13226));
#13228=IFCCARTESIANPOINT((-0.007789731831871905,1484.3752384185791,1234.658794784546));
#13229=IFCPOLYLOOP((#13220,#13224,#13228));
#13230=IFCFACEOUTERBOUND(#13229,.T.);
#13231=IFCFACE((#13230));
#13232=IFCCARTESIANPOINT((-0.007789731831871905,3072.6996551513671,2057.9611576080324));
#13233=IFCPOLYLOOP((#13224,#13232,#13228));
#13234=IFCFACEOUTERBOUND(#13233,.T.);
#13235=IFCFACE((#13234));
#13236=IFCCARTESIANPOINT((-0.007789731831871905,1424.6713245391845,1235.588970565796));
#13237=IFCPOLYLOOP((#13228,#13232,#13236));
#13238=IFCFACEOUTERBOUND(#13237,.T.);
#13239=IFCFACE((#13238));
#13240=IFCPOLYLOOP((#13232,#12116,#13236));
#13241=IFCFACEOUTERBOUND(#13240,.T.);
#13242=IFCFACE((#13241));
#13243=IFCPOLYLOOP((#12116,#12115,#13236));
#13244=IFCFACEOUTERBOUND(#13243,.T.);
#13245=IFCFACE((#13244));
#13246=IFCCARTESIANPOINT((-0.007789731831871905,3118.5259277343753,2236.9454360961913));
#13247=IFCPOLYLOOP((#12115,#13246,#13236));
#13248=IFCFACEOUTERBOUND(#13247,.T.);
#13249=IFCFACE((#13248));
#13250=IFCCARTESIANPOINT((-0.007789731831871905,3115.3740852355959,2288.7345714569092));
#13251=IFCPOLYLOOP((#13246,#13250,#13236));
#13252=IFCFACEOUTERBOUND(#13251,.T.);
#13253=IFCFACE((#13252));
#13254=IFCCARTESIANPOINT((-0.007789731831871905,3111.3583419799807,2337.7328887939452));
#13255=IFCPOLYLOOP((#13250,#13254,#13236));
#13256=IFCFACEOUTERBOUND(#13255,.T.);
#13257=IFCFACE((#13256));
#13258=IFCCARTESIANPOINT((-0.007789731831871905,3106.2496421813967,2383.0075962066653));
#13259=IFCPOLYLOOP((#13254,#13258,#13236));
#13260=IFCFACEOUTERBOUND(#13259,.T.);
#13261=IFCFACE((#13260));
#13262=IFCCARTESIANPOINT((-0.007789731831871905,3099.7427719116213,2423.6260471343994));
#13263=IFCPOLYLOOP((#13258,#13262,#13236));
#13264=IFCFACEOUTERBOUND(#13263,.T.);
#13265=IFCFACE((#13264));
#13266=IFCCARTESIANPOINT((-0.007789731831871905,3091.5333892822268,2458.6577751159671));
#13267=IFCPOLYLOOP((#13262,#13266,#13236));
#13268=IFCFACEOUTERBOUND(#13267,.T.);
#13269=IFCFACE((#13268));
#13270=IFCCARTESIANPOINT((-0.007789731831871905,3085.5096290588381,2487.4853759765624));
#13271=IFCPOLYLOOP((#13266,#13270,#13236));
#13272=IFCFACEOUTERBOUND(#13271,.T.);
#13273=IFCFACE((#13272));
#13274=IFCCARTESIANPOINT((-0.007789731831871905,3085.0773880004886,2510.7290153503418));
#13275=IFCPOLYLOOP((#13270,#13274,#13236));
#13276=IFCFACEOUTERBOUND(#13275,.T.);
#13277=IFCFACE((#13276));
#13278=IFCCARTESIANPOINT((-0.007789731831871905,3089.2966072082522,2529.3162528991702));
#13279=IFCPOLYLOOP((#13274,#13278,#13236));
#13280=IFCFACEOUTERBOUND(#13279,.T.);
#13281=IFCFACE((#13280));
#13282=IFCCARTESIANPOINT((-0.007789731831871905,1365.1556259155275,1230.3760620117189));
#13283=IFCPOLYLOOP((#13236,#13278,#13282));
#13284=IFCFACEOUTERBOUND(#13283,.T.);
#13285=IFCFACE((#13284));
#13286=IFCCARTESIANPOINT((-0.007789731831871905,1307.3123542785645,1220.694821548462));
#13287=IFCPOLYLOOP((#13282,#13278,#13286));
#13288=IFCFACEOUTERBOUND(#13287,.T.);
#13289=IFCFACE((#13288));
#13290=IFCCARTESIANPOINT((-0.007789731831871905,3097.2519355773925,2544.1848220825195));
#13291=IFCPOLYLOOP((#13278,#13290,#13286));
#13292=IFCFACEOUTERBOUND(#13291,.T.);
#13293=IFCFACE((#13292));
#13294=IFCPOLYLOOP((#12247,#13088,#12189));
#13295=IFCFACEOUTERBOUND(#13294,.T.);
#13296=IFCFACE((#13295));
#13297=IFCPOLYLOOP((#13088,#13076,#12189));
#13298=IFCFACEOUTERBOUND(#13297,.T.);
#13299=IFCFACE((#13298));
#13300=IFCCARTESIANPOINT((-0.0081143028364749625,2124.9367206573488,5565.3393676757814));
#13301=IFCPOLYLOOP((#13076,#13300,#12189));
#13302=IFCFACEOUTERBOUND(#13301,.T.);
#13303=IFCFACE((#13302));
#13304=IFCCARTESIANPOINT((-0.0080061040003784004,2923.6561363220217,4417.3949020385744));
#13305=IFCPOLYLOOP((#12189,#13300,#13304));
#13306=IFCFACEOUTERBOUND(#13305,.T.);
#13307=IFCFACE((#13306));
#13308=IFCCARTESIANPOINT((-0.0081143028364749625,2093.6589786529544,5576.0142974853516));
#13309=IFCPOLYLOOP((#13300,#13308,#13304));
#13310=IFCFACEOUTERBOUND(#13309,.T.);
#13311=IFCFACE((#13310));
#13312=IFCCARTESIANPOINT((-0.0080061040003784004,2929.2476554870605,4388.4705047607422));
#13313=IFCPOLYLOOP((#13304,#13308,#13312));
#13314=IFCFACEOUTERBOUND(#13313,.T.);
#13315=IFCFACE((#13314));
#13316=IFCCARTESIANPOINT((-0.0081143028364749625,2070.1993640899659,5589.6634643554689));
#13317=IFCPOLYLOOP((#13308,#13316,#13312));
#13318=IFCFACEOUTERBOUND(#13317,.T.);
#13319=IFCFACE((#13318));
#13320=IFCCARTESIANPOINT((-0.007789731831871905,1252.6385112762453,1208.2203649520875));
#13321=IFCPOLYLOOP((#13286,#13290,#13320));
#13322=IFCFACEOUTERBOUND(#13321,.T.);
#13323=IFCFACE((#13322));
#13324=IFCCARTESIANPOINT((-0.0080061040003784004,-2683.2397064208985,2942.8203735351562));
#13325=IFCCARTESIANPOINT((-0.0080061040003784004,-2657.1875175476075,2913.0826538085939));
#13326=IFCCARTESIANPOINT((-0.0080061040003784004,-2698.5149368286134,2990.8322685241701));
#13327=IFCPOLYLOOP((#13324,#13325,#13326));
#13328=IFCFACEOUTERBOUND(#13327,.T.);
#13329=IFCFACE((#13328));
#13330=IFCCARTESIANPOINT((-0.0080061040003784004,-2622.5445739746096,2895.0369529724121));
#13331=IFCPOLYLOOP((#13325,#13330,#13326));
#13332=IFCFACEOUTERBOUND(#13331,.T.);
#13333=IFCFACE((#13332));
#13334=IFCCARTESIANPOINT((-0.0080061040003784004,-2699.6587623596192,3045.3513244628907));
#13335=IFCPOLYLOOP((#13326,#13330,#13334));
#13336=IFCFACEOUTERBOUND(#13335,.T.);
#13337=IFCFACE((#13336));
#13338=IFCCARTESIANPOINT((-0.0080061040003784004,-2581.5982360839844,2882.2269790649416));
#13339=IFCPOLYLOOP((#13330,#13338,#13334));
#13340=IFCFACEOUTERBOUND(#13339,.T.);
#13341=IFCFACE((#13340));
#13342=IFCCARTESIANPOINT((-0.0080061040003784004,-2689.4666519165039,3092.0670776367188));
#13343=IFCPOLYLOOP((#13334,#13338,#13342));
#13344=IFCFACEOUTERBOUND(#13343,.T.);
#13345=IFCFACE((#13344));
#13346=IFCCARTESIANPOINT((-0.0080061040003784004,-2674.7759788513185,3133.5471038818359));
#13347=IFCPOLYLOOP((#13342,#13338,#13346));
#13348=IFCFACEOUTERBOUND(#13347,.T.);
#13349=IFCFACE((#13348));
#13350=IFCCARTESIANPOINT((-0.0080061040003784004,-2536.5370330810547,2868.0952835083008));
#13351=IFCPOLYLOOP((#13338,#13350,#13346));
#13352=IFCFACEOUTERBOUND(#13351,.T.);
#13353=IFCFACE((#13352));
#13354=IFCCARTESIANPOINT((-0.0081143028364749625,-2662.5249824523926,3172.4345558166506));
#13355=IFCPOLYLOOP((#13346,#13350,#13354));
#13356=IFCFACEOUTERBOUND(#13355,.T.);
#13357=IFCFACE((#13356));
#13358=IFCCARTESIANPOINT((-0.0080061040003784004,-2489.6204200744628,2846.1605758666992));
#13359=IFCPOLYLOOP((#13350,#13358,#13354));
#13360=IFCFACEOUTERBOUND(#13359,.T.);
#13361=IFCFACE((#13360));
#13362=IFCPOLYLOOP((#13354,#13358,#12925));
#13363=IFCFACEOUTERBOUND(#13362,.T.);
#13364=IFCFACE((#13363));
#13365=IFCPOLYLOOP((#12925,#13358,#12929));
#13366=IFCFACEOUTERBOUND(#13365,.T.);
#13367=IFCFACE((#13366));
#13368=IFCCARTESIANPOINT((-0.0080061040003784004,-2443.0747146606445,2809.8909873962402));
#13369=IFCPOLYLOOP((#13358,#13368,#12929));
#13370=IFCFACEOUTERBOUND(#13369,.T.);
#13371=IFCFACE((#13370));
#13372=IFCCARTESIANPOINT((-0.0080061040003784004,-2402.9825397491454,2766.8351852416995));
#13373=IFCPOLYLOOP((#13368,#13372,#12929));
#13374=IFCFACEOUTERBOUND(#13373,.T.);
#13375=IFCFACE((#13374));
#13376=IFCCARTESIANPOINT((-0.0080061040003784004,-2372.5714599609378,2725.9905853271484));
#13377=IFCPOLYLOOP((#13372,#13376,#12929));
#13378=IFCFACEOUTERBOUND(#13377,.T.);
#13379=IFCFACE((#13378));
#13380=IFCCARTESIANPOINT((-0.0080061040003784004,-2349.795524597168,2683.1126792907717));
#13381=IFCPOLYLOOP((#13376,#13380,#12929));
#13382=IFCFACEOUTERBOUND(#13381,.T.);
#13383=IFCFACE((#13382));
#13384=IFCCARTESIANPOINT((-0.0082225016725715246,-1798.9727508544922,5489.2672668457035));
#13385=IFCPOLYLOOP((#12929,#13380,#13384));
#13386=IFCFACEOUTERBOUND(#13385,.T.);
#13387=IFCFACE((#13386));
#13388=IFCCARTESIANPOINT((-0.0080061040003784004,-2332.6036960601809,2633.8805099487304));
#13389=IFCPOLYLOOP((#13380,#13388,#13384));
#13390=IFCFACEOUTERBOUND(#13389,.T.);
#13391=IFCFACE((#13390));
#13392=IFCCARTESIANPOINT((-0.0082225016725715246,-1761.1781101226807,5533.1366821289066));
#13393=IFCPOLYLOOP((#13384,#13388,#13392));
#13394=IFCFACEOUTERBOUND(#13393,.T.);
#13395=IFCFACE((#13394));
#13396=IFCCARTESIANPOINT((-0.0082225016725715246,-1725.2441116333009,5577.386888122559));
#13397=IFCPOLYLOOP((#13392,#13388,#13396));
#13398=IFCFACEOUTERBOUND(#13397,.T.);
#13399=IFCFACE((#13398));
#13400=IFCCARTESIANPOINT((-0.0082225016725715246,-1693.4071014404296,5618.2826477050785));
#13401=IFCPOLYLOOP((#13396,#13388,#13400));
#13402=IFCFACEOUTERBOUND(#13401,.T.);
#13403=IFCFACE((#13402));
#13404=IFCCARTESIANPOINT((-0.0080061040003784004,-2318.9524944305422,2574.0495689392092));
#13405=IFCPOLYLOOP((#13388,#13404,#13400));
#13406=IFCFACEOUTERBOUND(#13405,.T.);
#13407=IFCFACE((#13406));
#13408=IFCCARTESIANPOINT((-0.0082225016725715246,-1667.8989200592041,5652.1119781494144));
#13409=IFCPOLYLOOP((#13400,#13404,#13408));
#13410=IFCFACEOUTERBOUND(#13409,.T.);
#13411=IFCFACE((#13410));
#13412=IFCCARTESIANPOINT((-0.0082225016725715246,-1650.9562042236328,5675.1396423339847));
#13413=IFCPOLYLOOP((#13408,#13404,#13412));
#13414=IFCFACEOUTERBOUND(#13413,.T.);
#13415=IFCFACE((#13414));
#13416=IFCCARTESIANPOINT((-0.0082225016725715246,-1644.81297454834,5683.6286590576174));
#13417=IFCPOLYLOOP((#13412,#13404,#13416));
#13418=IFCFACEOUTERBOUND(#13417,.T.);
#13419=IFCFACE((#13418));
#13420=IFCCARTESIANPOINT((-0.0082225016725715246,-1591.1913928985596,5874.6606033325197));
#13421=IFCCARTESIANPOINT((-0.0082225016725715246,-1619.2107582092285,5840.3481628417967));
#13422=IFCCARTESIANPOINT((-0.0082225016725715246,-1549.0199844360352,5896.4935729980471));
#13423=IFCPOLYLOOP((#13420,#13421,#13422));
#13424=IFCFACEOUTERBOUND(#13423,.T.);
#13425=IFCFACE((#13424));
#13426=IFCCARTESIANPOINT((-0.0082225016725715246,-1635.8764560699462,5799.3256668090826));
#13427=IFCPOLYLOOP((#13421,#13426,#13422));
#13428=IFCFACEOUTERBOUND(#13427,.T.);
#13429=IFCFACE((#13428));
#13430=IFCCARTESIANPOINT((-0.0082225016725715246,-1500.0851806640626,5910.8031646728514));
#13431=IFCPOLYLOOP((#13422,#13426,#13430));
#13432=IFCFACEOUTERBOUND(#13431,.T.);
#13433=IFCFACE((#13432));
#13434=IFCCARTESIANPOINT((-0.0082225016725715246,-1643.9742176055909,5757.3625305175783));
#13435=IFCPOLYLOOP((#13426,#13434,#13430));
#13436=IFCFACEOUTERBOUND(#13435,.T.);
#13437=IFCFACE((#13436));
#13438=IFCCARTESIANPOINT((-0.0082225016725715246,-1646.3024185180664,5720.2543304443361));
#13439=IFCPOLYLOOP((#13434,#13438,#13430));
#13440=IFCFACEOUTERBOUND(#13439,.T.);
#13441=IFCFACE((#13440));
#13442=IFCCARTESIANPOINT((-0.0082225016725715246,-1645.6517314910889,5693.7443206787111));
#13443=IFCPOLYLOOP((#13438,#13442,#13430));
#13444=IFCFACEOUTERBOUND(#13443,.T.);
#13445=IFCFACE((#13444));
#13446=IFCPOLYLOOP((#13442,#13416,#13430));
#13447=IFCFACEOUTERBOUND(#13446,.T.);
#13448=IFCFACE((#13447));
#13449=IFCCARTESIANPOINT((-0.0082225016725715246,-1453.3846881866455,5926.2307113647466));
#13450=IFCPOLYLOOP((#13430,#13416,#13449));
#13451=IFCFACEOUTERBOUND(#13450,.T.);
#13452=IFCFACE((#13451));
#13453=IFCCARTESIANPOINT((-0.0082225016725715246,-1408.5445472717286,5942.573899841309));
#13454=IFCPOLYLOOP((#13449,#13416,#13453));
#13455=IFCFACEOUTERBOUND(#13454,.T.);
#13456=IFCFACE((#13455));
#13457=IFCPOLYLOOP((#13416,#13404,#13453));
#13458=IFCFACEOUTERBOUND(#13457,.T.);
#13459=IFCFACE((#13458));
#13460=IFCCARTESIANPOINT((-0.0082225016725715246,-1365.1963211059572,5959.6792510986334));
#13461=IFCPOLYLOOP((#13453,#13404,#13460));
#13462=IFCFACEOUTERBOUND(#13461,.T.);
#13463=IFCFACE((#13462));
#13464=IFCCARTESIANPOINT((-0.0082225016725715246,-1322.964015197754,5977.3438705444341));
#13465=IFCPOLYLOOP((#13460,#13404,#13464));
#13466=IFCFACEOUTERBOUND(#13465,.T.);
#13467=IFCFACE((#13466));
#13468=IFCCARTESIANPOINT((-0.0082225016725715246,-1281.4762859344482,5995.3642822265629));
#13469=IFCPOLYLOOP((#13464,#13404,#13468));
#13470=IFCFACEOUTERBOUND(#13469,.T.);
#13471=IFCFACE((#13470));
#13472=IFCCARTESIANPOINT((-0.0082225016725715246,-1240.3597549438477,6013.58816986084));
#13473=IFCPOLYLOOP((#13468,#13404,#13472));
#13474=IFCFACEOUTERBOUND(#13473,.T.);
#13475=IFCFACE((#13474));
#13476=IFCCARTESIANPOINT((-0.0082225016725715246,-1172.2176206588745,6033.692756652832));
#13477=IFCPOLYLOOP((#13472,#13404,#13476));
#13478=IFCFACEOUTERBOUND(#13477,.T.);
#13479=IFCFACE((#13478));
#13480=IFCCARTESIANPOINT((-0.0082225016725715246,-1105.7479133605957,6051.2812179565435));
#13481=IFCPOLYLOOP((#13476,#13404,#13480));
#13482=IFCFACEOUTERBOUND(#13481,.T.);
#13483=IFCFACE((#13482));
#13484=IFCCARTESIANPOINT((-0.0082225016725715246,-1042.6331611633302,6063.8624267578125));
#13485=IFCPOLYLOOP((#13480,#13404,#13484));
#13486=IFCFACEOUTERBOUND(#13485,.T.);
#13487=IFCFACE((#13486));
#13488=IFCCARTESIANPOINT((-0.0082225016725715246,-984.54332027435305,6068.8696792602541));
#13489=IFCPOLYLOOP((#13484,#13404,#13488));
#13490=IFCFACEOUTERBOUND(#13489,.T.);
#13491=IFCFACE((#13490));
#13492=IFCCARTESIANPOINT((-0.0082225016725715246,-933.15590457916267,6063.8624267578125));
#13493=IFCPOLYLOOP((#13488,#13404,#13492));
#13494=IFCFACEOUTERBOUND(#13493,.T.);
#13495=IFCFACE((#13494));
#13496=IFCCARTESIANPOINT((-0.0082225016725715246,-890.14828262329104,6046.248385620117));
#13497=IFCPOLYLOOP((#13492,#13404,#13496));
#13498=IFCFACEOUTERBOUND(#13497,.T.);
#13499=IFCFACE((#13498));
#13500=IFCCARTESIANPOINT((-0.0082225016725715246,-857.19302673339848,6013.58816986084));
#13501=IFCPOLYLOOP((#13496,#13404,#13500));
#13502=IFCFACEOUTERBOUND(#13501,.T.);
#13503=IFCFACE((#13502));
#13504=IFCCARTESIANPOINT((-0.0082225016725715246,-837.95510215759282,5978.5385650634771));
#13505=IFCPOLYLOOP((#13500,#13404,#13504));
#13506=IFCFACEOUTERBOUND(#13505,.T.);
#13507=IFCFACE((#13506));
#13508=IFCCARTESIANPOINT((-0.0082225016725715246,-831.00363693237307,5953.5796234130858));
#13509=IFCPOLYLOOP((#13504,#13404,#13508));
#13510=IFCFACEOUTERBOUND(#13509,.T.);
#13511=IFCFACE((#13510));
#13512=IFCCARTESIANPOINT((-0.0082225016725715246,-830.38347129821784,5935.6603683471685));
#13513=IFCPOLYLOOP((#13508,#13404,#13512));
#13514=IFCFACEOUTERBOUND(#13513,.T.);
#13515=IFCFACE((#13514));
#13516=IFCCARTESIANPOINT((-0.0082225016725715246,-830.1369747161865,5921.8594665527344));
#13517=IFCPOLYLOOP((#13512,#13404,#13516));
#13518=IFCFACEOUTERBOUND(#13517,.T.);
#13519=IFCFACE((#13518));
#13520=IFCCARTESIANPOINT((-0.0082225016725715246,-824.30128440856936,5909.1765197753912));
#13521=IFCPOLYLOOP((#13516,#13404,#13520));
#13522=IFCFACEOUTERBOUND(#13521,.T.);
#13523=IFCFACE((#13522));
#13524=IFCCARTESIANPOINT((-0.0082225016725715246,-806.9264728546143,5894.6128738403322));
#13525=IFCPOLYLOOP((#13520,#13404,#13524));
#13526=IFCFACEOUTERBOUND(#13525,.T.);
#13527=IFCFACE((#13526));
#13528=IFCCARTESIANPOINT((-0.0082225016725715246,-772.04713382720945,5875.2198715209961));
#13529=IFCPOLYLOOP((#13524,#13404,#13528));
#13530=IFCFACEOUTERBOUND(#13529,.T.);
#13531=IFCFACE((#13530));
#13532=IFCCARTESIANPOINT((-0.0082225016725715246,-721.0942846298218,5861.4695480346682));
#13533=IFCPOLYLOOP((#13528,#13404,#13532));
#13534=IFCFACEOUTERBOUND(#13533,.T.);
#13535=IFCFACE((#13534));
#13536=IFCCARTESIANPOINT((-0.0082225016725715246,-661.57858600616453,5862.9944549560551));
#13537=IFCPOLYLOOP((#13532,#13404,#13536));
#13538=IFCFACEOUTERBOUND(#13537,.T.);
#13539=IFCFACE((#13538));
#13540=IFCCARTESIANPOINT((-0.0082225016725715246,-596.66179990768433,5875.4995056152347));
#13541=IFCPOLYLOOP((#13536,#13404,#13540));
#13542=IFCFACEOUTERBOUND(#13541,.T.);
#13543=IFCFACE((#13542));
#13544=IFCCARTESIANPOINT((-0.0082225016725715246,-529.51092052459717,5894.7140304565428));
#13545=IFCPOLYLOOP((#13540,#13404,#13544));
#13546=IFCFACEOUTERBOUND(#13545,.T.);
#13547=IFCFACE((#13546));
#13548=IFCCARTESIANPOINT((-0.0082225016725715246,-463.29283304214482,5916.3441055297853));
#13549=IFCPOLYLOOP((#13544,#13404,#13548));
#13550=IFCFACEOUTERBOUND(#13549,.T.);
#13551=IFCFACE((#13550));
#13552=IFCCARTESIANPOINT((-0.0082225016725715246,-401.16937208175659,5936.0929000854494));
#13553=IFCPOLYLOOP((#13548,#13404,#13552));
#13554=IFCFACEOUTERBOUND(#13553,.T.);
#13555=IFCFACE((#13554));
#13556=IFCCARTESIANPOINT((-0.0082225016725715246,-346.30745916366578,5949.7159057617191));
#13557=IFCPOLYLOOP((#13552,#13404,#13556));
#13558=IFCFACEOUTERBOUND(#13557,.T.);
#13559=IFCFACE((#13558));
#13560=IFCCARTESIANPOINT((-0.0082225016725715246,-291.04139213562013,5964.1016555786136));
#13561=IFCPOLYLOOP((#13556,#13404,#13560));
#13562=IFCFACEOUTERBOUND(#13561,.T.);
#13563=IFCFACE((#13562));
#13564=IFCCARTESIANPOINT((-0.0080061040003784004,-2306.7879753112793,2499.3398849487307));
#13565=IFCPOLYLOOP((#13404,#13564,#13560));
#13566=IFCFACEOUTERBOUND(#13565,.T.);
#13567=IFCFACE((#13566));
#13568=IFCCARTESIANPOINT((-0.0082225016725715246,-226.0946478366852,5986.4683135986334));
#13569=IFCPOLYLOOP((#13560,#13564,#13568));
#13570=IFCFACEOUTERBOUND(#13569,.T.);
#13571=IFCFACE((#13570));
#13572=IFCCARTESIANPOINT((-0.0082225016725715246,-152.21036767959595,6013.1306396484379));
#13573=IFCPOLYLOOP((#13568,#13564,#13572));
#13574=IFCFACEOUTERBOUND(#13573,.T.);
#13575=IFCFACE((#13574));
#13576=IFCCARTESIANPOINT((-0.0082225016725715246,-70.134549915790558,6040.3266540527347));
#13577=IFCPOLYLOOP((#13572,#13564,#13576));
#13578=IFCFACEOUTERBOUND(#13577,.T.);
#13579=IFCFACE((#13578));
#13580=IFCCARTESIANPOINT((-0.0082225016725715246,19.388966864347459,6064.3705352783209));
#13581=IFCPOLYLOOP((#13576,#13564,#13580));
#13582=IFCFACEOUTERBOUND(#13581,.T.);
#13583=IFCFACE((#13582));
#13584=IFCCARTESIANPOINT((-0.0082225016725715246,115.61491792201997,6081.5526260375982));
#13585=IFCPOLYLOOP((#13580,#13564,#13584));
#13586=IFCFACEOUTERBOUND(#13585,.T.);
#13587=IFCFACE((#13586));
#13588=IFCCARTESIANPOINT((-0.0082225016725715246,217.79838824272156,6088.084204101563));
#13589=IFCPOLYLOOP((#13584,#13564,#13588));
#13590=IFCFACEOUTERBOUND(#13589,.T.);
#13591=IFCFACE((#13590));
#13592=IFCCARTESIANPOINT((-0.0082225016725715246,315.4210813522339,6090.2195388793943));
#13593=IFCPOLYLOOP((#13588,#13564,#13592));
#13594=IFCFACEOUTERBOUND(#13593,.T.);
#13595=IFCFACE((#13594));
#13596=IFCCARTESIANPOINT((-0.0082225016725715246,400.56951770782473,6094.7942596435551));
#13597=IFCPOLYLOOP((#13592,#13564,#13596));
#13598=IFCFACEOUTERBOUND(#13597,.T.);
#13599=IFCFACE((#13598));
#13600=IFCCARTESIANPOINT((-0.0082225016725715246,476.40783920288089,6098.9881896972656));
#13601=IFCPOLYLOOP((#13596,#13564,#13600));
#13602=IFCFACEOUTERBOUND(#13601,.T.);
#13603=IFCFACE((#13602));
#13604=IFCCARTESIANPOINT((-0.0082225016725715246,546.10293102264404,6100.0049880981451));
#13605=IFCPOLYLOOP((#13600,#13564,#13604));
#13606=IFCFACEOUTERBOUND(#13605,.T.);
#13607=IFCFACE((#13606));
#13608=IFCCARTESIANPOINT((-0.0082225016725715246,612.81666412353513,6095.0738937377928));
#13609=IFCPOLYLOOP((#13604,#13564,#13608));
#13610=IFCFACEOUTERBOUND(#13609,.T.);
#13611=IFCFACE((#13610));
#13612=IFCCARTESIANPOINT((-0.0082225016725715246,679.71846714019773,6081.3747299194338));
#13613=IFCPOLYLOOP((#13608,#13564,#13612));
#13614=IFCFACEOUTERBOUND(#13613,.T.);
#13615=IFCFACE((#13614));
#13616=IFCCARTESIANPOINT((-0.0082225016725715246,749.97275447845459,6056.161152648926));
#13617=IFCPOLYLOOP((#13612,#13564,#13616));
#13618=IFCFACEOUTERBOUND(#13617,.T.);
#13619=IFCFACE((#13618));
#13620=IFCCARTESIANPOINT((-0.0082225016725715246,816.99904117584231,6027.9483398437505));
#13621=IFCPOLYLOOP((#13616,#13564,#13620));
#13622=IFCFACEOUTERBOUND(#13621,.T.);
#13623=IFCFACE((#13622));
#13624=IFCCARTESIANPOINT((-0.0082225016725715246,874.34423274993901,6006.4461639404299));
#13625=IFCPOLYLOOP((#13620,#13564,#13624));
#13626=IFCFACEOUTERBOUND(#13625,.T.);
#13627=IFCFACE((#13626));
#13628=IFCCARTESIANPOINT((-0.0082225016725715246,925.35805206298835,5990.5349258422857));
#13629=IFCPOLYLOOP((#13624,#13564,#13628));
#13630=IFCFACEOUTERBOUND(#13629,.T.);
#13631=IFCFACE((#13630));
#13632=IFCCARTESIANPOINT((-0.0082225016725715246,973.39305610656743,5979.0722534179686));
#13633=IFCPOLYLOOP((#13628,#13564,#13632));
#13634=IFCFACEOUTERBOUND(#13633,.T.);
#13635=IFCFACE((#13634));
#13636=IFCCARTESIANPOINT((-0.0082225016725715246,1021.8016565322877,5970.9896072387701));
#13637=IFCPOLYLOOP((#13632,#13564,#13636));
#13638=IFCFACEOUTERBOUND(#13637,.T.);
#13639=IFCFACE((#13638));
#13640=IFCCARTESIANPOINT((-0.0082225016725715246,1073.9312507629395,5965.1184539794922));
#13641=IFCPOLYLOOP((#13636,#13564,#13640));
#13642=IFCFACEOUTERBOUND(#13641,.T.);
#13643=IFCFACE((#13642));
#13644=IFCCARTESIANPOINT((-0.0080061040003784004,-2294.0644786834719,2405.4403839111328));
#13645=IFCPOLYLOOP((#13564,#13644,#13640));
#13646=IFCFACEOUTERBOUND(#13645,.T.);
#13647=IFCFACE((#13646));
#13648=IFCCARTESIANPOINT((-0.0082225016725715246,1133.1394826889039,5960.365837097168));
#13649=IFCPOLYLOOP((#13640,#13644,#13648));
#13650=IFCFACEOUTERBOUND(#13649,.T.);
#13651=IFCFACE((#13650));
#13652=IFCCARTESIANPOINT((-0.0082225016725715246,1183.9347106933594,5957.5950759887701));
#13653=IFCPOLYLOOP((#13648,#13644,#13652));
#13654=IFCFACEOUTERBOUND(#13653,.T.);
#13655=IFCFACE((#13654));
#13656=IFCCARTESIANPOINT((-0.0080061040003784004,-2289.6571895599368,2321.81438369751));
#13657=IFCPOLYLOOP((#13644,#13656,#13652));
#13658=IFCFACEOUTERBOUND(#13657,.T.);
#13659=IFCFACE((#13658));
#13660=IFCCARTESIANPOINT((-0.0082225016725715246,1216.3003223419189,5957.8241317749025));
#13661=IFCPOLYLOOP((#13652,#13656,#13660));
#13662=IFCFACEOUTERBOUND(#13661,.T.);
#13663=IFCFACE((#13662));
#13664=IFCCARTESIANPOINT((-0.0082225016725715246,1241.7755115509033,5960.0862030029302));
#13665=IFCPOLYLOOP((#13660,#13656,#13664));
#13666=IFCFACEOUTERBOUND(#13665,.T.);
#13667=IFCFACE((#13666));
#13668=IFCCARTESIANPOINT((-0.0082225016725715246,1271.9069572448732,5963.4662292480471));
#13669=IFCPOLYLOOP((#13664,#13656,#13668));
#13670=IFCFACEOUTERBOUND(#13669,.T.);
#13671=IFCFACE((#13670));
#13672=IFCCARTESIANPOINT((-0.0082225016725715246,1318.2365421295167,5967.050312805176));
#13673=IFCPOLYLOOP((#13668,#13656,#13672));
#13674=IFCFACEOUTERBOUND(#13673,.T.);
#13675=IFCFACE((#13674));
#13676=IFCCARTESIANPOINT((-0.0082225016725715246,1392.305712890625,5969.8716522216801));
#13677=IFCPOLYLOOP((#13672,#13656,#13676));
#13678=IFCFACEOUTERBOUND(#13677,.T.);
#13679=IFCFACE((#13678));
#13680=IFCCARTESIANPOINT((-0.0082225016725715246,1505.6617298126221,5971.0151870727541));
#13681=IFCPOLYLOOP((#13676,#13656,#13680));
#13682=IFCFACEOUTERBOUND(#13681,.T.);
#13683=IFCFACE((#13682));
#13684=IFCCARTESIANPOINT((-0.0082225016725715246,1626.9271476745605,5971.345399475098));
#13685=IFCPOLYLOOP((#13680,#13656,#13684));
#13686=IFCFACEOUTERBOUND(#13685,.T.);
#13687=IFCFACE((#13686));
#13688=IFCCARTESIANPOINT((-0.0082225016725715246,1719.8963275909425,5971.1425048828123));
#13689=IFCPOLYLOOP((#13684,#13656,#13688));
#13690=IFCFACEOUTERBOUND(#13689,.T.);
#13691=IFCFACE((#13690));
#13692=IFCCARTESIANPOINT((-0.0082225016725715246,1788.8441539764406,5968.4990615844727));
#13693=IFCPOLYLOOP((#13688,#13656,#13692));
#13694=IFCFACEOUTERBOUND(#13693,.T.);
#13695=IFCFACE((#13694));
#13696=IFCCARTESIANPOINT((-0.0082225016725715246,1838.0585918426514,5961.5855300903322));
#13697=IFCPOLYLOOP((#13692,#13656,#13696));
#13698=IFCFACEOUTERBOUND(#13697,.T.);
#13699=IFCFACE((#13698));
#13700=IFCCARTESIANPOINT((-0.0082225016725715246,1871.8220832824709,5948.5212112426761));
#13701=IFCPOLYLOOP((#13696,#13656,#13700));
#13702=IFCFACEOUTERBOUND(#13701,.T.);
#13703=IFCFACE((#13702));
#13704=IFCCARTESIANPOINT((-0.0082225016725715246,1894.4124195098877,5927.4509857177736));
#13705=IFCPOLYLOOP((#13700,#13656,#13704));
#13706=IFCFACEOUTERBOUND(#13705,.T.);
#13707=IFCFACE((#13706));
#13708=IFCCARTESIANPOINT((-0.0082225016725715246,1910.1123332977295,5896.4935729980471));
#13709=IFCPOLYLOOP((#13704,#13656,#13708));
#13710=IFCFACEOUTERBOUND(#13709,.T.);
#13711=IFCFACE((#13710));
#13712=IFCCARTESIANPOINT((-0.0081143028364749625,1924.4168380737306,5860.0207992553715));
#13713=IFCPOLYLOOP((#13708,#13656,#13712));
#13714=IFCFACEOUTERBOUND(#13713,.T.);
#13715=IFCFACE((#13714));
#13716=IFCCARTESIANPOINT((-0.0081143028364749625,1939.8397338867189,5823.5224456787109));
#13717=IFCPOLYLOOP((#13712,#13656,#13716));
#13718=IFCFACEOUTERBOUND(#13717,.T.);
#13719=IFCFACE((#13718));
#13720=IFCCARTESIANPOINT((-0.0081143028364749625,1956.1928054809571,5787.0235107421877));
#13721=IFCPOLYLOOP((#13716,#13656,#13720));
#13722=IFCFACEOUTERBOUND(#13721,.T.);
#13723=IFCFACE((#13722));
#13724=IFCCARTESIANPOINT((-0.0081143028364749625,1973.2905990600586,5750.5251571655272));
#13725=IFCPOLYLOOP((#13720,#13656,#13724));
#13726=IFCFACEOUTERBOUND(#13725,.T.);
#13727=IFCFACE((#13726));
#13728=IFCCARTESIANPOINT((-0.0081143028364749625,1990.9475154876709,5714.0523834228516));
#13729=IFCPOLYLOOP((#13724,#13656,#13728));
#13730=IFCFACEOUTERBOUND(#13729,.T.);
#13731=IFCFACE((#13730));
#13732=IFCCARTESIANPOINT((-0.0081143028364749625,2008.9756301879884,5677.554029846192));
#13733=IFCPOLYLOOP((#13728,#13656,#13732));
#13734=IFCFACEOUTERBOUND(#13733,.T.);
#13735=IFCFACE((#13734));
#13736=IFCCARTESIANPOINT((-0.0081143028364749625,2027.1918148040772,5641.0556762695314));
#13737=IFCPOLYLOOP((#13732,#13656,#13736));
#13738=IFCFACEOUTERBOUND(#13737,.T.);
#13739=IFCFACE((#13738));
#13740=IFCCARTESIANPOINT((-0.0081143028364749625,2038.9214767456056,5622.9335266113285));
#13741=IFCPOLYLOOP((#13736,#13656,#13740));
#13742=IFCFACEOUTERBOUND(#13741,.T.);
#13743=IFCFACE((#13742));
#13744=IFCCARTESIANPOINT((-0.0081143028364749625,2052.6059612274171,5605.5741210937504));
#13745=IFCPOLYLOOP((#13740,#13656,#13744));
#13746=IFCFACEOUTERBOUND(#13745,.T.);
#13747=IFCFACE((#13746));
#13748=IFCPOLYLOOP((#13744,#13656,#13316));
#13749=IFCFACEOUTERBOUND(#13748,.T.);
#13750=IFCFACE((#13749));
#13751=IFCPOLYLOOP((#13316,#13656,#13312));
#13752=IFCFACEOUTERBOUND(#13751,.T.);
#13753=IFCFACE((#13752));
#13754=IFCCARTESIANPOINT((-0.0080061040003784004,2948.7932647705079,4363.2827980041502));
#13755=IFCPOLYLOOP((#13312,#13656,#13754));
#13756=IFCFACEOUTERBOUND(#13755,.T.);
#13757=IFCFACE((#13756));
#13758=IFCPOLYLOOP((#13656,#12239,#13754));
#13759=IFCFACEOUTERBOUND(#13758,.T.);
#13760=IFCFACE((#13759));
#13761=IFCPOLYLOOP((#12239,#13080,#13754));
#13762=IFCFACEOUTERBOUND(#13761,.T.);
#13763=IFCFACE((#13762));
#13764=IFCCARTESIANPOINT((-0.0078979306679684679,-2337.9742984771729,1779.4604244232178));
#13765=IFCPOLYLOOP((#13080,#13764,#13754));
#13766=IFCFACEOUTERBOUND(#13765,.T.);
#13767=IFCFACE((#13766));
#13768=IFCCARTESIANPOINT((-0.0078979306679684679,-2332.0470439910891,1724.8780002593994));
#13769=IFCPOLYLOOP((#13764,#13768,#13754));
#13770=IFCFACEOUTERBOUND(#13769,.T.);
#13771=IFCFACE((#13770));
#13772=IFCCARTESIANPOINT((-0.0078979306679684679,-2325.7462657928468,1664.7116146087646));
#13773=IFCPOLYLOOP((#13768,#13772,#13754));
#13774=IFCFACEOUTERBOUND(#13773,.T.);
#13775=IFCFACE((#13774));
#13776=IFCCARTESIANPOINT((-0.0078979306679684679,-2315.3508247375489,1596.5364154815675));
#13777=IFCPOLYLOOP((#13772,#13776,#13754));
#13778=IFCFACEOUTERBOUND(#13777,.T.);
#13779=IFCFACE((#13778));
#13780=IFCCARTESIANPOINT((-0.0078979306679684679,-2298.5021438598633,1535.2187919616699));
#13781=IFCPOLYLOOP((#13776,#13780,#13754));
#13782=IFCFACEOUTERBOUND(#13781,.T.);
#13783=IFCFACE((#13782));
#13784=IFCCARTESIANPOINT((-0.0078979306679684679,-2275.6932163238525,1494.3842205047608));
#13785=IFCPOLYLOOP((#13780,#13784,#13754));
#13786=IFCFACEOUTERBOUND(#13785,.T.);
#13787=IFCFACE((#13786));
#13788=IFCCARTESIANPOINT((-0.0078979306679684679,-2247.4883972167968,1469.7453174591064));
#13789=IFCPOLYLOOP((#13784,#13788,#13754));
#13790=IFCFACEOUTERBOUND(#13789,.T.);
#13791=IFCFACE((#13790));
#13792=IFCCARTESIANPOINT((-0.0078979306679684679,-2214.4389610290527,1457.0218208312988));
#13793=IFCPOLYLOOP((#13788,#13792,#13754));
#13794=IFCFACEOUTERBOUND(#13793,.T.);
#13795=IFCFACE((#13794));
#13796=IFCCARTESIANPOINT((-0.0078979306679684679,-2177.112024307251,1451.933323287964));
#13797=IFCPOLYLOOP((#13792,#13796,#13754));
#13798=IFCFACEOUTERBOUND(#13797,.T.);
#13799=IFCFACE((#13798));
#13800=IFCCARTESIANPOINT((-0.0078979306679684679,-2136.0590068817141,1450.1947666168214));
#13801=IFCPOLYLOOP((#13796,#13800,#13754));
#13802=IFCFACEOUTERBOUND(#13801,.T.);
#13803=IFCFACE((#13802));
#13804=IFCCARTESIANPOINT((-0.0078979306679684679,-2091.8390316009522,1447.5286502838135));
#13805=IFCPOLYLOOP((#13800,#13804,#13754));
#13806=IFCFACEOUTERBOUND(#13805,.T.);
#13807=IFCFACE((#13806));
#13808=IFCCARTESIANPOINT((-0.0078979306679684679,-2052.1203804016113,1442.0361076354982));
#13809=IFCPOLYLOOP((#13804,#13808,#13754));
#13810=IFCFACEOUTERBOUND(#13809,.T.);
#13811=IFCFACE((#13810));
#13812=IFCCARTESIANPOINT((-0.0078979306679684679,-2023.0132907867433,1434.8660511016847));
#13813=IFCPOLYLOOP((#13808,#13812,#13754));
#13814=IFCFACEOUTERBOUND(#13813,.T.);
#13815=IFCFACE((#13814));
#13816=IFCPOLYLOOP((#13812,#13096,#13754));
#13817=IFCFACEOUTERBOUND(#13816,.T.);
#13818=IFCFACE((#13817));
#13819=IFCPOLYLOOP((#13096,#12773,#13754));
#13820=IFCFACEOUTERBOUND(#13819,.T.);
#13821=IFCFACE((#13820));
#13822=IFCPOLYLOOP((#12773,#11594,#13754));
#13823=IFCFACEOUTERBOUND(#13822,.T.);
#13824=IFCFACE((#13823));
#13825=IFCPOLYLOOP((#11594,#12591,#13754));
#13826=IFCFACEOUTERBOUND(#13825,.T.);
#13827=IFCFACE((#13826));
#13828=IFCCARTESIANPOINT((-0.007789731831871905,867.05216331481938,1202.727822303772));
#13829=IFCPOLYLOOP((#12591,#13828,#13754));
#13830=IFCFACEOUTERBOUND(#13829,.T.);
#13831=IFCFACE((#13830));
#13832=IFCCARTESIANPOINT((-0.007789731831871905,905.77705249786379,1191.463102912903));
#13833=IFCPOLYLOOP((#13828,#13832,#13754));
#13834=IFCFACEOUTERBOUND(#13833,.T.);
#13835=IFCFACE((#13834));
#13836=IFCCARTESIANPOINT((-0.007789731831871905,944.22485103607187,1181.0372131347656));
#13837=IFCPOLYLOOP((#13832,#13836,#13754));
#13838=IFCFACEOUTERBOUND(#13837,.T.);
#13839=IFCFACE((#13838));
#13840=IFCCARTESIANPOINT((-0.007789731831871905,982.11352672576913,1172.2862211227418));
#13841=IFCPOLYLOOP((#13836,#13840,#13754));
#13842=IFCFACEOUTERBOUND(#13841,.T.);
#13843=IFCFACE((#13842));
#13844=IFCCARTESIANPOINT((-0.007789731831871905,1019.1633728027344,1166.0489564895631));
#13845=IFCPOLYLOOP((#13840,#13844,#13754));
#13846=IFCFACEOUTERBOUND(#13845,.T.);
#13847=IFCFACE((#13846));
#13848=IFCCARTESIANPOINT((-0.007789731831871905,1055.0975166320802,1163.1641761779786));
#13849=IFCPOLYLOOP((#13844,#13848,#13754));
#13850=IFCFACEOUTERBOUND(#13849,.T.);
#13851=IFCFACE((#13850));
#13852=IFCCARTESIANPOINT((-0.007789731831871905,1089.6337080001831,1164.4655502319335));
#13853=IFCPOLYLOOP((#13848,#13852,#13754));
#13854=IFCFACEOUTERBOUND(#13853,.T.);
#13855=IFCFACE((#13854));
#13856=IFCCARTESIANPOINT((-0.007789731831871905,1122.4949289321901,1170.7967771530152));
#13857=IFCPOLYLOOP((#13852,#13856,#13754));
#13858=IFCFACEOUTERBOUND(#13857,.T.);
#13859=IFCFACE((#13858));
#13860=IFCCARTESIANPOINT((-0.007789731831871905,1158.7391555786132,1181.5963359832765));
#13861=IFCPOLYLOOP((#13856,#13860,#13754));
#13862=IFCFACEOUTERBOUND(#13861,.T.);
#13863=IFCFACE((#13862));
#13864=IFCCARTESIANPOINT((-0.007789731831871905,1202.6159832000733,1194.6275173187257));
#13865=IFCPOLYLOOP((#13860,#13864,#13754));
#13866=IFCFACEOUTERBOUND(#13865,.T.);
#13867=IFCFACE((#13866));
#13868=IFCPOLYLOOP((#13864,#13320,#13754));
#13869=IFCFACEOUTERBOUND(#13868,.T.);
#13870=IFCFACE((#13869));
#13871=IFCPOLYLOOP((#13320,#13290,#13754));
#13872=IFCFACEOUTERBOUND(#13871,.T.);
#13873=IFCFACE((#13872));
#13874=IFCCARTESIANPOINT((-0.007789731831871905,3107.9780250549315,2556.2579223632815));
#13875=IFCPOLYLOOP((#13290,#13874,#13754));
#13876=IFCFACEOUTERBOUND(#13875,.T.);
#13877=IFCFACE((#13876));
#13878=IFCCARTESIANPOINT((-0.0080061040003784004,2985.113722229004,4342.5680740356447));
#13879=IFCPOLYLOOP((#13754,#13874,#13878));
#13880=IFCFACEOUTERBOUND(#13879,.T.);
#13881=IFCFACE((#13880));
#13882=IFCCARTESIANPOINT((-0.007789731831871905,3120.5845230102541,2566.4500328063964));
#13883=IFCPOLYLOOP((#13874,#13882,#13878));
#13884=IFCFACEOUTERBOUND(#13883,.T.);
#13885=IFCFACE((#13884));
#13886=IFCCARTESIANPOINT((-0.007789731831871905,3134.1063720703128,2575.7270828247069));
#13887=IFCPOLYLOOP((#13882,#13886,#13878));
#13888=IFCFACEOUTERBOUND(#13887,.T.);
#13889=IFCFACE((#13888));
#13890=IFCCARTESIANPOINT((-0.007789731831871905,3152.5078651428225,2589.3250900268554));
#13891=IFCPOLYLOOP((#13886,#13890,#13878));
#13892=IFCFACEOUTERBOUND(#13891,.T.);
#13893=IFCFACE((#13892));
#13894=IFCCARTESIANPOINT((-0.007789731831871905,3171.8499984741211,2602.3638290405274));
#13895=IFCPOLYLOOP((#13890,#13894,#13878));
#13896=IFCFACEOUTERBOUND(#13895,.T.);
#13897=IFCFACE((#13896));
#13898=IFCCARTESIANPOINT((-0.0080061040003784004,3029.2369010925295,4326.7841537475588));
#13899=IFCPOLYLOOP((#13878,#13894,#13898));
#13900=IFCFACEOUTERBOUND(#13899,.T.);
#13901=IFCFACE((#13900));
#13902=IFCCARTESIANPOINT((-0.007789731831871905,3193.0475418090823,2614.2840316772463));
#13903=IFCPOLYLOOP((#13894,#13902,#13898));
#13904=IFCFACEOUTERBOUND(#13903,.T.);
#13905=IFCFACE((#13904));
#13906=IFCCARTESIANPOINT((-0.0080061040003784004,3069.6242614746093,4315.4993774414061));
#13907=IFCPOLYLOOP((#13898,#13902,#13906));
#13908=IFCFACEOUTERBOUND(#13907,.T.);
#13909=IFCFACE((#13908));
#13910=IFCPOLYLOOP((#13902,#13084,#13906));
#13911=IFCFACEOUTERBOUND(#13910,.T.);
#13912=IFCFACE((#13911));
#13913=IFCPOLYLOOP((#13084,#11993,#13906));
#13914=IFCFACEOUTERBOUND(#13913,.T.);
#13915=IFCFACE((#13914));
#13916=IFCCARTESIANPOINT((-0.0080061040003784004,3105.1819747924806,4307.9251304626468));
#13917=IFCPOLYLOOP((#13906,#11993,#13916));
#13918=IFCFACEOUTERBOUND(#13917,.T.);
#13919=IFCFACE((#13918));
#13920=IFCCARTESIANPOINT((-0.0080061040003784004,3134.7923767089846,4303.3248298645021));
#13921=IFCPOLYLOOP((#13916,#11993,#13920));
#13922=IFCFACEOUTERBOUND(#13921,.T.);
#13923=IFCFACE((#13922));
#13924=IFCCARTESIANPOINT((-0.0080061040003784004,3157.3372215270997,4300.9863098144533));
#13925=IFCPOLYLOOP((#13920,#11993,#13924));
#13926=IFCFACEOUTERBOUND(#13925,.T.);
#13927=IFCFACE((#13926));
#13928=IFCCARTESIANPOINT((-0.0080061040003784004,3171.6721023559571,4300.096829223633));
#13929=IFCPOLYLOOP((#13924,#11993,#13928));
#13930=IFCFACEOUTERBOUND(#13929,.T.);
#13931=IFCFACE((#13930));
#13932=IFCCARTESIANPOINT((-0.0080061040003784004,3176.6790641784669,4299.9698020935057));
#13933=IFCPOLYLOOP((#13928,#11993,#13932));
#13934=IFCFACEOUTERBOUND(#13933,.T.);
#13935=IFCFACE((#13934));
#13936=IFCCARTESIANPOINT((-0.0080061040003784004,3400.1936187744141,4353.1921348571777));
#13937=IFCPOLYLOOP((#13932,#11993,#13936));
#13938=IFCFACEOUTERBOUND(#13937,.T.);
#13939=IFCFACE((#13938));
#13940=IFCCARTESIANPOINT((-0.0078979306679684679,3588.5821197509767,2894.2236305236815));
#13941=IFCPOLYLOOP((#11993,#13940,#13936));
#13942=IFCFACEOUTERBOUND(#13941,.T.);
#13943=IFCFACE((#13942));
#13944=IFCCARTESIANPOINT((-0.0078979306679684679,3637.6869712829589,2882.5066131591798));
#13945=IFCPOLYLOOP((#13940,#13944,#13936));
#13946=IFCFACEOUTERBOUND(#13945,.T.);
#13947=IFCFACE((#13946));
#13948=IFCCARTESIANPOINT((-0.0078979306679684679,3684.9114143371585,2870.2303276062012));
#13949=IFCPOLYLOOP((#13944,#13948,#13936));
#13950=IFCFACEOUTERBOUND(#13949,.T.);
#13951=IFCFACE((#13950));
#13952=IFCCARTESIANPOINT((-0.0078979306679684679,3729.3395164489748,2857.0898506164554));
#13953=IFCPOLYLOOP((#13948,#13952,#13936));
#13954=IFCFACEOUTERBOUND(#13953,.T.);
#13955=IFCFACE((#13954));
#13956=IFCCARTESIANPOINT((-0.0080061040003784004,3434.5822174072268,4382.6502204895023));
#13957=IFCPOLYLOOP((#13936,#13952,#13956));
#13958=IFCFACEOUTERBOUND(#13957,.T.);
#13959=IFCFACE((#13958));
#13960=IFCCARTESIANPOINT((-0.0080061040003784004,3469.9879051208495,4410.888031768799));
#13961=IFCPOLYLOOP((#13956,#13952,#13960));
#13962=IFCFACEOUTERBOUND(#13961,.T.);
#13963=IFCFACE((#13962));
#13964=IFCCARTESIANPOINT((-0.0080061040003784004,3507.4518974304201,4436.7114555358885));
#13965=IFCPOLYLOOP((#13960,#13952,#13964));
#13966=IFCFACEOUTERBOUND(#13965,.T.);
#13967=IFCFACE((#13966));
#13968=IFCCARTESIANPOINT((-0.0080061040003784004,3547.9662849426272,4458.9002174377447));
#13969=IFCPOLYLOOP((#13964,#13952,#13968));
#13970=IFCFACEOUTERBOUND(#13969,.T.);
#13971=IFCFACE((#13970));
#13972=IFCCARTESIANPOINT((-0.0080061040003784004,3592.597863006592,4476.2343338012697));
#13973=IFCPOLYLOOP((#13968,#13952,#13972));
#13974=IFCFACEOUTERBOUND(#13973,.T.);
#13975=IFCFACE((#13974));
#13976=IFCCARTESIANPOINT((-0.0080061040003784004,3642.3384315490725,4487.5194007873533));
#13977=IFCPOLYLOOP((#13972,#13952,#13976));
#13978=IFCFACEOUTERBOUND(#13977,.T.);
#13979=IFCFACE((#13978));
#13980=IFCCARTESIANPOINT((-0.0080061040003784004,3698.2294967651369,4491.5607238769535));
#13981=IFCPOLYLOOP((#13976,#13952,#13980));
#13982=IFCFACEOUTERBOUND(#13981,.T.);
#13983=IFCFACE((#13982));
#13984=IFCCARTESIANPOINT((-0.0080061040003784004,3753.2313720703128,4492.0435432434087));
#13985=IFCPOLYLOOP((#13980,#13952,#13984));
#13986=IFCFACEOUTERBOUND(#13985,.T.);
#13987=IFCFACE((#13986));
#13988=IFCCARTESIANPOINT((-0.0080061040003784004,3800.8113166809085,4492.6789695739744));
#13989=IFCPOLYLOOP((#13984,#13952,#13988));
#13990=IFCFACEOUTERBOUND(#13989,.T.);
#13991=IFCFACE((#13990));
#13992=IFCCARTESIANPOINT((-0.0080061040003784004,3842.5962661743165,4492.3993354797367));
#13993=IFCPOLYLOOP((#13988,#13952,#13992));
#13994=IFCFACEOUTERBOUND(#13993,.T.);
#13995=IFCFACE((#13994));
#13996=IFCCARTESIANPOINT((-0.0080061040003784004,3880.314894104004,4490.0863952636719));
#13997=IFCPOLYLOOP((#13992,#13952,#13996));
#13998=IFCFACEOUTERBOUND(#13997,.T.);
#13999=IFCFACE((#13998));
#14000=IFCCARTESIANPOINT((-0.0080061040003784004,3915.5932640075685,4484.5710342407228));
#14001=IFCPOLYLOOP((#13996,#13952,#14000));
#14002=IFCFACEOUTERBOUND(#14001,.T.);
#14003=IFCFACE((#14002));
#14004=IFCCARTESIANPOINT((-0.0080061040003784004,3950.1344696044926,4474.811164855957));
#14005=IFCPOLYLOOP((#14000,#13952,#14004));
#14006=IFCFACEOUTERBOUND(#14005,.T.);
#14007=IFCFACE((#14006));
#14008=IFCCARTESIANPOINT((-0.0080061040003784004,3985.590735626221,4459.6373817443846));
#14009=IFCPOLYLOOP((#14004,#13952,#14008));
#14010=IFCFACEOUTERBOUND(#14009,.T.);
#14011=IFCFACE((#14010));
#14012=IFCCARTESIANPOINT((-0.0080061040003784004,4023.8174720764164,4447.589861297608));
#14013=IFCPOLYLOOP((#14008,#13952,#14012));
#14014=IFCFACEOUTERBOUND(#14013,.T.);
#14015=IFCFACE((#14014));
#14016=IFCCARTESIANPOINT((-0.0080061040003784004,4064.662071990967,4444.1078063964842));
#14017=IFCPOLYLOOP((#14012,#13952,#14016));
#14018=IFCFACEOUTERBOUND(#14017,.T.);
#14019=IFCFACE((#14018));
#14020=IFCCARTESIANPOINT((-0.007789731831871905,3770.0570892333985,2842.8564170837403));
#14021=IFCPOLYLOOP((#13952,#14020,#14016));
#14022=IFCFACEOUTERBOUND(#14021,.T.);
#14023=IFCFACE((#14022));
#14024=IFCCARTESIANPOINT((-0.0080061040003784004,4106.8028137207029,4443.4468002319336));
#14025=IFCPOLYLOOP((#14016,#14020,#14024));
#14026=IFCFACEOUTERBOUND(#14025,.T.);
#14027=IFCFACE((#14026));
#14028=IFCCARTESIANPOINT((-0.0080061040003784004,4148.9438461303716,4439.7868492126463));
#14029=IFCPOLYLOOP((#14024,#14020,#14028));
#14030=IFCFACEOUTERBOUND(#14029,.T.);
#14031=IFCFACE((#14030));
#14032=IFCCARTESIANPOINT((-0.0080061040003784004,4189.7628662109373,4427.3582473754886));
#14033=IFCPOLYLOOP((#14028,#14020,#14032));
#14034=IFCFACEOUTERBOUND(#14033,.T.);
#14035=IFCFACE((#14034));
#14036=IFCCARTESIANPOINT((-0.0080061040003784004,4228.0151824951172,4400.4165779113773));
#14037=IFCPOLYLOOP((#14032,#14020,#14036));
#14038=IFCFACEOUTERBOUND(#14037,.T.);
#14039=IFCFACE((#14038));
#14040=IFCCARTESIANPOINT((-0.0080061040003784004,4262.3276229858402,4353.1921348571777));
#14041=IFCPOLYLOOP((#14036,#14020,#14040));
#14042=IFCFACEOUTERBOUND(#14041,.T.);
#14043=IFCFACE((#14042));
#14044=IFCCARTESIANPOINT((-0.0080061040003784004,4291.048544311524,4299.2326377868658));
#14045=IFCPOLYLOOP((#14040,#14020,#14044));
#14046=IFCFACEOUTERBOUND(#14045,.T.);
#14047=IFCFACE((#14046));
#14048=IFCCARTESIANPOINT((-0.0078979306679684679,4313.6439674377443,4253.8383155822758));
#14049=IFCPOLYLOOP((#14044,#14020,#14048));
#14050=IFCFACEOUTERBOUND(#14049,.T.);
#14051=IFCFACE((#14050));
#14052=IFCCARTESIANPOINT((-0.0078979306679684679,4330.4696846008301,4213.8326179504393));
#14053=IFCPOLYLOOP((#14048,#14020,#14052));
#14054=IFCFACEOUTERBOUND(#14053,.T.);
#14055=IFCFACE((#14054));
#14056=IFCCARTESIANPOINT((-0.0078979306679684679,4341.881778717041,4176.0887008666996));
#14057=IFCPOLYLOOP((#14052,#14020,#14056));
#14058=IFCFACEOUTERBOUND(#14057,.T.);
#14059=IFCFACE((#14058));
#14060=IFCCARTESIANPOINT((-0.0078979306679684679,4348.2869110107422,4137.3791450500494));
#14061=IFCPOLYLOOP((#14056,#14020,#14060));
#14062=IFCFACEOUTERBOUND(#14061,.T.);
#14063=IFCFACE((#14062));
#14064=IFCCARTESIANPOINT((-0.0078979306679684679,4350.0150032043457,4094.6029769897464));
#14065=IFCPOLYLOOP((#14060,#14020,#14064));
#14066=IFCFACEOUTERBOUND(#14065,.T.);
#14067=IFCFACE((#14066));
#14068=IFCCARTESIANPOINT((-0.0078979306679684679,4347.4735885620121,4044.5319053649905));
#14069=IFCPOLYLOOP((#14064,#14020,#14068));
#14070=IFCFACEOUTERBOUND(#14069,.T.);
#14071=IFCFACE((#14070));
#14072=IFCCARTESIANPOINT((-0.0078979306679684679,4341.3225105285646,3996.3674034118653));
#14073=IFCPOLYLOOP((#14068,#14020,#14072));
#14074=IFCFACEOUTERBOUND(#14073,.T.);
#14075=IFCFACE((#14074));
#14076=IFCCARTESIANPOINT((-0.0078979306679684679,4333.5197891235357,3959.0301475524902));
#14077=IFCPOLYLOOP((#14072,#14020,#14076));
#14078=IFCFACEOUTERBOUND(#14077,.T.);
#14079=IFCFACE((#14078));
#14080=IFCCARTESIANPOINT((-0.0078979306679684679,4326.2504653930664,3928.9113464355469));
#14081=IFCPOLYLOOP((#14076,#14020,#14080));
#14082=IFCFACEOUTERBOUND(#14081,.T.);
#14083=IFCFACE((#14082));
#14084=IFCCARTESIANPOINT((-0.0078979306679684679,4321.777191925049,3902.554234313965));
#14085=IFCPOLYLOOP((#14080,#14020,#14084));
#14086=IFCFACEOUTERBOUND(#14085,.T.);
#14087=IFCFACE((#14086));
#14088=IFCCARTESIANPOINT((-0.0078979306679684679,4322.3364601135254,3876.3497291564945));
#14089=IFCPOLYLOOP((#14084,#14020,#14088));
#14090=IFCFACEOUTERBOUND(#14089,.T.);
#14091=IFCFACE((#14090));
#14092=IFCCARTESIANPOINT((-0.0078979306679684679,4330.1647613525392,3846.8154853820802));
#14093=IFCPOLYLOOP((#14088,#14020,#14092));
#14094=IFCFACEOUTERBOUND(#14093,.T.);
#14095=IFCFACE((#14094));
#14096=IFCCARTESIANPOINT((-0.0078979306679684679,4347.4735885620121,3810.3935806274417));
#14097=IFCPOLYLOOP((#14092,#14020,#14096));
#14098=IFCFACEOUTERBOUND(#14097,.T.);
#14099=IFCFACE((#14098));
#14100=IFCCARTESIANPOINT((-0.0078979306679684679,4372.0258689880375,3775.6997680664062));
#14101=IFCPOLYLOOP((#14096,#14020,#14100));
#14102=IFCFACEOUTERBOUND(#14101,.T.);
#14103=IFCFACE((#14102));
#14104=IFCCARTESIANPOINT((-0.0078979306679684679,4399.1710144042972,3750.4861907958984));
#14105=IFCPOLYLOOP((#14100,#14020,#14104));
#14106=IFCFACEOUTERBOUND(#14105,.T.);
#14107=IFCFACE((#14106));
#14108=IFCCARTESIANPOINT((-0.007789731831871905,3806.1234924316409,2827.1998146057131));
#14109=IFCPOLYLOOP((#14020,#14108,#14104));
#14110=IFCFACEOUTERBOUND(#14109,.T.);
#14111=IFCFACE((#14110));
#14112=IFCCARTESIANPOINT((-0.0078979306679684679,4427.6123016357424,3729.9496536254883));
#14113=IFCPOLYLOOP((#14104,#14108,#14112));
#14114=IFCFACEOUTERBOUND(#14113,.T.);
#14115=IFCFACE((#14114));
#14116=IFCCARTESIANPOINT((-0.007789731831871905,3836.5980857849122,2809.8909873962402));
#14117=IFCPOLYLOOP((#14108,#14116,#14112));
#14118=IFCFACEOUTERBOUND(#14117,.T.);
#14119=IFCFACE((#14118));
#14120=IFCCARTESIANPOINT((-0.0078979306679684679,4456.0788780212406,3709.2349296569828));
#14121=IFCPOLYLOOP((#14112,#14116,#14120));
#14122=IFCFACEOUTERBOUND(#14121,.T.);
#14123=IFCFACE((#14122));
#14124=IFCCARTESIANPOINT((-0.0078979306679684679,4483.2240234375004,3683.4626655578613));
#14125=IFCPOLYLOOP((#14120,#14116,#14124));
#14126=IFCFACEOUTERBOUND(#14125,.T.);
#14127=IFCFACE((#14126));
#14128=IFCCARTESIANPOINT((-0.0078979306679684679,4507.7765945434576,3647.8537925720216));
#14129=IFCPOLYLOOP((#14124,#14116,#14128));
#14130=IFCFACEOUTERBOUND(#14129,.T.);
#14131=IFCFACE((#14130));
#14132=IFCCARTESIANPOINT((-0.0078979306679684679,4528.414869689942,3597.5033775329589));
#14133=IFCPOLYLOOP((#14128,#14116,#14132));
#14134=IFCFACEOUTERBOUND(#14133,.T.);
#14135=IFCFACE((#14134));
#14136=IFCCARTESIANPOINT((-0.0078979306679684679,4544.7577674865724,3541.8407867431642));
#14137=IFCPOLYLOOP((#14132,#14116,#14136));
#14138=IFCFACEOUTERBOUND(#14137,.T.);
#14139=IFCFACE((#14138));
#14140=IFCCARTESIANPOINT((-0.0078979306679684679,4557.5933212280279,3492.3289833068848));
#14141=IFCPOLYLOOP((#14136,#14116,#14140));
#14142=IFCFACEOUTERBOUND(#14141,.T.);
#14143=IFCFACE((#14142));
#14144=IFCCARTESIANPOINT((-0.0078979306679684679,4567.2261634826664,3447.2651641845705));
#14145=IFCPOLYLOOP((#14140,#14116,#14144));
#14146=IFCFACEOUTERBOUND(#14145,.T.);
#14147=IFCFACE((#14146));
#14148=IFCCARTESIANPOINT((-0.0078979306679684679,4574.0885353088379,3404.9973953247072));
#14149=IFCPOLYLOOP((#14144,#14116,#14148));
#14150=IFCFACEOUTERBOUND(#14149,.T.);
#14151=IFCFACE((#14150));
#14152=IFCCARTESIANPOINT((-0.0078979306679684679,4578.5365196228031,3363.8475814819335));
#14153=IFCPOLYLOOP((#14148,#14116,#14152));
#14154=IFCFACEOUTERBOUND(#14153,.T.);
#14155=IFCFACE((#14154));
#14156=IFCCARTESIANPOINT((-0.0078979306679684679,4580.9256179809572,3322.1387901306152));
#14157=IFCPOLYLOOP((#14152,#14116,#14156));
#14158=IFCFACEOUTERBOUND(#14157,.T.);
#14159=IFCFACE((#14158));
#14160=IFCCARTESIANPOINT((-0.0078979306679684679,4581.6374931335449,3278.2187965393068));
#14161=IFCPOLYLOOP((#14156,#14116,#14160));
#14162=IFCFACEOUTERBOUND(#14161,.T.);
#14163=IFCFACE((#14162));
#14164=IFCCARTESIANPOINT((-0.0078979306679684679,4587.7627006530765,3236.6626121520999));
#14165=IFCPOLYLOOP((#14160,#14116,#14164));
#14166=IFCFACEOUTERBOUND(#14165,.T.);
#14167=IFCFACE((#14166));
#14168=IFCCARTESIANPOINT((-0.007789731831871905,3864.0990234375004,2790.3965377807617));
#14169=IFCPOLYLOOP((#14116,#14168,#14164));
#14170=IFCFACEOUTERBOUND(#14169,.T.);
#14171=IFCFACE((#14170));
#14172=IFCCARTESIANPOINT((-0.007789731831871905,3892.5655998229981,2768.6905952453612));
#14173=IFCPOLYLOOP((#14168,#14172,#14164));
#14174=IFCFACEOUTERBOUND(#14173,.T.);
#14175=IFCFACE((#14174));
#14176=IFCCARTESIANPOINT((-0.007789731831871905,3922.8875862121586,2745.1039535522464));
#14177=IFCPOLYLOOP((#14172,#14176,#14164));
#14178=IFCFACEOUTERBOUND(#14177,.T.);
#14179=IFCFACE((#14178));
#14180=IFCCARTESIANPOINT((-0.007789731831871905,3955.9803337097169,2720.0176940917968));
#14181=IFCPOLYLOOP((#14176,#14180,#14164));
#14182=IFCFACEOUTERBOUND(#14181,.T.);
#14183=IFCFACE((#14182));
#14184=IFCCARTESIANPOINT((-0.0078979306679684679,4602.0978721618658,3201.2572151184081));
#14185=IFCPOLYLOOP((#14164,#14180,#14184));
#14186=IFCFACEOUTERBOUND(#14185,.T.);
#14187=IFCFACE((#14186));
#14188=IFCCARTESIANPOINT((-0.007789731831871905,3992.8344795227054,2693.8384780883789));
#14189=IFCPOLYLOOP((#14180,#14188,#14184));
#14190=IFCFACEOUTERBOUND(#14189,.T.);
#14191=IFCFACE((#14190));
#14192=IFCCARTESIANPOINT((-0.007789731831871905,4034.3145057678225,2666.8968086242676));
#14193=IFCPOLYLOOP((#14188,#14192,#14184));
#14194=IFCFACEOUTERBOUND(#14193,.T.);
#14195=IFCFACE((#14194));
#14196=IFCCARTESIANPOINT((-0.007789731831871905,4081.3860511779785,2639.5990562438965));
#14197=IFCPOLYLOOP((#14192,#14196,#14184));
#14198=IFCFACEOUTERBOUND(#14197,.T.);
#14199=IFCFACE((#14198));
#14200=IFCCARTESIANPOINT((-0.0078979306679684679,4618.4916389465334,3169.0033699035644));
#14201=IFCPOLYLOOP((#14184,#14196,#14200));
#14202=IFCFACEOUTERBOUND(#14201,.T.);
#14203=IFCFACE((#14202));
#14204=IFCCARTESIANPOINT((-0.007789731831871905,4630.7932136535646,3136.953000640869));
#14205=IFCPOLYLOOP((#14200,#14196,#14204));
#14206=IFCFACEOUTERBOUND(#14205,.T.);
#14207=IFCFACE((#14206));
#14208=IFCCARTESIANPOINT((-0.007789731831871905,4632.8265197753908,3102.1065811157227));
#14209=IFCPOLYLOOP((#14204,#14196,#14208));
#14210=IFCFACEOUTERBOUND(#14209,.T.);
#14211=IFCFACE((#14210));
#14212=IFCCARTESIANPOINT((-0.007789731831871905,4618.4916389465334,3061.4907463073732));
#14213=IFCPOLYLOOP((#14208,#14196,#14212));
#14214=IFCFACEOUTERBOUND(#14213,.T.);
#14215=IFCFACE((#14214));
#14216=IFCCARTESIANPOINT((-0.007789731831871905,4581.6374931335449,3012.1315498352051));
#14217=IFCPOLYLOOP((#14212,#14196,#14216));
#14218=IFCFACEOUTERBOUND(#14217,.T.);
#14219=IFCFACE((#14218));
#14220=IFCCARTESIANPOINT((-0.007789731831871905,4534.9470291137695,2952.377057647705));
#14221=IFCPOLYLOOP((#14216,#14196,#14220));
#14222=IFCFACEOUTERBOUND(#14221,.T.);
#14223=IFCFACE((#14222));
#14224=IFCCARTESIANPOINT((-0.007789731831871905,4493.6957679748539,2886.1409843444826));
#14225=IFCPOLYLOOP((#14220,#14196,#14224));
#14226=IFCFACEOUTERBOUND(#14225,.T.);
#14227=IFCFACE((#14226));
#14228=IFCCARTESIANPOINT((-0.007789731831871905,4455.3928733825687,2818.5834800720218));
#14229=IFCPOLYLOOP((#14224,#14196,#14228));
#14230=IFCFACEOUTERBOUND(#14229,.T.);
#14231=IFCFACE((#14230));
#14232=IFCCARTESIANPOINT((-0.007789731831871905,4417.6742454528812,2754.9399810791015));
#14233=IFCPOLYLOOP((#14228,#14196,#14232));
#14234=IFCFACEOUTERBOUND(#14233,.T.);
#14235=IFCFACE((#14234));
#14236=IFCCARTESIANPOINT((-0.007789731831871905,4378.0752090454107,2700.4212158203127));
#14237=IFCPOLYLOOP((#14232,#14196,#14236));
#14238=IFCFACEOUTERBOUND(#14237,.T.);
#14239=IFCFACE((#14238));
#14240=IFCCARTESIANPOINT((-0.007789731831871905,4334.1805046081545,2660.2376220703127));
#14241=IFCPOLYLOOP((#14236,#14196,#14240));
#14242=IFCFACEOUTERBOUND(#14241,.T.);
#14243=IFCFACE((#14242));
#14244=IFCCARTESIANPOINT((-0.007789731831871905,4283.6013244628912,2639.5990562438965));
#14245=IFCPOLYLOOP((#14240,#14196,#14244));
#14246=IFCFACEOUTERBOUND(#14245,.T.);
#14247=IFCFACE((#14246));
#14248=IFCCARTESIANPOINT((-0.007789731831871905,4238.3343200683594,2629.5342636108398));
#14249=IFCPOLYLOOP((#14244,#14196,#14248));
#14250=IFCFACEOUTERBOUND(#14249,.T.);
#14251=IFCFACE((#14250));
#14252=IFCCARTESIANPOINT((-0.007789731831871905,4208.1390701293949,2619.1133880615234));
#14253=IFCPOLYLOOP((#14248,#14196,#14252));
#14254=IFCFACEOUTERBOUND(#14253,.T.);
#14255=IFCFACE((#14254));
#14256=IFCCARTESIANPOINT((-0.007789731831871905,4122.7390502929693,2618.3762237548831));
#14257=IFCPOLYLOOP((#14196,#14256,#14252));
#14258=IFCFACEOUTERBOUND(#14257,.T.);
#14259=IFCFACE((#14258));
#14260=IFCCARTESIANPOINT((-0.007789731831871905,4150.3417259216312,2607.9553482055667));
#14261=IFCPOLYLOOP((#14256,#14260,#14252));
#14262=IFCFACEOUTERBOUND(#14261,.T.);
#14263=IFCFACE((#14262));
#14264=IFCCARTESIANPOINT((-0.007789731831871905,4187.272029876709,2610.5479225158692));
#14265=IFCPOLYLOOP((#14252,#14260,#14264));
#14266=IFCFACEOUTERBOUND(#14265,.T.);
#14267=IFCFACE((#14266));
#14268=IFCCARTESIANPOINT((-0.007789731831871905,4169.9126243591309,2606.0746490478518));
#14269=IFCPOLYLOOP((#14260,#14268,#14264));
#14270=IFCFACEOUTERBOUND(#14269,.T.);
#14271=IFCFACE((#14270));
#14272=IFCCARTESIANPOINT((1542.8691970825196,0.00013488178235547822,0.00015273802741830878));
#14273=IFCCARTESIANPOINT((-0.00021638140319737431,1542.8691970825196,0.00024470016319355636));
#14274=IFCCARTESIANPOINT((-1542.8691970825196,-0.,0.00015273802741830878));
#14275=IFCPOLYLOOP((#14272,#14273,#14274));
#14276=IFCFACEOUTERBOUND(#14275,.T.);
#14277=IFCFACE((#14276));
#14278=IFCCARTESIANPOINT((1502.0804077148439,-353.52322511672975,0.00013166631670173958));
#14279=IFCPOLYLOOP((#14278,#14272,#14274));
#14280=IFCFACEOUTERBOUND(#14279,.T.);
#14281=IFCFACE((#14280));
#14282=IFCCARTESIANPOINT((-1502.0804077148439,-353.52322511672975,0.00013166631670173958));
#14283=IFCPOLYLOOP((#14278,#14274,#14282));
#14284=IFCFACEOUTERBOUND(#14283,.T.);
#14285=IFCFACE((#14284));
#14286=IFCCARTESIANPOINT((1385.9135158538818,-678.17822685241697,0.00011231557639348467));
#14287=IFCPOLYLOOP((#14286,#14278,#14282));
#14288=IFCFACEOUTERBOUND(#14287,.T.);
#14289=IFCFACE((#14288));
#14290=IFCCARTESIANPOINT((-1385.9159866333009,-678.17822685241697,0.00011231557639348467));
#14291=IFCPOLYLOOP((#14286,#14282,#14290));
#14292=IFCFACEOUTERBOUND(#14291,.T.);
#14293=IFCFACE((#14292));
#14294=IFCCARTESIANPOINT((-1203.675802230835,-964.6624116897583,9.5239628058152456E-05));
#14295=IFCPOLYLOOP((#14286,#14290,#14294));
#14296=IFCFACEOUTERBOUND(#14295,.T.);
#14297=IFCFACE((#14296));
#14298=IFCCARTESIANPOINT((1203.675802230835,-964.6624116897583,9.5239628058152456E-05));
#14299=IFCPOLYLOOP((#14298,#14286,#14294));
#14300=IFCFACEOUTERBOUND(#14299,.T.);
#14301=IFCFACE((#14300));
#14302=IFCCARTESIANPOINT((964.6624116897583,-1203.675802230835,8.0993324149858378E-05));
#14303=IFCPOLYLOOP((#14302,#14298,#14294));
#14304=IFCFACEOUTERBOUND(#14303,.T.);
#14305=IFCFACE((#14304));
#14306=IFCCARTESIANPOINT((-964.6624116897583,-1203.675802230835,8.0993324149858378E-05));
#14307=IFCPOLYLOOP((#14302,#14294,#14306));
#14308=IFCFACEOUTERBOUND(#14307,.T.);
#14309=IFCFACE((#14308));
#14310=IFCCARTESIANPOINT((-678.17822685241697,-1385.9135158538818,7.0130993015027351E-05));
#14311=IFCPOLYLOOP((#14302,#14306,#14310));
#14312=IFCFACEOUTERBOUND(#14311,.T.);
#14313=IFCFACE((#14312));
#14314=IFCCARTESIANPOINT((-353.52322511672975,-1502.0804077148439,6.3207235882600799E-05));
#14315=IFCPOLYLOOP((#14302,#14310,#14314));
#14316=IFCFACEOUTERBOUND(#14315,.T.);
#14317=IFCFACE((#14316));
#14318=IFCCARTESIANPOINT((0.00010819070159868715,-1542.8665809631348,6.0775874317187117E-05));
#14319=IFCPOLYLOOP((#14302,#14314,#14318));
#14320=IFCFACEOUTERBOUND(#14319,.T.);
#14321=IFCFACE((#14320));
#14322=IFCCARTESIANPOINT((353.52322511672975,-1502.0804077148439,6.3207235882600799E-05));
#14323=IFCPOLYLOOP((#14302,#14318,#14322));
#14324=IFCFACEOUTERBOUND(#14323,.T.);
#14325=IFCFACE((#14324));
#14326=IFCCARTESIANPOINT((678.17822685241697,-1385.9135158538818,7.0130993015027351E-05));
#14327=IFCPOLYLOOP((#14302,#14322,#14326));
#14328=IFCFACEOUTERBOUND(#14327,.T.);
#14329=IFCFACE((#14328));
#14330=IFCCONNECTEDFACESET((#8881,#8887,#8891,#8895,#8899,#8902,#8908,#8914,#8918,#8924,#8928,#8932,#8938,#8942,#8948,#8952,#8956,#8960,#8964,#8968,#8972,#8978,#8982,#8986,#8990,#8994,#8998,#9002,#9006,#9010,#9014,#9018,#9022,#9026,#9030,#9034,#9038,#9042,#9046,#9050,#9054,#9058,#9062,#9065,#9069,#9072,#9076,#9080,#9084,#9088,#9091,#9095,#9099,#9103,#9107,#9111,#9115,#9119,#9123,#9127,#9131,#9135,#9139,#9143,#9147,#9151,#9155,#9159,#9163,#9167,#9173,#9177,#9181,#9185,#9189,#9193,#9197,#9201,#9205,#9209,#9213,#9217,#9221,#9225,#9229,#9233,#9237,#9241,#9245,#9249,#9253,#9257,#9261,#9265,#9269,#9273,#9277,#9281,#9285,#9289,#9293,#9299,#9303,#9307,#9311,#9315,#9319,#9323,#9327,#9331,#9335,#9339,#9343,#9347,#9351,#9355,#9359,#9363,#9367,#9373,#9377,#9381,#9385,#9389,#9393,#9397,#9401,#9405,#9409,#9415,#9421,#9425,#9431,#9435,#9439,#9443,#9447,#9451,#9455,#9459,#9463,#9467,#9471,#9475,#9479,#9483,#9486,#9490,#9494,#9500,#9504,#9508,#9512,#9516,#9520,#9524,#9528,#9532,#9536,#9540,#9544,#9548,#9552,#9556,#9560,#9564,#9568,#9572,#9576,#9580,#9586,#9590,#9594,#9598,#9602,#9606,#9610,#9614,#9618,#9622,#9626,#9630,#9634,#9638,#9642,#9646,#9650,#9654,#9658,#9662,#9666,#9670,#9674,#9678,#9682,#9686,#9690,#9694,#9698,#9702,#9706,#9710,#9714,#9718,#9722,#9725,#9728,#9732,#9736,#9740,#9744,#9748,#9752,#9756,#9760,#9764,#9768,#9772,#9776,#9780,#9784,#9788,#9792,#9796,#9800,#9804,#9808,#9812,#9816,#9820,#9824,#9828,#9832,#9836,#9840,#9844,#9848,#9852,#9856,#9860,#9864,#9868,#9872,#9876,#9880,#9884,#9888,#9892,#9896,#9902,#9906,#9910,#9914,#9918,#9922,#9926,#9930,#9934,#9938,#9942,#9946,#9950,#9954,#9958,#9962,#9968,#9972,#9976,#9980,#9984,#9988,#9992,#9996,#10000,#10004,#10008,#10012,#10018,#10022,#10026,#10030,#10034,#10038,#10041,#10045,#10049,#10053,#10057,#10061,#10065,#10068,#10071,#10074,#10078,#10082,#10088,#10092,#10096,#10099,#10102,#10106,#10110,#10114,#10118,#10122,#10125,#10128,#10132,#10136,#10140,#10144,#10148,#10152,#10156,#10160,#10164,#10168,#10172,#10176,#10180,#10184,#10188,#10192,#10196,#10200,#10203,#10206,#10210,#10214,#10218,#10222,#10226,#10230,#10234,#10240,#10244,#10248,#10252,#10256,#10260,#10264,#10268,#10272,#10276,#10280,#10284,#10288,#10292,#10296,#10300,#10304,#10307,#10310,#10314,#10318,#10322,#10326,#10329,#10333,#10337,#10341,#10345,#10349,#10353,#10357,#10361,#10365,#10369,#10373,#10377,#10381,#10385,#10389,#10393,#10397,#10401,#10404,#10407,#10411,#10415,#10419,#10423,#10427,#10431,#10435,#10439,#10443,#10447,#10451,#10455,#10459,#10463,#10467,#10471,#10475,#10479,#10483,#10486,#10489,#10493,#10497,#10501,#10505,#10509,#10513,#10517,#10521,#10525,#10529,#10533,#10537,#10541,#10544,#10547,#10551,#10555,#10559,#10563,#10567,#10571,#10575,#10579,#10583,#10587,#10591,#10595,#10598,#10601,#10605,#10609,#10613,#10617,#10621,#10625,#10631,#10635,#10639,#10643,#10647,#10651,#10655,#10659,#10663,#10666,#10669,#10673,#10677,#10681,#10685,#10689,#10693,#10697,#10701,#10705,#10709,#10713,#10717,#10721,#10727,#10731,#10735,#10739,#10743,#10747,#10750,#10754,#10758,#10761,#10765,#10769,#10773,#10777,#10781,#10785,#10789,#10793,#10797,#10801,#10805,#10809,#10813,#10817,#10821,#10825,#10829,#10833,#10837,#10841,#10845,#10849,#10853,#10857,#10861,#10865,#10869,#10873,#10877,#10881,#10885,#10889,#10893,#10897,#10901,#10905,#10909,#10913,#10917,#10921,#10925,#10929,#10933,#10937,#10941,#10945,#10949,#10953,#10957,#10961,#10965,#10969,#10973,#10977,#10981,#10985,#10989,#10993,#10997,#11001,#11005,#11009,#11013,#11017,#11021,#11025,#11029,#11033,#11037,#11041,#11045,#11049,#11052,#11055,#11059,#11062,#11065,#11069,#11073,#11077,#11081,#11085,#11089,#11093,#11097,#11101,#11105,#11109,#11113,#11117,#11120,#11123,#11126,#11129,#11133,#11137,#11141,#11145,#11149,#11153,#11157,#11161,#11165,#11169,#11172,#11175,#11179,#11183,#11187,#11191,#11195,#11199,#11203,#11207,#11211,#11214,#11217,#11221,#11225,#11229,#11233,#11237,#11241,#11245,#11249,#11253,#11257,#11261,#11265,#11269,#11273,#11277,#11281,#11285,#11289,#11293,#11297,#11301,#11305,#11309,#11313,#11317,#11321,#11325,#11329,#11333,#11337,#11341,#11345,#11349,#11353,#11357,#11361,#11365,#11369,#11373,#11377,#11381,#11385,#11389,#11393,#11397,#11401,#11405,#11409,#11413,#11417,#11421,#11425,#11429,#11433,#11437,#11441,#11445,#11449,#11453,#11457,#11461,#11465,#11469,#11473,#11477,#11481,#11485,#11489,#11493,#11497,#11501,#11505,#11509,#11513,#11517,#11521,#11525,#11529,#11533,#11537,#11541,#11545,#11549,#11553,#11557,#11561,#11565,#11569,#11573,#11579,#11585,#11589,#11593,#11597,#11600,#11606,#11612,#11616,#11622,#11626,#11630,#11636,#11640,#11646,#11650,#11654,#11658,#11662,#11666,#11670,#11676,#11680,#11684,#11688,#11692,#11696,#11700,#11704,#11708,#11712,#11716,#11720,#11724,#11728,#11732,#11736,#11740,#11744,#11748,#11752,#11756,#11760,#11763,#11767,#11770,#11774,#11778,#11782,#11786,#11789,#11793,#11797,#11801,#11805,#11809,#11813,#11817,#11821,#11825,#11829,#11833,#11837,#11841,#11845,#11849,#11853,#11857,#11861,#11865,#11871,#11875,#11879,#11883,#11887,#11891,#11895,#11899,#11903,#11907,#11911,#11915,#11919,#11923,#11927,#11931,#11935,#11939,#11943,#11947,#11951,#11955,#11959,#11963,#11967,#11971,#11975,#11979,#11983,#11987,#11991,#11997,#12001,#12005,#12009,#12013,#12017,#12021,#12025,#12029,#12033,#12037,#12041,#12045,#12049,#12053,#12057,#12061,#12065,#12071,#12075,#12079,#12083,#12087,#12091,#12095,#12099,#12103,#12107,#12113,#12119,#12123,#12129,#12133,#12137,#12141,#12145,#12149,#12153,#12157,#12161,#12165,#12169,#12173,#12177,#12181,#12184,#12188,#12192,#12198,#12202,#12206,#12210,#12214,#12218,#12222,#12226,#12230,#12234,#12238,#12242,#12246,#12250,#12254,#12258,#12262,#12266,#12270,#12274,#12278,#12284,#12288,#12292,#12296,#12300,#12304,#12308,#12312,#12316,#12320,#12324,#12328,#12332,#12336,#12340,#12344,#12348,#12352,#12356,#12360,#12364,#12368,#12372,#12376,#12380,#12384,#12388,#12392,#12396,#12400,#12404,#12408,#12412,#12416,#12420,#12423,#12426,#12430,#12434,#12438,#12442,#12446,#12450,#12454,#12458,#12462,#12466,#12470,#12474,#12478,#12482,#12486,#12490,#12494,#12498,#12502,#12506,#12510,#12514,#12518,#12522,#12526,#12530,#12534,#12538,#12542,#12546,#12550,#12554,#12558,#12562,#12566,#12570,#12574,#12578,#12582,#12586,#12590,#12594,#12600,#12604,#12608,#12612,#12616,#12620,#12624,#12628,#12632,#12636,#12640,#12644,#12648,#12652,#12656,#12660,#12666,#12670,#12674,#12678,#12682,#12686,#12690,#12694,#12698,#12702,#12706,#12710,#12716,#12720,#12724,#12728,#12732,#12736,#12739,#12743,#12747,#12751,#12755,#12759,#12763,#12766,#12769,#12772,#12776,#12780,#12786,#12790,#12794,#12797,#12800,#12804,#12808,#12812,#12816,#12820,#12823,#12826,#12830,#12834,#12838,#12842,#12846,#12850,#12854,#12858,#12862,#12866,#12870,#12874,#12878,#12882,#12886,#12890,#12894,#12898,#12901,#12904,#12908,#12912,#12916,#12920,#12924,#12928,#12932,#12938,#12942,#12946,#12950,#12954,#12958,#12962,#12966,#12970,#12974,#12978,#12982,#12986,#12990,#12994,#12998,#13002,#13005,#13008,#13012,#13016,#13020,#13024,#13027,#13031,#13035,#13039,#13043,#13047,#13051,#13055,#13059,#13063,#13067,#13071,#13075,#13079,#13083,#13087,#13091,#13095,#13099,#13102,#13105,#13109,#13113,#13117,#13121,#13125,#13129,#13133,#13137,#13141,#13145,#13149,#13153,#13157,#13161,#13165,#13169,#13173,#13177,#13181,#13184,#13187,#13191,#13195,#13199,#13203,#13207,#13211,#13215,#13219,#13223,#13227,#13231,#13235,#13239,#13242,#13245,#13249,#13253,#13257,#13261,#13265,#13269,#13273,#13277,#13281,#13285,#13289,#13293,#13296,#13299,#13303,#13307,#13311,#13315,#13319,#13323,#13329,#13333,#13337,#13341,#13345,#13349,#13353,#13357,#13361,#13364,#13367,#13371,#13375,#13379,#13383,#13387,#13391,#13395,#13399,#13403,#13407,#13411,#13415,#13419,#13425,#13429,#13433,#13437,#13441,#13445,#13448,#13452,#13456,#13459,#13463,#13467,#13471,#13475,#13479,#13483,#13487,#13491,#13495,#13499,#13503,#13507,#13511,#13515,#13519,#13523,#13527,#13531,#13535,#13539,#13543,#13547,#13551,#13555,#13559,#13563,#13567,#13571,#13575,#13579,#13583,#13587,#13591,#13595,#13599,#13603,#13607,#13611,#13615,#13619,#13623,#13627,#13631,#13635,#13639,#13643,#13647,#13651,#13655,#13659,#13663,#13667,#13671,#13675,#13679,#13683,#13687,#13691,#13695,#13699,#13703,#13707,#13711,#13715,#13719,#13723,#13727,#13731,#13735,#13739,#13743,#13747,#13750,#13753,#13757,#13760,#13763,#13767,#13771,#13775,#13779,#13783,#13787,#13791,#13795,#13799,#13803,#13807,#13811,#13815,#13818,#13821,#13824,#13827,#13831,#13835,#13839,#13843,#13847,#13851,#13855,#13859,#13863,#13867,#13870,#13873,#13877,#13881,#13885,#13889,#13893,#13897,#13901,#13905,#13909,#13912,#13915,#13919,#13923,#13927,#13931,#13935,#13939,#13943,#13947,#13951,#13955,#13959,#13963,#13967,#13971,#13975,#13979,#13983,#13987,#13991,#13995,#13999,#14003,#14007,#14011,#14015,#14019,#14023,#14027,#14031,#14035,#14039,#14043,#14047,#14051,#14055,#14059,#14063,#14067,#14071,#14075,#14079,#14083,#14087,#14091,#14095,#14099,#14103,#14107,#14111,#14115,#14119,#14123,#14127,#14131,#14135,#14139,#14143,#14147,#14151,#14155,#14159,#14163,#14167,#14171,#14175,#14179,#14183,#14187,#14191,#14195,#14199,#14203,#14207,#14211,#14215,#14219,#14223,#14227,#14231,#14235,#14239,#14243,#14247,#14251,#14255,#14259,#14263,#14267,#14271,#14277,#14281,#14285,#14289,#14293,#14297,#14301,#14305,#14309,#14313,#14317,#14321,#14325,#14329));
#14331=IFCFACEBASEDSURFACEMODEL((#14330));
#14332=IFCSHAPEREPRESENTATION(#101,'Body','SurfaceModel',(#14331));
#14333=IFCAXIS2PLACEMENT3D(#3,$,$);
#14334=IFCREPRESENTATIONMAP(#14333,#14332);
#14335=IFCBUILDINGELEMENTPROXYTYPE('1Gn_sk0Lr0tem9XdvTXaPh',#18,'M_RPC Tree - Deciduous:Siberian Crab Apple - 6.1 Meters',$,$,$,(#14334),'105469',$,.NOTDEFINED.);
#14336=IFCMATERIAL('<Unnamed>');
#14337=IFCMAPPEDITEM(#14334,#1188);
#14338=IFCSHAPEREPRESENTATION(#101,'Body','MappedRepresentation',(#14337));
#14339=IFCPRODUCTDEFINITIONSHAPE($,$,(#14338));
#14340=IFCCARTESIANPOINT((583.07304206884055,7851.7015553552883,0.));
#14341=IFCAXIS2PLACEMENT3D(#14340,$,$);
#14342=IFCLOCALPLACEMENT(#111,#14341);
#14343=IFCBUILDINGELEMENTPROXY('2cXV28XOjE6f6irgi0CPj4',#18,'M_RPC Tree - Deciduous:Siberian Crab Apple - 6.1 Meters:356904',$,'M_RPC Tree - Deciduous:Siberian Crab Apple - 6.1 Meters',#14342,#14339,'356904',$);
#14344=IFCPROPERTYSINGLEVALUE('Reference',$,IFCIDENTIFIER('Siberian Crab Apple - 6.1 Meters'),$);
#14345=IFCPROPERTYSET('122_uYew_GCwJ4vjuG3XH2',#18,'Pset_BuildingElementProxyCommon',$,(#14344));
#14346=IFCPROPERTYSET('0Gc7vWfAH4FZAvsm2n8zjl',#18,'Pset_QuantityTakeOff',$,(#14344));
#14347=IFCRELDEFINESBYPROPERTIES('2wJ4gprljnci06Uc4nYbMk',#18,$,$,(#14343),#14345);
#14348=IFCRELDEFINESBYPROPERTIES('2u5YIH5oCCtUbWNuJ01Tqk',#18,$,$,(#14343),#14346);
#14349=IFCMAPPEDITEM(#14334,#1188);
#14350=IFCSHAPEREPRESENTATION(#101,'Body','MappedRepresentation',(#14349));
#14351=IFCPRODUCTDEFINITIONSHAPE($,$,(#14350));
#14352=IFCCARTESIANPOINT((15483.073042068849,8651.7015553552883,0.));
#14353=IFCAXIS2PLACEMENT3D(#14352,$,$);
#14354=IFCLOCALPLACEMENT(#111,#14353);
#14355=IFCBUILDINGELEMENTPROXY('2cXV28XOjE6f6irgi0CPiD',#18,'M_RPC Tree - Deciduous:Siberian Crab Apple - 6.1 Meters:356961',$,'M_RPC Tree - Deciduous:Siberian Crab Apple - 6.1 Meters',#14354,#14351,'356961',$);
#14356=IFCPROPERTYSET('0NUTbJmbRxpiHWi6wzogZD',#18,'Pset_BuildingElementProxyCommon',$,(#14344));
#14357=IFCPROPERTYSET('0Nmz9gSv9izTYv3qkPK07c',#18,'Pset_QuantityTakeOff',$,(#14344));
#14358=IFCRELDEFINESBYPROPERTIES('3AADqqfb_HhLb9T1jg7lyy',#18,$,$,(#14355),#14356);
#14359=IFCRELDEFINESBYPROPERTIES('04ssz4onYGgRUDvC9pWTlS',#18,$,$,(#14355),#14357);
#14360=IFCMAPPEDITEM(#14334,#1188);
#14361=IFCSHAPEREPRESENTATION(#101,'Body','MappedRepresentation',(#14360));
#14362=IFCPRODUCTDEFINITIONSHAPE($,$,(#14361));
#14363=IFCCARTESIANPOINT((25983.073042068849,10251.701555355288,0.));
#14364=IFCAXIS2PLACEMENT3D(#14363,$,$);
#14365=IFCLOCALPLACEMENT(#111,#14364);
#14366=IFCBUILDINGELEMENTPROXY('2cXV28XOjE6f6irgi0CPl_',#18,'M_RPC Tree - Deciduous:Siberian Crab Apple - 6.1 Meters:357010',$,'M_RPC Tree - Deciduous:Siberian Crab Apple - 6.1 Meters',#14365,#14362,'357010',$);
#14367=IFCPROPERTYSET('2JFxu5kVJVOHA3iQxgc62I',#18,'Pset_BuildingElementProxyCommon',$,(#14344));
#14368=IFCPROPERTYSET('3Yox_mmmmuogw8q1NydtEO',#18,'Pset_QuantityTakeOff',$,(#14344));
#14369=IFCRELDEFINESBYPROPERTIES('1IjMvS4pa$HrHBOO26Tj2$',#18,$,$,(#14366),#14367);
#14370=IFCRELDEFINESBYPROPERTIES('318kO8enxOEvhSZgebNA4_',#18,$,$,(#14366),#14368);
#14371=IFCMAPPEDITEM(#14334,#1188);
#14372=IFCSHAPEREPRESENTATION(#101,'Body','MappedRepresentation',(#14371));
#14373=IFCPRODUCTDEFINITIONSHAPE($,$,(#14372));
#14374=IFCCARTESIANPOINT((24583.073042068816,-6657.9730203213276,0.));
#14375=IFCAXIS2PLACEMENT3D(#14374,$,$);
#14376=IFCLOCALPLACEMENT(#111,#14375);
#14377=IFCBUILDINGELEMENTPROXY('2cXV28XOjE6f6irgi0CPkd',#18,'M_RPC Tree - Deciduous:Siberian Crab Apple - 6.1 Meters:357067',$,'M_RPC Tree - Deciduous:Siberian Crab Apple - 6.1 Meters',#14376,#14373,'357067',$);
#14378=IFCPROPERTYSET('16Juk8sRi3b11ZNR6optTg',#18,'Pset_BuildingElementProxyCommon',$,(#14344));
#14379=IFCPROPERTYSET('1Rpgv0JNGLxH6$mEcwbcJX',#18,'Pset_QuantityTakeOff',$,(#14344));
#14380=IFCRELDEFINESBYPROPERTIES('2_G5_4qsVsIG9Ph8IW1VIW',#18,$,$,(#14377),#14378);
#14381=IFCRELDEFINESBYPROPERTIES('3m0o$wol70omcqGArdx89g',#18,$,$,(#14377),#14379);
#14382=IFCMAPPEDITEM(#14334,#1188);
#14383=IFCSHAPEREPRESENTATION(#101,'Body','MappedRepresentation',(#14382));
#14384=IFCPRODUCTDEFINITIONSHAPE($,$,(#14383));
#14385=IFCCARTESIANPOINT((13983.073042068811,-11448.298444644743,0.));
#14386=IFCAXIS2PLACEMENT3D(#14385,$,$);
#14387=IFCLOCALPLACEMENT(#111,#14386);
#14388=IFCBUILDINGELEMENTPROXY('2cXV28XOjE6f6irgi0CPfi',#18,'M_RPC Tree - Deciduous:Siberian Crab Apple - 6.1 Meters:357120',$,'M_RPC Tree - Deciduous:Siberian Crab Apple - 6.1 Meters',#14387,#14384,'357120',$);
#14389=IFCPROPERTYSET('3MUJaXQ8D4PbgGHDjxKUUg',#18,'Pset_BuildingElementProxyCommon',$,(#14344));
#14390=IFCPROPERTYSET('1iJFcL4J65r6pyFZZ9w7ro',#18,'Pset_QuantityTakeOff',$,(#14344));
#14391=IFCRELDEFINESBYPROPERTIES('0I5bVLH0591XUfJRJyJMZ6',#18,$,$,(#14388),#14389);
#14392=IFCRELDEFINESBYPROPERTIES('0v0LXLhk_nAyYAIahbiaQJ',#18,$,$,(#14388),#14390);
#14393=IFCMAPPEDITEM(#14334,#1188);
#14394=IFCSHAPEREPRESENTATION(#101,'Body','MappedRepresentation',(#14393));
#14395=IFCPRODUCTDEFINITIONSHAPE($,$,(#14394));
#14396=IFCCARTESIANPOINT((783.07304206874767,-11248.298444644743,0.));
#14397=IFCAXIS2PLACEMENT3D(#14396,$,$);
#14398=IFCLOCALPLACEMENT(#111,#14397);
#14399=IFCBUILDINGELEMENTPROXY('2cXV28XOjE6f6irgi0CPfT',#18,'M_RPC Tree - Deciduous:Siberian Crab Apple - 6.1 Meters:357169',$,'M_RPC Tree - Deciduous:Siberian Crab Apple - 6.1 Meters',#14398,#14395,'357169',$);
#14400=IFCPROPERTYSET('0R_528mmcmM6f1gfTEHTp3',#18,'Pset_BuildingElementProxyCommon',$,(#14344));
#14401=IFCPROPERTYSET('16WVDyn0SpG9AzrG1mvjY_',#18,'Pset_QuantityTakeOff',$,(#14344));
#14402=IFCRELDEFINESBYPROPERTIES('0PO8ZTQSltYl04EpSHcszg',#18,$,$,(#14399),#14400);
#14403=IFCRELDEFINESBYPROPERTIES('1jnb5WBBV2UwsGs2kt_8je',#18,$,$,(#14399),#14401);
#14404=IFCMAPPEDITEM(#14334,#1188);
#14405=IFCSHAPEREPRESENTATION(#101,'Body','MappedRepresentation',(#14404));
#14406=IFCPRODUCTDEFINITIONSHAPE($,$,(#14405));
#14407=IFCCARTESIANPOINT((-17882.667853681814,-7657.973020321263,0.));
#14408=IFCAXIS2PLACEMENT3D(#14407,$,$);
#14409=IFCLOCALPLACEMENT(#111,#14408);
#14410=IFCBUILDINGELEMENTPROXY('2cXV28XOjE6f6irgi0CPeU',#18,'M_RPC Tree - Deciduous:Siberian Crab Apple - 6.1 Meters:357234',$,'M_RPC Tree - Deciduous:Siberian Crab Apple - 6.1 Meters',#14409,#14406,'357234',$);
#14411=IFCPROPERTYSET('2X_spN4rn6$WAhzcwBiXeq',#18,'Pset_BuildingElementProxyCommon',$,(#14344));
#14412=IFCPROPERTYSET('19o2c3yrUWthSVJn3xJOgf',#18,'Pset_QuantityTakeOff',$,(#14344));
#14413=IFCRELDEFINESBYPROPERTIES('1fuieNZyUFtdu7n7ttkgtm',#18,$,$,(#14410),#14411);
#14414=IFCRELDEFINESBYPROPERTIES('1FQ3gPVpry$tjknxRxLZxE',#18,$,$,(#14410),#14412);
#14415=IFCMAPPEDITEM(#14334,#1188);
#14416=IFCSHAPEREPRESENTATION(#101,'Body','MappedRepresentation',(#14415));
#14417=IFCPRODUCTDEFINITIONSHAPE($,$,(#14416));
#14418=IFCCARTESIANPOINT((-18982.667853681793,6151.7015553553147,0.));
#14419=IFCAXIS2PLACEMENT3D(#14418,$,$);
#14420=IFCLOCALPLACEMENT(#111,#14419);
#14421=IFCBUILDINGELEMENTPROXY('2cXV28XOjE6f6irgi0CPht',#18,'M_RPC Tree - Deciduous:Siberian Crab Apple - 6.1 Meters:357275',$,'M_RPC Tree - Deciduous:Siberian Crab Apple - 6.1 Meters',#14420,#14417,'357275',$);
#14422=IFCPROPERTYSET('18f2DqDsa_WXtmWzi3bzSE',#18,'Pset_BuildingElementProxyCommon',$,(#14344));
#14423=IFCPROPERTYSET('3k5vtKQ2zE3zliIVkIzgfu',#18,'Pset_QuantityTakeOff',$,(#14344));
#14424=IFCRELDEFINESBYPROPERTIES('2d3fVbmTiNX7I2VKHODpch',#18,$,$,(#14421),#14422);
#14425=IFCRELDEFINESBYPROPERTIES('3oXqZ7Ld076wZZ8E770SAm',#18,$,$,(#14421),#14423);
#14426=IFCMAPPEDITEM(#14334,#1188);
#14427=IFCSHAPEREPRESENTATION(#101,'Body','MappedRepresentation',(#14426));
#14428=IFCPRODUCTDEFINITIONSHAPE($,$,(#14427));
#14429=IFCCARTESIANPOINT((-17282.667853681789,12251.701555355316,0.));
#14430=IFCAXIS2PLACEMENT3D(#14429,$,$);
#14431=IFCLOCALPLACEMENT(#111,#14430);
#14432=IFCBUILDINGELEMENTPROXY('2cXV28XOjE6f6irgi0CPgu',#18,'M_RPC Tree - Deciduous:Siberian Crab Apple - 6.1 Meters:357332',$,'M_RPC Tree - Deciduous:Siberian Crab Apple - 6.1 Meters',#14431,#14428,'357332',$);
#14433=IFCPROPERTYSET('202qL62Y2rzs7Su6QTPX4j',#18,'Pset_BuildingElementProxyCommon',$,(#14344));
#14434=IFCPROPERTYSET('14x32b45hn3lJCRkB8TIpm',#18,'Pset_QuantityTakeOff',$,(#14344));
#14435=IFCRELDEFINESBYPROPERTIES('2jTXa80oA2Pvo1xyeTace3',#18,$,$,(#14432),#14433);
#14436=IFCRELDEFINESBYPROPERTIES('1nmUSdWAp7BpXWwAaZmToN',#18,$,$,(#14432),#14434);
#14437=IFCMAPPEDITEM(#14334,#1188);
#14438=IFCSHAPEREPRESENTATION(#101,'Body','MappedRepresentation',(#14437));
#14439=IFCPRODUCTDEFINITIONSHAPE($,$,(#14438));
#14440=IFCCARTESIANPOINT((-5016.9269579311867,13551.701555355288,0.));
#14441=IFCAXIS2PLACEMENT3D(#14440,$,$);
#14442=IFCLOCALPLACEMENT(#111,#14441);
#14443=IFCBUILDINGELEMENTPROXY('2cXV28XOjE6f6irgi0CPgL',#18,'M_RPC Tree - Deciduous:Siberian Crab Apple - 6.1 Meters:357369',$,'M_RPC Tree - Deciduous:Siberian Crab Apple - 6.1 Meters',#14442,#14439,'357369',$);
#14444=IFCPROPERTYSET('3$MfF73GjH37Oa0Czlxjja',#18,'Pset_BuildingElementProxyCommon',$,(#14344));
#14445=IFCPROPERTYSET('10crPhju2QacW4UQburodx',#18,'Pset_QuantityTakeOff',$,(#14344));
#14446=IFCRELDEFINESBYPROPERTIES('3bKDLuKiAYa4yGHdfjW7GO',#18,$,$,(#14443),#14444);
#14447=IFCRELDEFINESBYPROPERTIES('2lRYb67wSnImMVZp_86s4G',#18,$,$,(#14443),#14445);
#14448=IFCMAPPEDITEM(#14334,#1188);
#14449=IFCSHAPEREPRESENTATION(#101,'Body','MappedRepresentation',(#14448));
#14450=IFCPRODUCTDEFINITIONSHAPE($,$,(#14449));
#14451=IFCCARTESIANPOINT((-17282.667853681789,-17348.298444644719,0.));
#14452=IFCAXIS2PLACEMENT3D(#14451,$,$);
#14453=IFCLOCALPLACEMENT(#111,#14452);
#14454=IFCBUILDINGELEMENTPROXY('2cXV28XOjE6f6irgi0CPq8',#18,'M_RPC Tree - Deciduous:Siberian Crab Apple - 6.1 Meters:357476',$,'M_RPC Tree - Deciduous:Siberian Crab Apple - 6.1 Meters',#14453,#14450,'357476',$);
#14455=IFCPROPERTYSET('0I56SY$0z5bnR_uWieqRiF',#18,'Pset_BuildingElementProxyCommon',$,(#14344));
#14456=IFCPROPERTYSET('04$OGOb341kRTbmkp0xR1P',#18,'Pset_QuantityTakeOff',$,(#14344));
#14457=IFCRELDEFINESBYPROPERTIES('2WEWq$QBHPsQIVS77aImD0',#18,$,$,(#14454),#14455);
#14458=IFCRELDEFINESBYPROPERTIES('0aXrwD2WahWJKVj1sy_73J',#18,$,$,(#14454),#14456);
#14459=IFCPROPERTYSINGLEVALUE('Name',$,IFCLABEL('Level 1'),$);
#14460=IFCPROPERTYSET('3pajDo1QSo$Zr5kcJ7WZvz',#18,'Pset_AirSideSystemInformation',$,(#14459));
#14461=IFCPROPERTYSINGLEVALUE('AboveGround',$,IFCLOGICAL(.U.),$);
#14462=IFCPROPERTYSET('2QFFSloDKLdASEirlNrsWG',#18,'Pset_BuildingStoreyCommon',$,(#14461));
#14463=IFCPROPERTYSINGLEVALUE('Name',$,IFCLABEL('Level 1'),$);
#14464=IFCPROPERTYSET('0Jn3ZcoXbsSExgN1KMPBrd',#18,'Pset_ProductRequirements',$,(#14463));
#14465=IFCRELDEFINESBYPROPERTIES('1Da_uB3ifLZAiBs8ApqL8T',#18,$,$,(#112),#14460);
#14466=IFCRELDEFINESBYPROPERTIES('24vWbHxUvnwTMhwrnGQFQP',#18,$,$,(#112),#14462);
#14467=IFCRELDEFINESBYPROPERTIES('3dNMqG5qInx8MCGyv3CU_c',#18,$,$,(#112),#14464);
#14468=IFCRELCONTAINEDINSPATIALSTRUCTURE('3Zu5Bv0LOHrPC10066FoQQ',#18,$,$,(#319,#1000,#1037,#1079,#1116,#1195,#1220,#1235,#1250,#1265,#1299,#1349,#1408,#1430,#1445,#1468,#6061,#6142,#6159,#6170,#6181,#6192,#6203,#6214,#6225,#6236,#6247,#6258,#6269,#6280,#6291,#6311,#6346,#6383,#6399,#6415,#6727,#7436,#7455,#7481,#7507,#7525,#7540,#7555,#7570,#7585,#7608,#7634,#7652,#7667,#7682,#7705,#7723,#7734,#7745,#7756,#7767,#7778,#7789,#7800,#7811,#7822,#7833,#7844,#7855,#7866,#7877,#7893,#14343,#14355,#14366,#14377,#14388,#14399,#14410,#14421,#14432,#14443,#14454),#112);
#14469=IFCPROPERTYSINGLEVALUE('Name',$,IFCLABEL('Level 2'),$);
#14470=IFCPROPERTYSET('2mTLlmyrfKDEBBLtdwqw7L',#18,'Pset_AirSideSystemInformation',$,(#14469));
#14471=IFCPROPERTYSET('2y6jqut2mGsxPM5c1zUPr2',#18,'Pset_BuildingStoreyCommon',$,(#14461));
#14472=IFCPROPERTYSINGLEVALUE('Name',$,IFCLABEL('Level 2'),$);
#14473=IFCPROPERTYSET('1NhGbMdWc6$OcOXv1TJ_Wu',#18,'Pset_ProductRequirements',$,(#14472));
#14474=IFCRELDEFINESBYPROPERTIES('16d15dL922K3ec_Ua5xAkw',#18,$,$,(#116),#14470);
#14475=IFCRELDEFINESBYPROPERTIES('03h9WtlPXy$ENv9AiS5UZC',#18,$,$,(#116),#14471);
#14476=IFCRELDEFINESBYPROPERTIES('0ZduuN29N$9gX6yyEYBAf0',#18,$,$,(#116),#14473);
#14477=IFCRELCONTAINEDINSPATIALSTRUCTURE('15Z0v90RiHrPC20066FoKR',#18,$,$,(#6431,#6453,#6479,#6505,#6531,#6549,#6560,#6571,#6582,#6593,#6604,#6615,#6626,#6637,#6648,#6659,#6670,#6681,#6692,#6708,#7904),#116);
#14478=IFCRELAGGREGATES('1cgatzI7_LPva18FTesjeq',#18,$,$,#104,(#119));
#14479=IFCRELAGGREGATES('2inoOINovtIrddlfm4k820',#18,$,$,#119,(#109));
#14480=IFCRELAGGREGATES('3Zu5Bv0LOHrPC100A6FoQQ',#18,$,$,#112,(#130,#151,#172,#193,#214,#235,#256,#277));
#14481=IFCRELAGGREGATES('27PCKGLxT4mxtV9cw6mgBW',#18,$,$,#109,(#112,#116));
#14482=IFCPROPERTYSINGLEVALUE('NumberOfStoreys',$,IFCINTEGER(2),$);
#14483=IFCPROPERTYSINGLEVALUE('IsLandmarked',$,IFCLOGICAL(.U.),$);
#14484=IFCPROPERTYSET('0oUniPAcBj2dGk88yUI2kH',#18,'Pset_BuildingCommon',$,(#14482,#14483));
#14485=IFCRELDEFINESBYPROPERTIES('1dcXUCp3iTD_V_1d$T0U$W',#18,$,$,(#109),#14484);
#14486=IFCRELASSOCIATESMATERIAL('0g2EwnMoyQugiDZYVQcR5p',#18,$,$,(#319,#1037,#1079,#1116,#1468,#6453,#6479,#6505,#6531,#6727,#7455,#7481,#7507,#7705),#327);
#14487=IFCRELASSOCIATESMATERIAL('1o0gXkBAgdD92_CgbIQ7YG',#18,$,$,(#1176,#1195,#1220,#1235,#1250,#1265,#1401,#1408,#1430,#1445,#7525,#7540,#7555,#7570,#7585,#7652,#7667,#7682),#1187);
#14488=IFCRELASSOCIATESMATERIAL('3YOQMxp76g5Xr8Kr2wA11F',#18,$,$,(#1299,#1349,#7608,#7634),#1302);
#14489=IFCRELASSOCIATESMATERIAL('0Oiat5KUw3oRPDW4T6Fzyh',#18,$,$,(#6038,#6061,#7723),#6054);
#14490=IFCRELASSOCIATESMATERIAL('267cBeLHmFQZQDQdnl1oRx',#18,$,$,(#6129,#6142,#6159,#6170,#6181,#6192,#6203,#6214,#6225,#6236,#6247,#6258,#6269,#6280,#6291,#6549,#6560,#6571,#6582,#6593,#6604,#6615,#6626,#6637,#6648,#6659,#6670,#6681,#6692,#7734,#7745,#7756,#7767,#7778,#7789,#7800,#7811,#7822,#7833,#7844,#7855,#7866,#7877),#6135);
#14491=IFCRELASSOCIATESMATERIAL('0zyBpcOGFR7OUBowMjssjl',#18,$,$,(#6311,#6431,#7893),#6320);
#14492=IFCRELASSOCIATESMATERIAL('2c$2rYfpaqYgwQVOwZVt7U',#18,$,$,(#6346,#6383,#6399,#6415,#6708),#6364);
#14493=IFCRELASSOCIATESMATERIAL('3_OQORKdWdS38DHfqsd4IZ',#18,$,$,(#8693,#8714,#8727,#8739,#8751,#8763,#8775,#8787,#8799,#8811,#8823,#8835,#8847,#8859,#8871),#8704);
#14494=IFCRELASSOCIATESMATERIAL('3wXTM$_f3Cne9sVLGPOq72',#18,$,$,(#328),#326);
#14495=IFCRELASSOCIATESMATERIAL('3FHjeFEeyChOiZav19Qs1P',#18,$,$,(#1303),#1301);
#14496=IFCRELASSOCIATESMATERIAL('1qYFaGcTO_Y0uqqSW6_7OF',#18,$,$,(#6312),#6319);
#14497=IFCRELASSOCIATESMATERIAL('0bHa7ug14HmW1IrcXVCsVU',#18,$,$,(#7904,#7922),#7930);
#14498=IFCRELASSOCIATESMATERIAL('3YJPtMpTm6Rn3hrmYAdjt2',#18,$,$,(#14335,#14343,#14355,#14366,#14377,#14388,#14399,#14410,#14421,#14432,#14443,#14454),#14336);
#14499=IFCRELDEFINESBYTYPE('15d46UurtGWsAis9yys0m6',#18,$,$,(#130),#131);
#14500=IFCRELDEFINESBYTYPE('27lkgFoD_9V0advGAFtrTq',#18,$,$,(#151),#152);
#14501=IFCRELDEFINESBYTYPE('254SrHK9T4oFv1MEmL7S4r',#18,$,$,(#172),#173);
#14502=IFCRELDEFINESBYTYPE('1tmDTaBI2pfDV41LbJFpQo',#18,$,$,(#193),#194);
#14503=IFCRELDEFINESBYTYPE('2h7dMIZ8ow833EA58tioMY',#18,$,$,(#214),#215);
#14504=IFCRELDEFINESBYTYPE('3q9bCrAghKIMgBwoQ2g1Sz',#18,$,$,(#235),#236);
#14505=IFCRELDEFINESBYTYPE('0vQBLM65diV5LpFGv7jpoO',#18,$,$,(#256),#257);
#14506=IFCRELDEFINESBYTYPE('3ATY7BQZvUWtxG8TjP$THu',#18,$,$,(#277),#278);
#14507=IFCRELDEFINESBYTYPE('23DATH1asIvofEW98TUqOe',#18,$,$,(#319,#1037,#1079,#1116,#1468,#6453,#6479,#6505,#6531,#6727,#7455,#7481,#7507,#7705),#328);
#14508=IFCRELDEFINESBYTYPE('0KHxCvhgdLe7ObcaobUFJS',#18,$,$,(#1000,#7436),#1001);
#14509=IFCRELDEFINESBYTYPE('1umI94V1kI3btv6vLH_cVU',#18,$,$,(#1195,#1220,#1235,#1250,#1265,#7525,#7540,#7555,#7570,#7585),#1176);
#14510=IFCRELDEFINESBYTYPE('1Xto49NrOA0qsPitBZDMdD',#18,$,$,(#1299,#1349,#7608,#7634),#1303);
#14511=IFCRELDEFINESBYTYPE('2_sepbl7_AHHS9TCHU$4UY',#18,$,$,(#1408,#1430,#1445,#7652,#7667,#7682),#1401);
#14512=IFCRELDEFINESBYTYPE('2PKE44Xv3gSO0RHEiYp$7D',#18,$,$,(#6061,#7723),#6038);
#14513=IFCRELDEFINESBYTYPE('1TqDpRb8HWnNqn54_sjbT3',#18,$,$,(#6142,#6159,#6170,#6181,#6192,#6203,#6214,#6225,#6236,#6247,#6258,#6269,#6280,#6291,#6549,#6560,#6571,#6582,#6593,#6604,#6615,#6626,#6637,#6648,#6659,#6670,#6681,#6692,#7734,#7745,#7756,#7767,#7778,#7789,#7800,#7811,#7822,#7833,#7844,#7855,#7866,#7877),#6129);
#14514=IFCRELDEFINESBYTYPE('1c_qU9vKvGjzSVBklnIQZh',#18,$,$,(#6311,#6431,#7893),#6312);
#14515=IFCRELDEFINESBYTYPE('3Xc2Qcv3N2ZXyUjexyFY8i',#18,$,$,(#6346,#6383,#6399,#6415,#6708),#6347);
#14516=IFCRELDEFINESBYTYPE('28TCvc_BGARMC6FdQzfGkZ',#18,$,$,(#7922),#7923);
#14517=IFCRELDEFINESBYTYPE('2wITetu6fpJdBDuSHCVdpH',#18,$,$,(#8714,#8727,#8739,#8751,#8763,#8775,#8787,#8799,#8811,#8823,#8835,#8847,#8859,#8871),#8693);
#14518=IFCRELDEFINESBYTYPE('2PxYoQCPN4CH98eC9PvZYz',#18,$,$,(#14343,#14355,#14366,#14377,#14388,#14399,#14410,#14421,#14432,#14443,#14454),#14335);
#14519=IFCRELCONNECTSPATHELEMENTS('3WJ4FTPIxk5lczqDQoxoov',#18,'1F6umJ5H50aeL3A1As_wTm|2cXV28XOjE6f6irgi0COkg','Structural',$,#319,#1037,(),(),.ATSTART.,.ATSTART.);
#14520=IFCRELCONNECTSPATHELEMENTS('2GcOW5248UzBtlZ4mXGG0H',#18,'1F6umJ5H50aeL3A1As_wTm|2cXV28XOjE6f6irgi0COfF','Structural',$,#319,#1079,(),(),.ATSTART.,.ATEND.);
#14521=IFCRELCONNECTSPATHELEMENTS('0CzDBmXLxMz95cISlA5UPg',#18,'2cXV28XOjE6f6irgi0COkg|2cXV28XOjE6f6irgi0COez','Structural',$,#1037,#1116,(),(),.ATEND.,.ATEND.);
#14522=IFCRELCONNECTSPATHELEMENTS('02S5xc0IZ4oy1eZGlS24MY',#18,'2cXV28XOjE6f6irgi0COfF|2cXV28XOjE6f6irgi0COez','Structural',$,#1079,#1116,(),(),.ATSTART.,.ATEND.);
#14523=IFCRELCONNECTSPATHELEMENTS('1HDp_cv2dIs0RroPv$eVfi',#18,'2cXV28XOjE6f6irgi0COkg|2cXV28XOjE6f6irgi0COsy','Structural',$,#1037,#1299,(),(),.ATSTART.,.ATPATH.);
#14524=IFCRELCONNECTSPATHELEMENTS('3IE5gDPgNa5U3XwifQjTlA',#18,'2cXV28XOjE6f6irgi0COfF|2cXV28XOjE6f6irgi0COsy','Structural',$,#1079,#1299,(),(),.ATEND.,.ATPATH.);
#14525=IFCRELCONNECTSPATHELEMENTS('3drPwloM$WXJpXHJ9GehSP',#18,'2cXV28XOjE6f6irgi0COkg|2cXV28XOjE6f6irgi0COn5','Structural',$,#1037,#1349,(),(),.ATSTART.,.ATPATH.);
#14526=IFCRELCONNECTSPATHELEMENTS('2NqZPo31qcRsEmKPEFeyVJ',#18,'2cXV28XOjE6f6irgi0COfF|2cXV28XOjE6f6irgi0COn5','Structural',$,#1079,#1349,(),(),.ATEND.,.ATPATH.);
#14527=IFCRELCONNECTSPATHELEMENTS('1QzETFM11FpKLu9ypKXCAU',#18,'2cXV28XOjE6f6irgi0COsy|2cXV28XOjE6f6irgi0COzR','Structural',$,#1299,#1468,(),(),.ATSTART.,.ATPATH.);
#14528=IFCRELCONNECTSPATHELEMENTS('1oDfOeoY4_7Tuj6xKUFkc0',#18,'1F6umJ5H50aeL3A1As_wTm|2cXV28XOjE6f6irgi0COzR','Structural',$,#319,#1468,(),(),.ATEND.,.ATPATH.);
#14529=IFCRELCONNECTSPATHELEMENTS('24ps5447R2ZT46AASKlwNO',#18,'2cXV28XOjE6f6irgi0CO8W|2cXV28XOjE6f6irgi0CO8X','Structural',$,#6453,#6479,(),(),.ATSTART.,.ATSTART.);
#14530=IFCRELCONNECTSPATHELEMENTS('1CByImE6RcEdRBcVTvSQqM',#18,'2cXV28XOjE6f6irgi0CO8W|2cXV28XOjE6f6irgi0CO8Y','Structural',$,#6453,#6505,(),(),.ATSTART.,.ATEND.);
#14531=IFCRELCONNECTSPATHELEMENTS('1EcPk4blu6eoNUYDR7soOl',#18,'2cXV28XOjE6f6irgi0CO8X|2cXV28XOjE6f6irgi0CO8Z','Structural',$,#6479,#6531,(),(),.ATEND.,.ATEND.);
#14532=IFCRELCONNECTSPATHELEMENTS('3XE1s0RnbHCdxHUEUJOSes',#18,'2cXV28XOjE6f6irgi0CO8Y|2cXV28XOjE6f6irgi0CO8Z','Structural',$,#6505,#6531,(),(),.ATSTART.,.ATEND.);
#14533=IFCRELCONNECTSPATHELEMENTS('0NkVlmQu18vO15jFnOoLbW',#18,'2cXV28XOjE6f6irgi0COIb|2cXV28XOjE6f6irgi0COId','Structural',$,#6727,#7455,(),(),.ATSTART.,.ATSTART.);
#14534=IFCRELCONNECTSPATHELEMENTS('39k9buVlH2wYcexm2diU22',#18,'2cXV28XOjE6f6irgi0COIb|2cXV28XOjE6f6irgi0COIW','Structural',$,#6727,#7481,(),(),.ATSTART.,.ATEND.);
#14535=IFCRELCONNECTSPATHELEMENTS('1PpSTl4LBPuU0qwDEp5Xls',#18,'2cXV28XOjE6f6irgi0COId|2cXV28XOjE6f6irgi0COIX','Structural',$,#7455,#7507,(),(),.ATEND.,.ATEND.);
#14536=IFCRELCONNECTSPATHELEMENTS('2ogL5OGreBUB$1ZmYxbxYw',#18,'2cXV28XOjE6f6irgi0COIW|2cXV28XOjE6f6irgi0COIX','Structural',$,#7481,#7507,(),(),.ATSTART.,.ATEND.);
#14537=IFCRELCONNECTSPATHELEMENTS('24zeySWyPQJeBbNqy7onBk',#18,'2cXV28XOjE6f6irgi0COId|2cXV28XOjE6f6irgi0COI$','Structural',$,#7455,#7608,(),(),.ATSTART.,.ATPATH.);
#14538=IFCRELCONNECTSPATHELEMENTS('1zc6F8cvgUOs7tRTBZFG1t',#18,'2cXV28XOjE6f6irgi0COIW|2cXV28XOjE6f6irgi0COI$','Structural',$,#7481,#7608,(),(),.ATEND.,.ATPATH.);
#14539=IFCRELCONNECTSPATHELEMENTS('0pv2aRbWU6iOoHESGM_e6S',#18,'2cXV28XOjE6f6irgi0COId|2cXV28XOjE6f6irgi0COIu','Structural',$,#7455,#7634,(),(),.ATSTART.,.ATPATH.);
#14540=IFCRELCONNECTSPATHELEMENTS('3p6Dn2qDjb4ZhDjW22Cn76',#18,'2cXV28XOjE6f6irgi0COIW|2cXV28XOjE6f6irgi0COIu','Structural',$,#7481,#7634,(),(),.ATEND.,.ATPATH.);
#14541=IFCRELCONNECTSPATHELEMENTS('0NQgfdtPxZRDYXJ7qLsgwv',#18,'2cXV28XOjE6f6irgi0COI$|2cXV28XOjE6f6irgi0COIq','Structural',$,#7608,#7705,(),(),.ATSTART.,.ATPATH.);
#14542=IFCRELCONNECTSPATHELEMENTS('2aSrVzDv2zp5RcRxFkj4ab',#18,'2cXV28XOjE6f6irgi0COIb|2cXV28XOjE6f6irgi0COIq','Structural',$,#6727,#7705,(),(),.ATEND.,.ATPATH.);
#14543=IFCRELASSOCIATESCLASSIFICATION('1D40t5VFtousFFyAokudxi',#18,'Uniformat','Uniformat:_ASSEMBLY-CODE_',(#319,#1037,#1079,#1116,#1299,#1349,#1468,#6453,#6479,#6505,#6531,#6727,#7455,#7481,#7507,#7608,#7634,#7705),#344);
#14544=IFCRELASSOCIATESCLASSIFICATION('0$F4eOvq7RmsldqG59m3lU',#18,'Uniformat','Uniformat:Inside door: Assembly Code',(#1195,#1220,#1235,#1250,#1265,#1408,#1430,#1445,#7525,#7540,#7555,#7570,#7585,#7652,#7667,#7682),#1206);
#14545=IFCRELASSOCIATESCLASSIFICATION('15eLujccWTnFwI5NbxmUo$',#18,'Uniformat','Uniformat:C1020300',(#6061,#7723),#6067);
#14546=IFCRELASSOCIATESCLASSIFICATION('2I6bNABPrndSiu_y85Esbn',#18,'Uniformat','Uniformat:Window: Assembly Code',(#6142,#6159,#6170,#6181,#6192,#6203,#6214,#6225,#6236,#6247,#6258,#6269,#6280,#6291,#6549,#6560,#6571,#6582,#6593,#6604,#6615,#6626,#6637,#6648,#6659,#6670,#6681,#6692,#7734,#7745,#7756,#7767,#7778,#7789,#7800,#7811,#7822,#7833,#7844,#7855,#7866,#7877),#6148);
#14547=IFCPRESENTATIONLAYERASSIGNMENT('A-010-M_ROOM',$,(#128,#149,#170,#191,#212,#233,#254,#275),$);
#14548=IFCPRESENTATIONLAYERASSIGNMENT('A-200-M_WALL_EXT',$,(#293,#317,#1012,#1035,#1054,#1077,#1096,#1114,#1279,#1297,#1329,#1347,#1459,#1466,#6444,#6451,#6470,#6477,#6496,#6503,#6522,#6529,#6718,#6725,#7446,#7453,#7472,#7479,#7498,#7505,#7599,#7606,#7625,#7632,#7696,#7703),$);
#14549=IFCPRESENTATIONLAYERASSIGNMENT('A-000-M_MASS',$,(#998,#7434),$);
#14550=IFCPRESENTATIONLAYERASSIGNMENT('A-325-M_DOOR',$,(#1171,#1190,#1215,#1230,#1245,#1260,#1396,#1403,#1425,#1440,#6033,#6056,#7520,#7535,#7550,#7565,#7580,#7647,#7662,#7677,#7718),$);
#14551=IFCPRESENTATIONLAYERASSIGNMENT('A-314-M_WINDOW',$,(#6125,#6137,#6154,#6165,#6176,#6187,#6198,#6209,#6220,#6231,#6242,#6253,#6264,#6275,#6286,#6544,#6555,#6566,#6577,#6588,#6599,#6610,#6621,#6632,#6643,#6654,#6665,#6676,#6687,#7729,#7740,#7751,#7762,#7773,#7784,#7795,#7806,#7817,#7828,#7839,#7850,#7861,#7872),$);
#14552=IFCPRESENTATIONLAYERASSIGNMENT('A-230-M_FLOOR',$,(#6309,#6429,#7891),$);
#14553=IFCPRESENTATIONLAYERASSIGNMENT('A-350-M_CEILING',$,(#6344,#6381,#6397,#6413,#6706),$);
#14554=IFCPRESENTATIONLAYERASSIGNMENT('A-270-M_ROOF',$,(#7919),$);
#14555=IFCPRESENTATIONLAYERASSIGNMENT('A-700-M_FFE',$,(#8690,#8706,#8719,#8731,#8743,#8755,#8767,#8779,#8791,#8803,#8815,#8827,#8839,#8851,#8863),$);
#14556=IFCPRESENTATIONLAYERASSIGNMENT('L-940-M_PLANTING',$,(#14332,#14338,#14350,#14361,#14372,#14383,#14394,#14405,#14416,#14427,#14438,#14449),$);
#14557=IFCCARTESIANPOINT((914.99999999999909,457.50000000000023));
#14558=IFCAXIS2PLACEMENT2D(#14557,#11);
#14559=IFCRECTANGLEPROFILEDEF(.AREA.,$,#14558,1829.9999999999982,914.99999999999932);
#14560=IFCAXIS2PLACEMENT3D(#3,#8,#9);
#14561=IFCEXTRUDEDAREASOLID(#14559,#14560,#9,200.);
#14562=IFCSHAPEREPRESENTATION(#101,'Body','SweptSolid',(#14561));
#14563=IFCPRODUCTDEFINITIONSHAPE($,$,(#14562));
#14564=IFCCARTESIANPOINT((3500.,100.,305.));
#14565=IFCAXIS2PLACEMENT3D(#14564,$,$);
#14566=IFCLOCALPLACEMENT(#290,#14565);
#14567=IFCOPENINGELEMENT('2Ifo$bkdZ04NJypAHJFQv7',#18,'M_Fixed:0915 x 1830mm:354395:1',$,'Opening',#14566,#14563,'354395');
#14568=IFCRELVOIDSELEMENT('2cXV28XOjE6f6irhy0CO4t',#18,$,$,#319,#14567);
#14569=IFCRELFILLSELEMENT('1Y8cLBuieh8Wt95AwbYAo_',#18,$,$,#14567,#6214);
#14570=IFCAXIS2PLACEMENT3D(#3,#9,#6);
#14571=IFCLOCALPLACEMENT(#14566,#14570);
#14572=IFCCARTESIANPOINT((914.99999999999909,457.50000000000023));
#14573=IFCAXIS2PLACEMENT2D(#14572,#11);
#14574=IFCRECTANGLEPROFILEDEF(.AREA.,$,#14573,1829.9999999999982,914.99999999999932);
#14575=IFCAXIS2PLACEMENT3D(#3,#8,#9);
#14576=IFCEXTRUDEDAREASOLID(#14574,#14575,#9,200.);
#14577=IFCSHAPEREPRESENTATION(#101,'Body','SweptSolid',(#14576));
#14578=IFCPRODUCTDEFINITIONSHAPE($,$,(#14577));
#14579=IFCCARTESIANPOINT((5315.,100.,305.));
#14580=IFCAXIS2PLACEMENT3D(#14579,$,$);
#14581=IFCLOCALPLACEMENT(#290,#14580);
#14582=IFCOPENINGELEMENT('0rRH9bU2MSOXysAIH7AqQ3',#18,'M_Fixed:0915 x 1830mm:354443:1',$,'Opening',#14581,#14578,'354443');
#14583=IFCRELVOIDSELEMENT('2cXV28XOjE6f6irhy0CO7d',#18,$,$,#319,#14582);
#14584=IFCRELFILLSELEMENT('001Huaj0uJDw8EAVLaCoKx',#18,$,$,#14582,#6225);
#14585=IFCAXIS2PLACEMENT3D(#3,#9,#6);
#14586=IFCLOCALPLACEMENT(#14581,#14585);
#14587=IFCCARTESIANPOINT((1066.9999999999998,457.5));
#14588=IFCAXIS2PLACEMENT2D(#14587,#13);
#14589=IFCRECTANGLEPROFILEDEF(.AREA.,$,#14588,914.99999999999977,2133.9999999999995);
#14590=IFCAXIS2PLACEMENT3D(#3,#7,#9);
#14591=IFCEXTRUDEDAREASOLID(#14589,#14590,#9,200.);
#14592=IFCSHAPEREPRESENTATION(#101,'Body','SweptSolid',(#14591));
#14593=IFCPRODUCTDEFINITIONSHAPE($,$,(#14592));
#14594=IFCCARTESIANPOINT((17485.,-100.,0.));
#14595=IFCAXIS2PLACEMENT3D(#14594,$,$);
#14596=IFCLOCALPLACEMENT(#1009,#14595);
#14597=IFCOPENINGELEMENT('3vbsfqq4e6RBcxVE9BqxY$',#18,'M_Single-Flush:Inside Door:353300:1',$,'Opening',#14596,#14593,'353300');
#14598=IFCRELVOIDSELEMENT('2cXV28XOjE6f6irhy0COru',#18,$,$,#1037,#14597);
#14599=IFCRELFILLSELEMENT('0bylDE9eP01plYY3QQzgEe',#18,$,$,#14597,#1250);
#14600=IFCAXIS2PLACEMENT3D(#3,$,$);
#14601=IFCLOCALPLACEMENT(#14596,#14600);
#14602=IFCCARTESIANPOINT((1066.9999999999998,457.5));
#14603=IFCAXIS2PLACEMENT2D(#14602,#13);
#14604=IFCRECTANGLEPROFILEDEF(.AREA.,$,#14603,914.99999999999977,2133.9999999999995);
#14605=IFCAXIS2PLACEMENT3D(#3,#7,#9);
#14606=IFCEXTRUDEDAREASOLID(#14604,#14605,#9,200.);
#14607=IFCSHAPEREPRESENTATION(#101,'Body','SweptSolid',(#14606));
#14608=IFCPRODUCTDEFINITIONSHAPE($,$,(#14607));
#14609=IFCCARTESIANPOINT((15870.,-100.,0.));
#14610=IFCAXIS2PLACEMENT3D(#14609,$,$);
#14611=IFCLOCALPLACEMENT(#1009,#14610);
#14612=IFCOPENINGELEMENT('2xtiTeJkO_5LpjsbVLs_UM',#18,'M_Single-Flush:Inside Door:353417:1',$,'Opening',#14611,#14608,'353417');
#14613=IFCRELVOIDSELEMENT('2cXV28XOjE6f6irhy0COtb',#18,$,$,#1037,#14612);
#14614=IFCRELFILLSELEMENT('1apZVlKG1mpVV6QvCW9q4h',#18,$,$,#14612,#1265);
#14615=IFCAXIS2PLACEMENT3D(#3,$,$);
#14616=IFCLOCALPLACEMENT(#14611,#14615);
#14617=IFCCARTESIANPOINT((914.99999999999909,457.50000000000023));
#14618=IFCAXIS2PLACEMENT2D(#14617,#11);
#14619=IFCRECTANGLEPROFILEDEF(.AREA.,$,#14618,1829.9999999999982,914.99999999999932);
#14620=IFCAXIS2PLACEMENT3D(#3,#7,#9);
#14621=IFCEXTRUDEDAREASOLID(#14619,#14620,#9,200.);
#14622=IFCSHAPEREPRESENTATION(#101,'Body','SweptSolid',(#14621));
#14623=IFCPRODUCTDEFINITIONSHAPE($,$,(#14622));
#14624=IFCCARTESIANPOINT((13285.,-100.,305.));
#14625=IFCAXIS2PLACEMENT3D(#14624,$,$);
#14626=IFCLOCALPLACEMENT(#1009,#14625);
#14627=IFCOPENINGELEMENT('0Tdooc4nplDC50HSar2D1S',#18,'M_Fixed:0915 x 1830mm:353953:1',$,'Opening',#14626,#14623,'353953');
#14628=IFCRELVOIDSELEMENT('2cXV28XOjE6f6irhy0CO$D',#18,$,$,#1037,#14627);
#14629=IFCRELFILLSELEMENT('2x4Y8waTKHi96inXuh0gLz',#18,$,$,#14627,#6142);
#14630=IFCAXIS2PLACEMENT3D(#3,$,$);
#14631=IFCLOCALPLACEMENT(#14626,#14630);
#14632=IFCCARTESIANPOINT((914.99999999999909,457.50000000000023));
#14633=IFCAXIS2PLACEMENT2D(#14632,#11);
#14634=IFCRECTANGLEPROFILEDEF(.AREA.,$,#14633,1829.9999999999982,914.99999999999932);
#14635=IFCAXIS2PLACEMENT3D(#3,#7,#9);
#14636=IFCEXTRUDEDAREASOLID(#14634,#14635,#9,200.);
#14637=IFCSHAPEREPRESENTATION(#101,'Body','SweptSolid',(#14636));
#14638=IFCPRODUCTDEFINITIONSHAPE($,$,(#14637));
#14639=IFCCARTESIANPOINT((11770.,-100.,305.));
#14640=IFCAXIS2PLACEMENT3D(#14639,$,$);
#14641=IFCLOCALPLACEMENT(#1009,#14640);
#14642=IFCOPENINGELEMENT('0I_wvYhTO0Mo3t4kTeg4j0',#18,'M_Fixed:0915 x 1830mm:354004:1',$,'Opening',#14641,#14638,'354004');
#14643=IFCRELVOIDSELEMENT('2cXV28XOjE6f6irhy0CO_u',#18,$,$,#1037,#14642);
#14644=IFCRELFILLSELEMENT('0nwuxWsK$xZDFm84$BTbNz',#18,$,$,#14642,#6159);
#14645=IFCAXIS2PLACEMENT3D(#3,$,$);
#14646=IFCLOCALPLACEMENT(#14641,#14645);
#14647=IFCCARTESIANPOINT((914.99999999999909,457.50000000000023));
#14648=IFCAXIS2PLACEMENT2D(#14647,#11);
#14649=IFCRECTANGLEPROFILEDEF(.AREA.,$,#14648,1829.9999999999982,914.99999999999932);
#14650=IFCAXIS2PLACEMENT3D(#3,#7,#9);
#14651=IFCEXTRUDEDAREASOLID(#14649,#14650,#9,200.);
#14652=IFCSHAPEREPRESENTATION(#101,'Body','SweptSolid',(#14651));
#14653=IFCPRODUCTDEFINITIONSHAPE($,$,(#14652));
#14654=IFCCARTESIANPOINT((10255.,-100.,305.));
#14655=IFCAXIS2PLACEMENT3D(#14654,$,$);
#14656=IFCLOCALPLACEMENT(#1009,#14655);
#14657=IFCOPENINGELEMENT('2VU9czylPLusHwefMlVLiK',#18,'M_Fixed:0915 x 1830mm:354078:1',$,'Opening',#14656,#14653,'354078');
#14658=IFCRELVOIDSELEMENT('2cXV28XOjE6f6irhy0COvo',#18,$,$,#1037,#14657);
#14659=IFCRELFILLSELEMENT('1IOnIj5xN_XJ_bnIX4_I5a',#18,$,$,#14657,#6170);
#14660=IFCAXIS2PLACEMENT3D(#3,$,$);
#14661=IFCLOCALPLACEMENT(#14656,#14660);
#14662=IFCCARTESIANPOINT((914.99999999999909,457.50000000000023));
#14663=IFCAXIS2PLACEMENT2D(#14662,#11);
#14664=IFCRECTANGLEPROFILEDEF(.AREA.,$,#14663,1829.9999999999982,914.99999999999932);
#14665=IFCAXIS2PLACEMENT3D(#3,#7,#9);
#14666=IFCEXTRUDEDAREASOLID(#14664,#14665,#9,200.);
#14667=IFCSHAPEREPRESENTATION(#101,'Body','SweptSolid',(#14666));
#14668=IFCPRODUCTDEFINITIONSHAPE($,$,(#14667));
#14669=IFCCARTESIANPOINT((8720.,-100.,305.));
#14670=IFCAXIS2PLACEMENT3D(#14669,$,$);
#14671=IFCLOCALPLACEMENT(#1009,#14670);
#14672=IFCOPENINGELEMENT('1K1Gn7jGzlbwtfihUZVMCy',#18,'M_Fixed:0915 x 1830mm:354140:1',$,'Opening',#14671,#14668,'354140');
#14673=IFCRELVOIDSELEMENT('2cXV28XOjE6f6irhy0COum',#18,$,$,#1037,#14672);
#14674=IFCRELFILLSELEMENT('3cNqERiDF4ZDPaCtFSavK0',#18,$,$,#14672,#6181);
#14675=IFCAXIS2PLACEMENT3D(#3,$,$);
#14676=IFCLOCALPLACEMENT(#14671,#14675);
#14677=IFCCARTESIANPOINT((914.99999999999909,457.50000000000023));
#14678=IFCAXIS2PLACEMENT2D(#14677,#11);
#14679=IFCRECTANGLEPROFILEDEF(.AREA.,$,#14678,1829.9999999999982,914.99999999999932);
#14680=IFCAXIS2PLACEMENT3D(#3,#7,#9);
#14681=IFCEXTRUDEDAREASOLID(#14679,#14680,#9,200.);
#14682=IFCSHAPEREPRESENTATION(#101,'Body','SweptSolid',(#14681));
#14683=IFCPRODUCTDEFINITIONSHAPE($,$,(#14682));
#14684=IFCCARTESIANPOINT((4985.,-100.,305.));
#14685=IFCAXIS2PLACEMENT3D(#14684,$,$);
#14686=IFCLOCALPLACEMENT(#1009,#14685);
#14687=IFCOPENINGELEMENT('2ZU$tFluy36KIkdTP1yY$E',#18,'M_Fixed:0915 x 1830mm:354198:1',$,'Opening',#14686,#14683,'354198');
#14688=IFCRELVOIDSELEMENT('2cXV28XOjE6f6irhy0COxw',#18,$,$,#1037,#14687);
#14689=IFCRELFILLSELEMENT('1eAcweIzt1MB$86gD14D8p',#18,$,$,#14687,#6192);
#14690=IFCAXIS2PLACEMENT3D(#3,$,$);
#14691=IFCLOCALPLACEMENT(#14686,#14690);
#14692=IFCCARTESIANPOINT((914.99999999999909,457.49999999999966));
#14693=IFCAXIS2PLACEMENT2D(#14692,#11);
#14694=IFCRECTANGLEPROFILEDEF(.AREA.,$,#14693,1829.9999999999982,914.99999999999932);
#14695=IFCAXIS2PLACEMENT3D(#3,#7,#9);
#14696=IFCEXTRUDEDAREASOLID(#14694,#14695,#9,200.);
#14697=IFCSHAPEREPRESENTATION(#101,'Body','SweptSolid',(#14696));
#14698=IFCPRODUCTDEFINITIONSHAPE($,$,(#14697));
#14699=IFCCARTESIANPOINT((2035.,-100.,305.));
#14700=IFCAXIS2PLACEMENT3D(#14699,$,$);
#14701=IFCLOCALPLACEMENT(#1009,#14700);
#14702=IFCOPENINGELEMENT('24yCQ3EBuVe941tBQvSRUo',#18,'M_Fixed:0915 x 1830mm:354238:1',$,'Opening',#14701,#14698,'354238');
#14703=IFCRELVOIDSELEMENT('2cXV28XOjE6f6irhy0COxI',#18,$,$,#1037,#14702);
#14704=IFCRELFILLSELEMENT('0_5m7Ko$zEm0ALz1a0BbHI',#18,$,$,#14702,#6203);
#14705=IFCAXIS2PLACEMENT3D(#3,$,$);
#14706=IFCLOCALPLACEMENT(#14701,#14705);
#14707=IFCCARTESIANPOINT((914.99999999999909,457.50000000000023));
#14708=IFCAXIS2PLACEMENT2D(#14707,#11);
#14709=IFCRECTANGLEPROFILEDEF(.AREA.,$,#14708,1829.9999999999982,914.99999999999932);
#14710=IFCAXIS2PLACEMENT3D(#3,#7,#9);
#14711=IFCEXTRUDEDAREASOLID(#14709,#14710,#9,200.);
#14712=IFCSHAPEREPRESENTATION(#101,'Body','SweptSolid',(#14711));
#14713=IFCPRODUCTDEFINITIONSHAPE($,$,(#14712));
#14714=IFCCARTESIANPOINT((18642.500000000033,-100.,305.));
#14715=IFCAXIS2PLACEMENT3D(#14714,$,$);
#14716=IFCLOCALPLACEMENT(#1009,#14715);
#14717=IFCOPENINGELEMENT('1L3LhDC8N99HuJCBozErr5',#18,'M_Fixed:0915 x 1830mm:354711:1',$,'Opening',#14716,#14713,'354711');
#14718=IFCRELVOIDSELEMENT('2cXV28XOjE6f6irhy0CO3x',#18,$,$,#1037,#14717);
#14719=IFCRELFILLSELEMENT('1qElPiUqAzfUi51TCVP_n9',#18,$,$,#14717,#6291);
#14720=IFCAXIS2PLACEMENT3D(#3,$,$);
#14721=IFCLOCALPLACEMENT(#14716,#14720);
#14722=IFCCARTESIANPOINT((1066.9999999999998,457.49999999999949));
#14723=IFCAXIS2PLACEMENT2D(#14722,#13);
#14724=IFCRECTANGLEPROFILEDEF(.AREA.,$,#14723,914.99999999999977,2133.9999999999995);
#14725=IFCAXIS2PLACEMENT3D(#3,#8,#9);
#14726=IFCEXTRUDEDAREASOLID(#14724,#14725,#9,200.);
#14727=IFCSHAPEREPRESENTATION(#101,'Body','SweptSolid',(#14726));
#14728=IFCPRODUCTDEFINITIONSHAPE($,$,(#14727));
#14729=IFCCARTESIANPOINT((2115.,100.,0.));
#14730=IFCAXIS2PLACEMENT3D(#14729,$,$);
#14731=IFCLOCALPLACEMENT(#1051,#14730);
#14732=IFCOPENINGELEMENT('3NjKa1yLAYqVbKvMD2ftf_',#18,'M_Single-Flush:Inside Door:353172:1',$,'Opening',#14731,#14728,'353172');
#14733=IFCRELVOIDSELEMENT('2cXV28XOjE6f6irhy0COhu',#18,$,$,#1079,#14732);
#14734=IFCRELFILLSELEMENT('3ugkv_mm3eiWLdfnpjeirG',#18,$,$,#14732,#1195);
#14735=IFCAXIS2PLACEMENT3D(#3,#9,#6);
#14736=IFCLOCALPLACEMENT(#14731,#14735);
#14737=IFCCARTESIANPOINT((1066.9999999999998,457.5));
#14738=IFCAXIS2PLACEMENT2D(#14737,#13);
#14739=IFCRECTANGLEPROFILEDEF(.AREA.,$,#14738,914.99999999999977,2133.9999999999995);
#14740=IFCAXIS2PLACEMENT3D(#3,#8,#9);
#14741=IFCEXTRUDEDAREASOLID(#14739,#14740,#9,200.);
#14742=IFCSHAPEREPRESENTATION(#101,'Body','SweptSolid',(#14741));
#14743=IFCPRODUCTDEFINITIONSHAPE($,$,(#14742));
#14744=IFCCARTESIANPOINT((4130.,100.,0.));
#14745=IFCAXIS2PLACEMENT3D(#14744,$,$);
#14746=IFCLOCALPLACEMENT(#1051,#14745);
#14747=IFCOPENINGELEMENT('2s8JB_9M_XFw2wOzqWkPfB',#18,'M_Single-Flush:Inside Door:353248:1',$,'Opening',#14746,#14743,'353248');
#14748=IFCRELVOIDSELEMENT('2cXV28XOjE6f6irhy0COgC',#18,$,$,#1079,#14747);
#14749=IFCRELFILLSELEMENT('0hlmIOPou_aJgwdP6ObwtX',#18,$,$,#14747,#1220);
#14750=IFCAXIS2PLACEMENT3D(#3,#9,#6);
#14751=IFCLOCALPLACEMENT(#14746,#14750);
#14752=IFCCARTESIANPOINT((1066.9999999999998,457.5));
#14753=IFCAXIS2PLACEMENT2D(#14752,#13);
#14754=IFCRECTANGLEPROFILEDEF(.AREA.,$,#14753,914.99999999999977,2133.9999999999995);
#14755=IFCAXIS2PLACEMENT3D(#3,#8,#9);
#14756=IFCEXTRUDEDAREASOLID(#14754,#14755,#9,200.);
#14757=IFCSHAPEREPRESENTATION(#101,'Body','SweptSolid',(#14756));
#14758=IFCPRODUCTDEFINITIONSHAPE($,$,(#14757));
#14759=IFCCARTESIANPOINT((6945.,100.,0.));
#14760=IFCAXIS2PLACEMENT3D(#14759,$,$);
#14761=IFCLOCALPLACEMENT(#1051,#14760);
#14762=IFCOPENINGELEMENT('1ez2kH$IBIQp1VeRDN2lN2',#18,'M_Single-Flush:Inside Door:353277:1',$,'Opening',#14761,#14758,'353277');
#14763=IFCRELVOIDSELEMENT('2cXV28XOjE6f6irhy0COgH',#18,$,$,#1079,#14762);
#14764=IFCRELFILLSELEMENT('0IXGVhfj0YoZflljSexYhY',#18,$,$,#14762,#1235);
#14765=IFCAXIS2PLACEMENT3D(#3,#9,#6);
#14766=IFCLOCALPLACEMENT(#14761,#14765);
#14767=IFCCARTESIANPOINT((914.99999999999909,457.50000000000023));
#14768=IFCAXIS2PLACEMENT2D(#14767,#11);
#14769=IFCRECTANGLEPROFILEDEF(.AREA.,$,#14768,1829.9999999999982,914.99999999999932);
#14770=IFCAXIS2PLACEMENT3D(#3,#8,#9);
#14771=IFCEXTRUDEDAREASOLID(#14769,#14770,#9,200.);
#14772=IFCSHAPEREPRESENTATION(#101,'Body','SweptSolid',(#14771));
#14773=IFCPRODUCTDEFINITIONSHAPE($,$,(#14772));
#14774=IFCCARTESIANPOINT((5537.5000000000018,100.,305.));
#14775=IFCAXIS2PLACEMENT3D(#14774,$,$);
#14776=IFCLOCALPLACEMENT(#1051,#14775);
#14777=IFCOPENINGELEMENT('1g37E_PkO6$CCTL$lqF$br',#18,'M_Fixed:0915 x 1830mm:354493:1',$,'Opening',#14776,#14773,'354493');
#14778=IFCRELVOIDSELEMENT('2cXV28XOjE6f6irhy0CO7H',#18,$,$,#1079,#14777);
#14779=IFCRELFILLSELEMENT('2NkZO$oyuWLpb42jJbnRbq',#18,$,$,#14777,#6236);
#14780=IFCAXIS2PLACEMENT3D(#3,#9,#6);
#14781=IFCLOCALPLACEMENT(#14776,#14780);
#14782=IFCCARTESIANPOINT((914.99999999999909,457.50000000000023));
#14783=IFCAXIS2PLACEMENT2D(#14782,#11);
#14784=IFCRECTANGLEPROFILEDEF(.AREA.,$,#14783,1829.9999999999982,914.99999999999932);
#14785=IFCAXIS2PLACEMENT3D(#3,#8,#9);
#14786=IFCEXTRUDEDAREASOLID(#14784,#14785,#9,200.);
#14787=IFCSHAPEREPRESENTATION(#101,'Body','SweptSolid',(#14786));
#14788=IFCPRODUCTDEFINITIONSHAPE($,$,(#14787));
#14789=IFCCARTESIANPOINT((10015.,100.,305.));
#14790=IFCAXIS2PLACEMENT3D(#14789,$,$);
#14791=IFCLOCALPLACEMENT(#1051,#14790);
#14792=IFCOPENINGELEMENT('3$pFaqXeokhJtKJxmH5upd',#18,'M_Fixed:0915 x 1830mm:354551:1',$,'Opening',#14791,#14788,'354551');
#14793=IFCRELVOIDSELEMENT('2cXV28XOjE6f6irhy0CO6R',#18,$,$,#1079,#14792);
#14794=IFCRELFILLSELEMENT('2EciZgDdPVzuNgpcotfznE',#18,$,$,#14792,#6247);
#14795=IFCAXIS2PLACEMENT3D(#3,#9,#6);
#14796=IFCLOCALPLACEMENT(#14791,#14795);
#14797=IFCCARTESIANPOINT((914.99999999999909,457.50000000000023));
#14798=IFCAXIS2PLACEMENT2D(#14797,#11);
#14799=IFCRECTANGLEPROFILEDEF(.AREA.,$,#14798,1829.9999999999982,914.99999999999932);
#14800=IFCAXIS2PLACEMENT3D(#3,#8,#9);
#14801=IFCEXTRUDEDAREASOLID(#14799,#14800,#9,200.);
#14802=IFCSHAPEREPRESENTATION(#101,'Body','SweptSolid',(#14801));
#14803=IFCPRODUCTDEFINITIONSHAPE($,$,(#14802));
#14804=IFCCARTESIANPOINT((14200.,100.,305.));
#14805=IFCAXIS2PLACEMENT3D(#14804,$,$);
#14806=IFCLOCALPLACEMENT(#1051,#14805);
#14807=IFCOPENINGELEMENT('1vPTvoO8xVMicNCPYhgYv1',#18,'M_Fixed:0915 x 1830mm:354583:1',$,'Opening',#14806,#14803,'354583');
#14808=IFCRELVOIDSELEMENT('2cXV28XOjE6f6irhy0CO1x',#18,$,$,#1079,#14807);
#14809=IFCRELFILLSELEMENT('2ggoR1kTV3Bgrhvsa$Yr6G',#18,$,$,#14807,#6258);
#14810=IFCAXIS2PLACEMENT3D(#3,#9,#6);
#14811=IFCLOCALPLACEMENT(#14806,#14810);
#14812=IFCCARTESIANPOINT((914.99999999999909,457.50000000000023));
#14813=IFCAXIS2PLACEMENT2D(#14812,#11);
#14814=IFCRECTANGLEPROFILEDEF(.AREA.,$,#14813,1829.9999999999982,914.99999999999932);
#14815=IFCAXIS2PLACEMENT3D(#3,#8,#9);
#14816=IFCEXTRUDEDAREASOLID(#14814,#14815,#9,200.);
#14817=IFCSHAPEREPRESENTATION(#101,'Body','SweptSolid',(#14816));
#14818=IFCPRODUCTDEFINITIONSHAPE($,$,(#14817));
#14819=IFCCARTESIANPOINT((16915.,100.,305.));
#14820=IFCAXIS2PLACEMENT3D(#14819,$,$);
#14821=IFCLOCALPLACEMENT(#1051,#14820);
#14822=IFCOPENINGELEMENT('1LnG3KKyFv$AteY0jXy9F5',#18,'M_Fixed:0915 x 1830mm:354615:1',$,'Opening',#14821,#14818,'354615');
#14823=IFCRELVOIDSELEMENT('2cXV28XOjE6f6irhy0CO1R',#18,$,$,#1079,#14822);
#14824=IFCRELFILLSELEMENT('30jdxabsiZwsBMrvXRWWki',#18,$,$,#14822,#6269);
#14825=IFCAXIS2PLACEMENT3D(#3,#9,#6);
#14826=IFCLOCALPLACEMENT(#14821,#14825);
#14827=IFCCARTESIANPOINT((914.99999999999909,457.50000000000023));
#14828=IFCAXIS2PLACEMENT2D(#14827,#11);
#14829=IFCRECTANGLEPROFILEDEF(.AREA.,$,#14828,1829.9999999999982,914.99999999999932);
#14830=IFCAXIS2PLACEMENT3D(#3,#8,#9);
#14831=IFCEXTRUDEDAREASOLID(#14829,#14830,#9,200.);
#14832=IFCSHAPEREPRESENTATION(#101,'Body','SweptSolid',(#14831));
#14833=IFCPRODUCTDEFINITIONSHAPE($,$,(#14832));
#14834=IFCCARTESIANPOINT((18815.,100.,305.));
#14835=IFCAXIS2PLACEMENT3D(#14834,$,$);
#14836=IFCLOCALPLACEMENT(#1051,#14835);
#14837=IFCOPENINGELEMENT('3_gLfDZf_FdiZFyosJGUNS',#18,'M_Fixed:0915 x 1830mm:354675:1',$,'Opening',#14836,#14833,'354675');
#14838=IFCRELVOIDSELEMENT('2cXV28XOjE6f6irhy0CO0V',#18,$,$,#1079,#14837);
#14839=IFCRELFILLSELEMENT('3_REb8iM$ovjkbSFCMeYqT',#18,$,$,#14837,#6280);
#14840=IFCAXIS2PLACEMENT3D(#3,#9,#6);
#14841=IFCLOCALPLACEMENT(#14836,#14840);
#14842=IFCCARTESIANPOINT((1066.9999999999998,457.5));
#14843=IFCAXIS2PLACEMENT2D(#14842,#13);
#14844=IFCRECTANGLEPROFILEDEF(.AREA.,$,#14843,914.99999999999977,2133.9999999999995);
#14845=IFCAXIS2PLACEMENT3D(#3,#7,#9);
#14846=IFCEXTRUDEDAREASOLID(#14844,#14845,#9,200.);
#14847=IFCSHAPEREPRESENTATION(#101,'Body','SweptSolid',(#14846));
#14848=IFCPRODUCTDEFINITIONSHAPE($,$,(#14847));
#14849=IFCCARTESIANPOINT((400.,-100.,0.));
#14850=IFCAXIS2PLACEMENT3D(#14849,$,$);
#14851=IFCLOCALPLACEMENT(#1276,#14850);
#14852=IFCOPENINGELEMENT('0$GMroHWePHTQMTqmn1K2O',#18,'M_Single-Flush:Inside Door:353707:1',$,'Opening',#14851,#14848,'353707');
#14853=IFCRELVOIDSELEMENT('2cXV28XOjE6f6irhy0COp7',#18,$,$,#1299,#14852);
#14854=IFCRELFILLSELEMENT('2zmGzWKvOSGOzfaNdUQ7bD',#18,$,$,#14852,#1430);
#14855=IFCAXIS2PLACEMENT3D(#3,$,$);
#14856=IFCLOCALPLACEMENT(#14851,#14855);
#14857=IFCCARTESIANPOINT((1066.9999999999998,457.5));
#14858=IFCAXIS2PLACEMENT2D(#14857,#13);
#14859=IFCRECTANGLEPROFILEDEF(.AREA.,$,#14858,914.99999999999977,2133.9999999999995);
#14860=IFCAXIS2PLACEMENT3D(#3,#7,#9);
#14861=IFCEXTRUDEDAREASOLID(#14859,#14860,#9,200.);
#14862=IFCSHAPEREPRESENTATION(#101,'Body','SweptSolid',(#14861));
#14863=IFCPRODUCTDEFINITIONSHAPE($,$,(#14862));
#14864=IFCCARTESIANPOINT((6285.,-100.,0.));
#14865=IFCAXIS2PLACEMENT3D(#14864,$,$);
#14866=IFCLOCALPLACEMENT(#1276,#14865);
#14867=IFCOPENINGELEMENT('2cB7sU2aStQDkdWgmFzbxf',#18,'M_Single-Flush:Inside Door:353730:1',$,'Opening',#14866,#14863,'353730');
#14868=IFCRELVOIDSELEMENT('2cXV28XOjE6f6irhy0COok',#18,$,$,#1299,#14867);
#14869=IFCRELFILLSELEMENT('3Qu5ORyzg_mgDlnZdJhEF1',#18,$,$,#14867,#1445);
#14870=IFCAXIS2PLACEMENT3D(#3,$,$);
#14871=IFCLOCALPLACEMENT(#14866,#14870);
#14872=IFCCARTESIANPOINT((1066.9999999999998,457.49999999999949));
#14873=IFCAXIS2PLACEMENT2D(#14872,#13);
#14874=IFCRECTANGLEPROFILEDEF(.AREA.,$,#14873,914.99999999999977,2133.9999999999995);
#14875=IFCAXIS2PLACEMENT3D(#3,#7,#9);
#14876=IFCEXTRUDEDAREASOLID(#14874,#14875,#9,200.);
#14877=IFCSHAPEREPRESENTATION(#101,'Body','SweptSolid',(#14876));
#14878=IFCPRODUCTDEFINITIONSHAPE($,$,(#14877));
#14879=IFCCARTESIANPOINT((6585.,-100.,0.));
#14880=IFCAXIS2PLACEMENT3D(#14879,$,$);
#14881=IFCLOCALPLACEMENT(#1326,#14880);
#14882=IFCOPENINGELEMENT('3PKexTSSDbhOjXo0m7CgKW',#18,'M_Single-Flush:Inside Door:353615:1',$,'Opening',#14881,#14878,'353615');
#14883=IFCRELVOIDSELEMENT('2cXV28XOjE6f6irhy0COmZ',#18,$,$,#1349,#14882);
#14884=IFCRELFILLSELEMENT('1rplw6QDrA1TQG1NNGmVgy',#18,$,$,#14882,#1408);
#14885=IFCAXIS2PLACEMENT3D(#3,$,$);
#14886=IFCLOCALPLACEMENT(#14881,#14885);
#14887=IFCCARTESIANPOINT((1012.5000000000001,775.));
#14888=IFCAXIS2PLACEMENT2D(#14887,#11);
#14889=IFCRECTANGLEPROFILEDEF(.AREA.,$,#14888,2025.0000000000002,1550.);
#14890=IFCAXIS2PLACEMENT3D(#3,#8,#9);
#14891=IFCEXTRUDEDAREASOLID(#14889,#14890,#9,200.);
#14892=IFCSHAPEREPRESENTATION(#101,'Body','SweptSolid',(#14891));
#14893=IFCPRODUCTDEFINITIONSHAPE($,$,(#14892));
#14894=IFCCARTESIANPOINT((4725.,100.,0.));
#14895=IFCAXIS2PLACEMENT3D(#14894,$,$);
#14896=IFCLOCALPLACEMENT(#1456,#14895);
#14897=IFCOPENINGELEMENT('3M_SWLWZesLf0sAm5e2YDH',#18,'M_Door-Interior-Double-Full Glass-Wood:1500 x 2000mm:353875:1',$,'Opening',#14896,#14893,'353875');
#14898=IFCRELVOIDSELEMENT('2cXV28XOjE6f6irhy0COy$',#18,$,$,#1468,#14897);
#14899=IFCRELFILLSELEMENT('21NitD_6WyYrS4myqn0wJ6',#18,$,$,#14897,#6061);
#14900=IFCAXIS2PLACEMENT3D(#3,#9,#6);
#14901=IFCLOCALPLACEMENT(#14896,#14900);
#14902=IFCCARTESIANPOINT((914.99999999999932,457.50000000000023));
#14903=IFCAXIS2PLACEMENT2D(#14902,#11);
#14904=IFCRECTANGLEPROFILEDEF(.AREA.,$,#14903,1829.9999999999982,914.99999999999932);
#14905=IFCAXIS2PLACEMENT3D(#3,#8,#9);
#14906=IFCEXTRUDEDAREASOLID(#14904,#14905,#9,200.);
#14907=IFCSHAPEREPRESENTATION(#101,'Body','SweptSolid',(#14906));
#14908=IFCPRODUCTDEFINITIONSHAPE($,$,(#14907));
#14909=IFCCARTESIANPOINT((3500.,100.,305.));
#14910=IFCAXIS2PLACEMENT3D(#14909,$,$);
#14911=IFCLOCALPLACEMENT(#6441,#14910);
#14912=IFCOPENINGELEMENT('1$qO6SwbwA2gONskqH3zr5',#18,'M_Fixed:0915 x 1830mm:355163:1',$,'Opening',#14911,#14908,'355163');
#14913=IFCRELVOIDSELEMENT('2cXV28XOjE6f6irhy0CO8t',#18,$,$,#6453,#14912);
#14914=IFCRELFILLSELEMENT('0oDpEZ6x$Te3NY1C_XlZZ9',#18,$,$,#14912,#6615);
#14915=IFCAXIS2PLACEMENT3D(#3,#9,#6);
#14916=IFCLOCALPLACEMENT(#14911,#14915);
#14917=IFCCARTESIANPOINT((914.99999999999932,457.50000000000023));
#14918=IFCAXIS2PLACEMENT2D(#14917,#11);
#14919=IFCRECTANGLEPROFILEDEF(.AREA.,$,#14918,1829.9999999999982,914.99999999999932);
#14920=IFCAXIS2PLACEMENT3D(#3,#8,#9);
#14921=IFCEXTRUDEDAREASOLID(#14919,#14920,#9,200.);
#14922=IFCSHAPEREPRESENTATION(#101,'Body','SweptSolid',(#14921));
#14923=IFCPRODUCTDEFINITIONSHAPE($,$,(#14922));
#14924=IFCCARTESIANPOINT((5315.,100.,305.));
#14925=IFCAXIS2PLACEMENT3D(#14924,$,$);
#14926=IFCLOCALPLACEMENT(#6441,#14925);
#14927=IFCOPENINGELEMENT('2zOURILXjlQIbx2$xNfqI_',#18,'M_Fixed:0915 x 1830mm:355164:1',$,'Opening',#14926,#14923,'355164');
#14928=IFCRELVOIDSELEMENT('2cXV28XOjE6f6irhy0CO8m',#18,$,$,#6453,#14927);
#14929=IFCRELFILLSELEMENT('2rKg3sZOdCyzgCH4MW3HHx',#18,$,$,#14927,#6626);
#14930=IFCAXIS2PLACEMENT3D(#3,#9,#6);
#14931=IFCLOCALPLACEMENT(#14926,#14930);
#14932=IFCCARTESIANPOINT((914.99999999999932,457.50000000000023));
#14933=IFCAXIS2PLACEMENT2D(#14932,#11);
#14934=IFCRECTANGLEPROFILEDEF(.AREA.,$,#14933,1829.9999999999982,914.99999999999932);
#14935=IFCAXIS2PLACEMENT3D(#3,#7,#9);
#14936=IFCEXTRUDEDAREASOLID(#14934,#14935,#9,200.);
#14937=IFCSHAPEREPRESENTATION(#101,'Body','SweptSolid',(#14936));
#14938=IFCPRODUCTDEFINITIONSHAPE($,$,(#14937));
#14939=IFCCARTESIANPOINT((13285.,-100.,305.));
#14940=IFCAXIS2PLACEMENT3D(#14939,$,$);
#14941=IFCLOCALPLACEMENT(#6467,#14940);
#14942=IFCOPENINGELEMENT('3Sx__A4ujQr1ZD2SsBck0R',#18,'M_Fixed:0915 x 1830mm:355157:1',$,'Opening',#14941,#14938,'355157');
#14943=IFCRELVOIDSELEMENT('2cXV28XOjE6f6irhy0CO8v',#18,$,$,#6479,#14942);
#14944=IFCRELFILLSELEMENT('2M7tBe9zAVy8f6AdJsTcBv',#18,$,$,#14942,#6549);
#14945=IFCAXIS2PLACEMENT3D(#3,$,$);
#14946=IFCLOCALPLACEMENT(#14941,#14945);
#14947=IFCCARTESIANPOINT((914.99999999999932,457.50000000000023));
#14948=IFCAXIS2PLACEMENT2D(#14947,#11);
#14949=IFCRECTANGLEPROFILEDEF(.AREA.,$,#14948,1829.9999999999982,914.99999999999932);
#14950=IFCAXIS2PLACEMENT3D(#3,#7,#9);
#14951=IFCEXTRUDEDAREASOLID(#14949,#14950,#9,200.);
#14952=IFCSHAPEREPRESENTATION(#101,'Body','SweptSolid',(#14951));
#14953=IFCPRODUCTDEFINITIONSHAPE($,$,(#14952));
#14954=IFCCARTESIANPOINT((11770.,-100.,305.));
#14955=IFCAXIS2PLACEMENT3D(#14954,$,$);
#14956=IFCLOCALPLACEMENT(#6467,#14955);
#14957=IFCOPENINGELEMENT('3dQAyVTuV$$LqcrLM$HkAS',#18,'M_Fixed:0915 x 1830mm:355158:1',$,'Opening',#14956,#14953,'355158');
#14958=IFCRELVOIDSELEMENT('2cXV28XOjE6f6irhy0CO8w',#18,$,$,#6479,#14957);
#14959=IFCRELFILLSELEMENT('3RSjBdrDhl_YkXloEcavkw',#18,$,$,#14957,#6560);
#14960=IFCAXIS2PLACEMENT3D(#3,$,$);
#14961=IFCLOCALPLACEMENT(#14956,#14960);
#14962=IFCCARTESIANPOINT((914.99999999999932,457.50000000000023));
#14963=IFCAXIS2PLACEMENT2D(#14962,#11);
#14964=IFCRECTANGLEPROFILEDEF(.AREA.,$,#14963,1829.9999999999982,914.99999999999932);
#14965=IFCAXIS2PLACEMENT3D(#3,#7,#9);
#14966=IFCEXTRUDEDAREASOLID(#14964,#14965,#9,200.);
#14967=IFCSHAPEREPRESENTATION(#101,'Body','SweptSolid',(#14966));
#14968=IFCPRODUCTDEFINITIONSHAPE($,$,(#14967));
#14969=IFCCARTESIANPOINT((10255.,-100.,305.));
#14970=IFCAXIS2PLACEMENT3D(#14969,$,$);
#14971=IFCLOCALPLACEMENT(#6467,#14970);
#14972=IFCOPENINGELEMENT('1If$E8A2CakdzWj7hdAcB1',#18,'M_Fixed:0915 x 1830mm:355159:1',$,'Opening',#14971,#14968,'355159');
#14973=IFCRELVOIDSELEMENT('2cXV28XOjE6f6irhy0CO8x',#18,$,$,#6479,#14972);
#14974=IFCRELFILLSELEMENT('0aE3lZlBqa3JOzIBX0wyLc',#18,$,$,#14972,#6571);
#14975=IFCAXIS2PLACEMENT3D(#3,$,$);
#14976=IFCLOCALPLACEMENT(#14971,#14975);
#14977=IFCCARTESIANPOINT((914.99999999999932,457.50000000000023));
#14978=IFCAXIS2PLACEMENT2D(#14977,#11);
#14979=IFCRECTANGLEPROFILEDEF(.AREA.,$,#14978,1829.9999999999982,914.99999999999932);
#14980=IFCAXIS2PLACEMENT3D(#3,#7,#9);
#14981=IFCEXTRUDEDAREASOLID(#14979,#14980,#9,200.);
#14982=IFCSHAPEREPRESENTATION(#101,'Body','SweptSolid',(#14981));
#14983=IFCPRODUCTDEFINITIONSHAPE($,$,(#14982));
#14984=IFCCARTESIANPOINT((8720.,-100.,305.));
#14985=IFCAXIS2PLACEMENT3D(#14984,$,$);
#14986=IFCLOCALPLACEMENT(#6467,#14985);
#14987=IFCOPENINGELEMENT('0Cb8UHk4T0zN3AccDtI8y1',#18,'M_Fixed:0915 x 1830mm:355160:1',$,'Opening',#14986,#14983,'355160');
#14988=IFCRELVOIDSELEMENT('2cXV28XOjE6f6irhy0CO8q',#18,$,$,#6479,#14987);
#14989=IFCRELFILLSELEMENT('1DhkBgxvUN2ACjdnhL8zBY',#18,$,$,#14987,#6582);
#14990=IFCAXIS2PLACEMENT3D(#3,$,$);
#14991=IFCLOCALPLACEMENT(#14986,#14990);
#14992=IFCCARTESIANPOINT((914.99999999999932,457.50000000000023));
#14993=IFCAXIS2PLACEMENT2D(#14992,#11);
#14994=IFCRECTANGLEPROFILEDEF(.AREA.,$,#14993,1829.9999999999982,914.99999999999932);
#14995=IFCAXIS2PLACEMENT3D(#3,#7,#9);
#14996=IFCEXTRUDEDAREASOLID(#14994,#14995,#9,200.);
#14997=IFCSHAPEREPRESENTATION(#101,'Body','SweptSolid',(#14996));
#14998=IFCPRODUCTDEFINITIONSHAPE($,$,(#14997));
#14999=IFCCARTESIANPOINT((4985.,-100.,305.));
#15000=IFCAXIS2PLACEMENT3D(#14999,$,$);
#15001=IFCLOCALPLACEMENT(#6467,#15000);
#15002=IFCOPENINGELEMENT('15e0BqghYVH0Qk2zdPVomm',#18,'M_Fixed:0915 x 1830mm:355161:1',$,'Opening',#15001,#14998,'355161');
#15003=IFCRELVOIDSELEMENT('2cXV28XOjE6f6irhy0CO8r',#18,$,$,#6479,#15002);
#15004=IFCRELFILLSELEMENT('2krR8Ms_50tNiGiyFrWtBI',#18,$,$,#15002,#6593);
#15005=IFCAXIS2PLACEMENT3D(#3,$,$);
#15006=IFCLOCALPLACEMENT(#15001,#15005);
#15007=IFCCARTESIANPOINT((914.99999999999932,457.49999999999966));
#15008=IFCAXIS2PLACEMENT2D(#15007,#11);
#15009=IFCRECTANGLEPROFILEDEF(.AREA.,$,#15008,1829.9999999999982,914.99999999999932);
#15010=IFCAXIS2PLACEMENT3D(#3,#7,#9);
#15011=IFCEXTRUDEDAREASOLID(#15009,#15010,#9,200.);
#15012=IFCSHAPEREPRESENTATION(#101,'Body','SweptSolid',(#15011));
#15013=IFCPRODUCTDEFINITIONSHAPE($,$,(#15012));
#15014=IFCCARTESIANPOINT((2035.,-100.,305.));
#15015=IFCAXIS2PLACEMENT3D(#15014,$,$);
#15016=IFCLOCALPLACEMENT(#6467,#15015);
#15017=IFCOPENINGELEMENT('34vSKeZ3pGTeqKlYS55QnQ',#18,'M_Fixed:0915 x 1830mm:355162:1',$,'Opening',#15016,#15013,'355162');
#15018=IFCRELVOIDSELEMENT('2cXV28XOjE6f6irhy0CO8s',#18,$,$,#6479,#15017);
#15019=IFCRELFILLSELEMENT('0vfmjiZOyhLeY7$r0$qoq7',#18,$,$,#15017,#6604);
#15020=IFCAXIS2PLACEMENT3D(#3,$,$);
#15021=IFCLOCALPLACEMENT(#15016,#15020);
#15022=IFCCARTESIANPOINT((914.99999999999932,457.50000000000023));
#15023=IFCAXIS2PLACEMENT2D(#15022,#11);
#15024=IFCRECTANGLEPROFILEDEF(.AREA.,$,#15023,1829.9999999999982,914.99999999999932);
#15025=IFCAXIS2PLACEMENT3D(#3,#7,#9);
#15026=IFCEXTRUDEDAREASOLID(#15024,#15025,#9,200.);
#15027=IFCSHAPEREPRESENTATION(#101,'Body','SweptSolid',(#15026));
#15028=IFCPRODUCTDEFINITIONSHAPE($,$,(#15027));
#15029=IFCCARTESIANPOINT((18642.500000000033,-100.,305.));
#15030=IFCAXIS2PLACEMENT3D(#15029,$,$);
#15031=IFCLOCALPLACEMENT(#6467,#15030);
#15032=IFCOPENINGELEMENT('1ZXzXZFZP1ZB6p77OUMRQn',#18,'M_Fixed:0915 x 1830mm:355170:1',$,'Opening',#15031,#15028,'355170');
#15033=IFCRELVOIDSELEMENT('2cXV28XOjE6f6irhy0CO8E',#18,$,$,#6479,#15032);
#15034=IFCRELFILLSELEMENT('138ZtS$iAGKPs1aHikOhIQ',#18,$,$,#15032,#6692);
#15035=IFCAXIS2PLACEMENT3D(#3,$,$);
#15036=IFCLOCALPLACEMENT(#15031,#15035);
#15037=IFCCARTESIANPOINT((914.99999999999932,457.50000000000023));
#15038=IFCAXIS2PLACEMENT2D(#15037,#11);
#15039=IFCRECTANGLEPROFILEDEF(.AREA.,$,#15038,1829.9999999999982,914.99999999999932);
#15040=IFCAXIS2PLACEMENT3D(#3,#8,#9);
#15041=IFCEXTRUDEDAREASOLID(#15039,#15040,#9,200.);
#15042=IFCSHAPEREPRESENTATION(#101,'Body','SweptSolid',(#15041));
#15043=IFCPRODUCTDEFINITIONSHAPE($,$,(#15042));
#15044=IFCCARTESIANPOINT((5537.5000000000018,100.,305.));
#15045=IFCAXIS2PLACEMENT3D(#15044,$,$);
#15046=IFCLOCALPLACEMENT(#6493,#15045);
#15047=IFCOPENINGELEMENT('3armrXzHZ1n6Jo5g3serlH',#18,'M_Fixed:0915 x 1830mm:355165:1',$,'Opening',#15046,#15043,'355165');
#15048=IFCRELVOIDSELEMENT('2cXV28XOjE6f6irhy0CO8n',#18,$,$,#6505,#15047);
#15049=IFCRELFILLSELEMENT('2GiAw5c4nODm0up5cceGFo',#18,$,$,#15047,#6637);
#15050=IFCAXIS2PLACEMENT3D(#3,#9,#6);
#15051=IFCLOCALPLACEMENT(#15046,#15050);
#15052=IFCCARTESIANPOINT((914.99999999999932,457.50000000000023));
#15053=IFCAXIS2PLACEMENT2D(#15052,#11);
#15054=IFCRECTANGLEPROFILEDEF(.AREA.,$,#15053,1829.9999999999982,914.99999999999932);
#15055=IFCAXIS2PLACEMENT3D(#3,#8,#9);
#15056=IFCEXTRUDEDAREASOLID(#15054,#15055,#9,200.);
#15057=IFCSHAPEREPRESENTATION(#101,'Body','SweptSolid',(#15056));
#15058=IFCPRODUCTDEFINITIONSHAPE($,$,(#15057));
#15059=IFCCARTESIANPOINT((10015.,100.,305.));
#15060=IFCAXIS2PLACEMENT3D(#15059,$,$);
#15061=IFCLOCALPLACEMENT(#6493,#15060);
#15062=IFCOPENINGELEMENT('3QvFll0gzDlE4KCYRjAE2Z',#18,'M_Fixed:0915 x 1830mm:355166:1',$,'Opening',#15061,#15058,'355166');
#15063=IFCRELVOIDSELEMENT('2cXV28XOjE6f6irhy0CO8o',#18,$,$,#6505,#15062);
#15064=IFCRELFILLSELEMENT('2UGqh5mHOgxFt8Cn5nRfD_',#18,$,$,#15062,#6648);
#15065=IFCAXIS2PLACEMENT3D(#3,#9,#6);
#15066=IFCLOCALPLACEMENT(#15061,#15065);
#15067=IFCCARTESIANPOINT((914.99999999999932,457.50000000000023));
#15068=IFCAXIS2PLACEMENT2D(#15067,#11);
#15069=IFCRECTANGLEPROFILEDEF(.AREA.,$,#15068,1829.9999999999982,914.99999999999932);
#15070=IFCAXIS2PLACEMENT3D(#3,#8,#9);
#15071=IFCEXTRUDEDAREASOLID(#15069,#15070,#9,200.);
#15072=IFCSHAPEREPRESENTATION(#101,'Body','SweptSolid',(#15071));
#15073=IFCPRODUCTDEFINITIONSHAPE($,$,(#15072));
#15074=IFCCARTESIANPOINT((14200.,100.,305.));
#15075=IFCAXIS2PLACEMENT3D(#15074,$,$);
#15076=IFCLOCALPLACEMENT(#6493,#15075);
#15077=IFCOPENINGELEMENT('3wNw6xgAoIv9R5FRfAmnNZ',#18,'M_Fixed:0915 x 1830mm:355167:1',$,'Opening',#15076,#15073,'355167');
#15078=IFCRELVOIDSELEMENT('2cXV28XOjE6f6irhy0CO8p',#18,$,$,#6505,#15077);
#15079=IFCRELFILLSELEMENT('0OZyc5jGsRYagNasr4rAQC',#18,$,$,#15077,#6659);
#15080=IFCAXIS2PLACEMENT3D(#3,#9,#6);
#15081=IFCLOCALPLACEMENT(#15076,#15080);
#15082=IFCCARTESIANPOINT((914.99999999999932,457.50000000000023));
#15083=IFCAXIS2PLACEMENT2D(#15082,#11);
#15084=IFCRECTANGLEPROFILEDEF(.AREA.,$,#15083,1829.9999999999982,914.99999999999932);
#15085=IFCAXIS2PLACEMENT3D(#3,#8,#9);
#15086=IFCEXTRUDEDAREASOLID(#15084,#15085,#9,200.);
#15087=IFCSHAPEREPRESENTATION(#101,'Body','SweptSolid',(#15086));
#15088=IFCPRODUCTDEFINITIONSHAPE($,$,(#15087));
#15089=IFCCARTESIANPOINT((16915.,100.,305.));
#15090=IFCAXIS2PLACEMENT3D(#15089,$,$);
#15091=IFCLOCALPLACEMENT(#6493,#15090);
#15092=IFCOPENINGELEMENT('0_4_dUm2Ku_aJvmxtQeQwg',#18,'M_Fixed:0915 x 1830mm:355168:1',$,'Opening',#15091,#15088,'355168');
#15093=IFCRELVOIDSELEMENT('2cXV28XOjE6f6irhy0CO8C',#18,$,$,#6505,#15092);
#15094=IFCRELFILLSELEMENT('1xFeNwXDvGWksW$3OaG$cy',#18,$,$,#15092,#6670);
#15095=IFCAXIS2PLACEMENT3D(#3,#9,#6);
#15096=IFCLOCALPLACEMENT(#15091,#15095);
#15097=IFCCARTESIANPOINT((914.99999999999932,457.50000000000023));
#15098=IFCAXIS2PLACEMENT2D(#15097,#11);
#15099=IFCRECTANGLEPROFILEDEF(.AREA.,$,#15098,1829.9999999999982,914.99999999999932);
#15100=IFCAXIS2PLACEMENT3D(#3,#8,#9);
#15101=IFCEXTRUDEDAREASOLID(#15099,#15100,#9,200.);
#15102=IFCSHAPEREPRESENTATION(#101,'Body','SweptSolid',(#15101));
#15103=IFCPRODUCTDEFINITIONSHAPE($,$,(#15102));
#15104=IFCCARTESIANPOINT((18815.,100.,305.));
#15105=IFCAXIS2PLACEMENT3D(#15104,$,$);
#15106=IFCLOCALPLACEMENT(#6493,#15105);
#15107=IFCOPENINGELEMENT('2OeBZAGoGxqfP64ANZCKTI',#18,'M_Fixed:0915 x 1830mm:355169:1',$,'Opening',#15106,#15103,'355169');
#15108=IFCRELVOIDSELEMENT('2cXV28XOjE6f6irhy0CO8D',#18,$,$,#6505,#15107);
#15109=IFCRELFILLSELEMENT('3elp2ONmtwKLUw6R6gqGcB',#18,$,$,#15107,#6681);
#15110=IFCAXIS2PLACEMENT3D(#3,#9,#6);
#15111=IFCLOCALPLACEMENT(#15106,#15110);
#15112=IFCCARTESIANPOINT((914.99999999999909,457.49999999999966));
#15113=IFCAXIS2PLACEMENT2D(#15112,#11);
#15114=IFCRECTANGLEPROFILEDEF(.AREA.,$,#15113,1829.9999999999982,914.99999999999932);
#15115=IFCAXIS2PLACEMENT3D(#3,#8,#9);
#15116=IFCEXTRUDEDAREASOLID(#15114,#15115,#9,200.);
#15117=IFCSHAPEREPRESENTATION(#101,'Body','SweptSolid',(#15116));
#15118=IFCPRODUCTDEFINITIONSHAPE($,$,(#15117));
#15119=IFCCARTESIANPOINT((3500.,100.,305.));
#15120=IFCAXIS2PLACEMENT3D(#15119,$,$);
#15121=IFCLOCALPLACEMENT(#6715,#15120);
#15122=IFCOPENINGELEMENT('0iuKyfeLVx3paY7MK4Dq0J',#18,'M_Fixed:0915 x 1830mm:355808:1',$,'Opening',#15121,#15118,'355808');
#15123=IFCRELVOIDSELEMENT('2cXV28XOjE6f6irhy0COIC',#18,$,$,#6727,#15122);
#15124=IFCRELFILLSELEMENT('3NMiHTWQcVnJd5zV8LsTP_',#18,$,$,#15122,#7800);
#15125=IFCAXIS2PLACEMENT3D(#3,#9,#6);
#15126=IFCLOCALPLACEMENT(#15121,#15125);
#15127=IFCCARTESIANPOINT((914.99999999999909,457.49999999999915));
#15128=IFCAXIS2PLACEMENT2D(#15127,#11);
#15129=IFCRECTANGLEPROFILEDEF(.AREA.,$,#15128,1829.9999999999982,914.99999999999943);
#15130=IFCAXIS2PLACEMENT3D(#3,#8,#9);
#15131=IFCEXTRUDEDAREASOLID(#15129,#15130,#9,200.);
#15132=IFCSHAPEREPRESENTATION(#101,'Body','SweptSolid',(#15131));
#15133=IFCPRODUCTDEFINITIONSHAPE($,$,(#15132));
#15134=IFCCARTESIANPOINT((5315.,100.,305.));
#15135=IFCAXIS2PLACEMENT3D(#15134,$,$);
#15136=IFCLOCALPLACEMENT(#6715,#15135);
#15137=IFCOPENINGELEMENT('1Q8BLtiw34xuQSXMDSgs06',#18,'M_Fixed:0915 x 1830mm:355809:1',$,'Opening',#15136,#15133,'355809');
#15138=IFCRELVOIDSELEMENT('2cXV28XOjE6f6irhy0COID',#18,$,$,#6727,#15137);
#15139=IFCRELFILLSELEMENT('1tp6KBiFNbxWBtG802hecm',#18,$,$,#15137,#7811);
#15140=IFCAXIS2PLACEMENT3D(#3,#9,#6);
#15141=IFCLOCALPLACEMENT(#15136,#15140);
#15142=IFCCARTESIANPOINT((1066.9999999999998,457.5));
#15143=IFCAXIS2PLACEMENT2D(#15142,#13);
#15144=IFCRECTANGLEPROFILEDEF(.AREA.,$,#15143,914.99999999999977,2133.9999999999995);
#15145=IFCAXIS2PLACEMENT3D(#3,#7,#9);
#15146=IFCEXTRUDEDAREASOLID(#15144,#15145,#9,200.);
#15147=IFCSHAPEREPRESENTATION(#101,'Body','SweptSolid',(#15146));
#15148=IFCPRODUCTDEFINITIONSHAPE($,$,(#15147));
#15149=IFCCARTESIANPOINT((17485.,-100.,0.));
#15150=IFCAXIS2PLACEMENT3D(#15149,$,$);
#15151=IFCLOCALPLACEMENT(#7443,#15150);
#15152=IFCOPENINGELEMENT('1KXg1GNs5k21rfIv8TEfA6',#18,'M_Single-Flush:Inside Door:355793:1',$,'Opening',#15151,#15148,'355793');
#15153=IFCRELVOIDSELEMENT('2cXV28XOjE6f6irhy0COIz',#18,$,$,#7455,#15152);
#15154=IFCRELFILLSELEMENT('0QajGtggIKSqgspZ6gF8aM',#18,$,$,#15152,#7570);
#15155=IFCAXIS2PLACEMENT3D(#3,$,$);
#15156=IFCLOCALPLACEMENT(#15151,#15155);
#15157=IFCCARTESIANPOINT((1066.9999999999998,457.5));
#15158=IFCAXIS2PLACEMENT2D(#15157,#13);
#15159=IFCRECTANGLEPROFILEDEF(.AREA.,$,#15158,914.99999999999977,2133.9999999999995);
#15160=IFCAXIS2PLACEMENT3D(#3,#7,#9);
#15161=IFCEXTRUDEDAREASOLID(#15159,#15160,#9,200.);
#15162=IFCSHAPEREPRESENTATION(#101,'Body','SweptSolid',(#15161));
#15163=IFCPRODUCTDEFINITIONSHAPE($,$,(#15162));
#15164=IFCCARTESIANPOINT((15870.,-100.,0.));
#15165=IFCAXIS2PLACEMENT3D(#15164,$,$);
#15166=IFCLOCALPLACEMENT(#7443,#15165);
#15167=IFCOPENINGELEMENT('0MwY5FpG2vBaFLy4yFSAOT',#18,'M_Single-Flush:Inside Door:355794:1',$,'Opening',#15166,#15163,'355794');
#15168=IFCRELVOIDSELEMENT('2cXV28XOjE6f6irhy0COI_',#18,$,$,#7455,#15167);
#15169=IFCRELFILLSELEMENT('0DxZgw28ghoO3QSDul0Tf8',#18,$,$,#15167,#7585);
#15170=IFCAXIS2PLACEMENT3D(#3,$,$);
#15171=IFCLOCALPLACEMENT(#15166,#15170);
#15172=IFCCARTESIANPOINT((914.99999999999909,457.50000000000023));
#15173=IFCAXIS2PLACEMENT2D(#15172,#11);
#15174=IFCRECTANGLEPROFILEDEF(.AREA.,$,#15173,1829.9999999999982,914.99999999999932);
#15175=IFCAXIS2PLACEMENT3D(#3,#7,#9);
#15176=IFCEXTRUDEDAREASOLID(#15174,#15175,#9,200.);
#15177=IFCSHAPEREPRESENTATION(#101,'Body','SweptSolid',(#15176));
#15178=IFCPRODUCTDEFINITIONSHAPE($,$,(#15177));
#15179=IFCCARTESIANPOINT((13285.,-100.,305.));
#15180=IFCAXIS2PLACEMENT3D(#15179,$,$);
#15181=IFCLOCALPLACEMENT(#7443,#15180);
#15182=IFCOPENINGELEMENT('2jU9P78fKnZxHjBX2m9OFp',#18,'M_Fixed:0915 x 1830mm:355802:1',$,'Opening',#15181,#15178,'355802');
#15183=IFCRELVOIDSELEMENT('2cXV28XOjE6f6irhy0COIs',#18,$,$,#7455,#15182);
#15184=IFCRELFILLSELEMENT('2rxfx4nYkshhmg6uGSz3HL',#18,$,$,#15182,#7734);
#15185=IFCAXIS2PLACEMENT3D(#3,$,$);
#15186=IFCLOCALPLACEMENT(#15181,#15185);
#15187=IFCCARTESIANPOINT((914.99999999999909,457.50000000000023));
#15188=IFCAXIS2PLACEMENT2D(#15187,#11);
#15189=IFCRECTANGLEPROFILEDEF(.AREA.,$,#15188,1829.9999999999982,914.99999999999932);
#15190=IFCAXIS2PLACEMENT3D(#3,#7,#9);
#15191=IFCEXTRUDEDAREASOLID(#15189,#15190,#9,200.);
#15192=IFCSHAPEREPRESENTATION(#101,'Body','SweptSolid',(#15191));
#15193=IFCPRODUCTDEFINITIONSHAPE($,$,(#15192));
#15194=IFCCARTESIANPOINT((11770.,-100.,305.));
#15195=IFCAXIS2PLACEMENT3D(#15194,$,$);
#15196=IFCLOCALPLACEMENT(#7443,#15195);
#15197=IFCOPENINGELEMENT('3MyDhJzkTurtxCeQuUkNs$',#18,'M_Fixed:0915 x 1830mm:355803:1',$,'Opening',#15196,#15193,'355803');
#15198=IFCRELVOIDSELEMENT('2cXV28XOjE6f6irhy0COIt',#18,$,$,#7455,#15197);
#15199=IFCRELFILLSELEMENT('2jWSIq2006c6nZsi0EhE3C',#18,$,$,#15197,#7745);
#15200=IFCAXIS2PLACEMENT3D(#3,$,$);
#15201=IFCLOCALPLACEMENT(#15196,#15200);
#15202=IFCCARTESIANPOINT((914.99999999999909,457.50000000000023));
#15203=IFCAXIS2PLACEMENT2D(#15202,#11);
#15204=IFCRECTANGLEPROFILEDEF(.AREA.,$,#15203,1829.9999999999982,914.99999999999932);
#15205=IFCAXIS2PLACEMENT3D(#3,#7,#9);
#15206=IFCEXTRUDEDAREASOLID(#15204,#15205,#9,200.);
#15207=IFCSHAPEREPRESENTATION(#101,'Body','SweptSolid',(#15206));
#15208=IFCPRODUCTDEFINITIONSHAPE($,$,(#15207));
#15209=IFCCARTESIANPOINT((10255.,-100.,305.));
#15210=IFCAXIS2PLACEMENT3D(#15209,$,$);
#15211=IFCLOCALPLACEMENT(#7443,#15210);
#15212=IFCOPENINGELEMENT('0bWeB5zj59$JcUZ9DlZWAT',#18,'M_Fixed:0915 x 1830mm:355804:1',$,'Opening',#15211,#15208,'355804');
#15213=IFCRELVOIDSELEMENT('2cXV28XOjE6f6irhy0COIm',#18,$,$,#7455,#15212);
#15214=IFCRELFILLSELEMENT('2v0$Kyw_GANQtn75Up9Mj3',#18,$,$,#15212,#7756);
#15215=IFCAXIS2PLACEMENT3D(#3,$,$);
#15216=IFCLOCALPLACEMENT(#15211,#15215);
#15217=IFCCARTESIANPOINT((914.99999999999909,457.50000000000023));
#15218=IFCAXIS2PLACEMENT2D(#15217,#11);
#15219=IFCRECTANGLEPROFILEDEF(.AREA.,$,#15218,1829.9999999999982,914.99999999999932);
#15220=IFCAXIS2PLACEMENT3D(#3,#7,#9);
#15221=IFCEXTRUDEDAREASOLID(#15219,#15220,#9,200.);
#15222=IFCSHAPEREPRESENTATION(#101,'Body','SweptSolid',(#15221));
#15223=IFCPRODUCTDEFINITIONSHAPE($,$,(#15222));
#15224=IFCCARTESIANPOINT((8720.,-100.,305.));
#15225=IFCAXIS2PLACEMENT3D(#15224,$,$);
#15226=IFCLOCALPLACEMENT(#7443,#15225);
#15227=IFCOPENINGELEMENT('3GH42uyWKy$$1KXuIbE6lg',#18,'M_Fixed:0915 x 1830mm:355805:1',$,'Opening',#15226,#15223,'355805');
#15228=IFCRELVOIDSELEMENT('2cXV28XOjE6f6irhy0COIn',#18,$,$,#7455,#15227);
#15229=IFCRELFILLSELEMENT('2lD3vb$i5cKnGFfJRUTZVx',#18,$,$,#15227,#7767);
#15230=IFCAXIS2PLACEMENT3D(#3,$,$);
#15231=IFCLOCALPLACEMENT(#15226,#15230);
#15232=IFCCARTESIANPOINT((914.99999999999909,457.50000000000023));
#15233=IFCAXIS2PLACEMENT2D(#15232,#11);
#15234=IFCRECTANGLEPROFILEDEF(.AREA.,$,#15233,1829.9999999999982,914.99999999999932);
#15235=IFCAXIS2PLACEMENT3D(#3,#7,#9);
#15236=IFCEXTRUDEDAREASOLID(#15234,#15235,#9,200.);
#15237=IFCSHAPEREPRESENTATION(#101,'Body','SweptSolid',(#15236));
#15238=IFCPRODUCTDEFINITIONSHAPE($,$,(#15237));
#15239=IFCCARTESIANPOINT((4985.,-100.,305.));
#15240=IFCAXIS2PLACEMENT3D(#15239,$,$);
#15241=IFCLOCALPLACEMENT(#7443,#15240);
#15242=IFCOPENINGELEMENT('28IbYhMl61RnuUHARaQW2M',#18,'M_Fixed:0915 x 1830mm:355806:1',$,'Opening',#15241,#15238,'355806');
#15243=IFCRELVOIDSELEMENT('2cXV28XOjE6f6irhy0COIo',#18,$,$,#7455,#15242);
#15244=IFCRELFILLSELEMENT('0dD$7GyLxiyDV1APKu0ZXB',#18,$,$,#15242,#7778);
#15245=IFCAXIS2PLACEMENT3D(#3,$,$);
#15246=IFCLOCALPLACEMENT(#15241,#15245);
#15247=IFCCARTESIANPOINT((914.99999999999909,457.49999999999966));
#15248=IFCAXIS2PLACEMENT2D(#15247,#11);
#15249=IFCRECTANGLEPROFILEDEF(.AREA.,$,#15248,1829.9999999999982,914.99999999999932);
#15250=IFCAXIS2PLACEMENT3D(#3,#7,#9);
#15251=IFCEXTRUDEDAREASOLID(#15249,#15250,#9,200.);
#15252=IFCSHAPEREPRESENTATION(#101,'Body','SweptSolid',(#15251));
#15253=IFCPRODUCTDEFINITIONSHAPE($,$,(#15252));
#15254=IFCCARTESIANPOINT((2035.,-100.,305.));
#15255=IFCAXIS2PLACEMENT3D(#15254,$,$);
#15256=IFCLOCALPLACEMENT(#7443,#15255);
#15257=IFCOPENINGELEMENT('2rtM01xbnEvEwV5qJuLd8i',#18,'M_Fixed:0915 x 1830mm:355807:1',$,'Opening',#15256,#15253,'355807');
#15258=IFCRELVOIDSELEMENT('2cXV28XOjE6f6irhy0COIp',#18,$,$,#7455,#15257);
#15259=IFCRELFILLSELEMENT('0ykY18zQiHX0HG$MAClHSw',#18,$,$,#15257,#7789);
#15260=IFCAXIS2PLACEMENT3D(#3,$,$);
#15261=IFCLOCALPLACEMENT(#15256,#15260);
#15262=IFCCARTESIANPOINT((914.99999999999909,457.50000000000023));
#15263=IFCAXIS2PLACEMENT2D(#15262,#11);
#15264=IFCRECTANGLEPROFILEDEF(.AREA.,$,#15263,1829.9999999999982,914.99999999999932);
#15265=IFCAXIS2PLACEMENT3D(#3,#7,#9);
#15266=IFCEXTRUDEDAREASOLID(#15264,#15265,#9,200.);
#15267=IFCSHAPEREPRESENTATION(#101,'Body','SweptSolid',(#15266));
#15268=IFCPRODUCTDEFINITIONSHAPE($,$,(#15267));
#15269=IFCCARTESIANPOINT((18642.500000000033,-100.,305.));
#15270=IFCAXIS2PLACEMENT3D(#15269,$,$);
#15271=IFCLOCALPLACEMENT(#7443,#15270);
#15272=IFCOPENINGELEMENT('0b6yW6CLjM26UJ0_FI7Bof',#18,'M_Fixed:0915 x 1830mm:355815:1',$,'Opening',#15271,#15268,'355815');
#15273=IFCRELVOIDSELEMENT('2cXV28XOjE6f6irhy0COIB',#18,$,$,#7455,#15272);
#15274=IFCRELFILLSELEMENT('0UZnzrkem3TEeScc6eF9pG',#18,$,$,#15272,#7877);
#15275=IFCAXIS2PLACEMENT3D(#3,$,$);
#15276=IFCLOCALPLACEMENT(#15271,#15275);
#15277=IFCCARTESIANPOINT((1066.9999999999998,457.5));
#15278=IFCAXIS2PLACEMENT2D(#15277,#13);
#15279=IFCRECTANGLEPROFILEDEF(.AREA.,$,#15278,914.99999999999977,2133.9999999999995);
#15280=IFCAXIS2PLACEMENT3D(#3,#8,#9);
#15281=IFCEXTRUDEDAREASOLID(#15279,#15280,#9,200.);
#15282=IFCSHAPEREPRESENTATION(#101,'Body','SweptSolid',(#15281));
#15283=IFCPRODUCTDEFINITIONSHAPE($,$,(#15282));
#15284=IFCCARTESIANPOINT((2115.,100.,0.));
#15285=IFCAXIS2PLACEMENT3D(#15284,$,$);
#15286=IFCLOCALPLACEMENT(#7469,#15285);
#15287=IFCOPENINGELEMENT('131GhAG_qcdjyqTmuNri9v',#18,'M_Single-Flush:Inside Door:355790:1',$,'Opening',#15286,#15283,'355790');
#15288=IFCRELVOIDSELEMENT('2cXV28XOjE6f6irhy0COIY',#18,$,$,#7481,#15287);
#15289=IFCRELFILLSELEMENT('1Jj$e2rVH4am5b$G0edgXm',#18,$,$,#15287,#7525);
#15290=IFCAXIS2PLACEMENT3D(#3,#9,#6);
#15291=IFCLOCALPLACEMENT(#15286,#15290);
#15292=IFCCARTESIANPOINT((1066.9999999999998,457.5));
#15293=IFCAXIS2PLACEMENT2D(#15292,#13);
#15294=IFCRECTANGLEPROFILEDEF(.AREA.,$,#15293,914.99999999999977,2133.9999999999995);
#15295=IFCAXIS2PLACEMENT3D(#3,#8,#9);
#15296=IFCEXTRUDEDAREASOLID(#15294,#15295,#9,200.);
#15297=IFCSHAPEREPRESENTATION(#101,'Body','SweptSolid',(#15296));
#15298=IFCPRODUCTDEFINITIONSHAPE($,$,(#15297));
#15299=IFCCARTESIANPOINT((4130.,100.,0.));
#15300=IFCAXIS2PLACEMENT3D(#15299,$,$);
#15301=IFCLOCALPLACEMENT(#7469,#15300);
#15302=IFCOPENINGELEMENT('2fE3SYP6vauoIRD4JOU9cq',#18,'M_Single-Flush:Inside Door:355791:1',$,'Opening',#15301,#15298,'355791');
#15303=IFCRELVOIDSELEMENT('2cXV28XOjE6f6irhy0COIZ',#18,$,$,#7481,#15302);
#15304=IFCRELFILLSELEMENT('29mAu9C0zI16NHKFTDvJrw',#18,$,$,#15302,#7540);
#15305=IFCAXIS2PLACEMENT3D(#3,#9,#6);
#15306=IFCLOCALPLACEMENT(#15301,#15305);
#15307=IFCCARTESIANPOINT((1066.9999999999998,457.5));
#15308=IFCAXIS2PLACEMENT2D(#15307,#13);
#15309=IFCRECTANGLEPROFILEDEF(.AREA.,$,#15308,914.99999999999977,2133.9999999999995);
#15310=IFCAXIS2PLACEMENT3D(#3,#8,#9);
#15311=IFCEXTRUDEDAREASOLID(#15309,#15310,#9,200.);
#15312=IFCSHAPEREPRESENTATION(#101,'Body','SweptSolid',(#15311));
#15313=IFCPRODUCTDEFINITIONSHAPE($,$,(#15312));
#15314=IFCCARTESIANPOINT((6945.,100.,0.));
#15315=IFCAXIS2PLACEMENT3D(#15314,$,$);
#15316=IFCLOCALPLACEMENT(#7469,#15315);
#15317=IFCOPENINGELEMENT('1dvI3kMLQB76YqzQd61eeL',#18,'M_Single-Flush:Inside Door:355792:1',$,'Opening',#15316,#15313,'355792');
#15318=IFCRELVOIDSELEMENT('2cXV28XOjE6f6irhy0COIy',#18,$,$,#7481,#15317);
#15319=IFCRELFILLSELEMENT('0k37Z7tt3unCT4AMoWf8go',#18,$,$,#15317,#7555);
#15320=IFCAXIS2PLACEMENT3D(#3,#9,#6);
#15321=IFCLOCALPLACEMENT(#15316,#15320);
#15322=IFCCARTESIANPOINT((914.99999999999909,457.50000000000023));
#15323=IFCAXIS2PLACEMENT2D(#15322,#11);
#15324=IFCRECTANGLEPROFILEDEF(.AREA.,$,#15323,1829.9999999999982,914.99999999999932);
#15325=IFCAXIS2PLACEMENT3D(#3,#8,#9);
#15326=IFCEXTRUDEDAREASOLID(#15324,#15325,#9,200.);
#15327=IFCSHAPEREPRESENTATION(#101,'Body','SweptSolid',(#15326));
#15328=IFCPRODUCTDEFINITIONSHAPE($,$,(#15327));
#15329=IFCCARTESIANPOINT((5537.5000000000018,100.,305.));
#15330=IFCAXIS2PLACEMENT3D(#15329,$,$);
#15331=IFCLOCALPLACEMENT(#7469,#15330);
#15332=IFCOPENINGELEMENT('3C17qRPqufoF8Pk7DhKJu5',#18,'M_Fixed:0915 x 1830mm:355810:1',$,'Opening',#15331,#15328,'355810');
#15333=IFCRELVOIDSELEMENT('2cXV28XOjE6f6irhy0COIE',#18,$,$,#7481,#15332);
#15334=IFCRELFILLSELEMENT('00vEKEN_PqSDQGMaXJ97EA',#18,$,$,#15332,#7822);
#15335=IFCAXIS2PLACEMENT3D(#3,#9,#6);
#15336=IFCLOCALPLACEMENT(#15331,#15335);
#15337=IFCCARTESIANPOINT((914.99999999999909,457.50000000000023));
#15338=IFCAXIS2PLACEMENT2D(#15337,#11);
#15339=IFCRECTANGLEPROFILEDEF(.AREA.,$,#15338,1829.9999999999982,914.99999999999932);
#15340=IFCAXIS2PLACEMENT3D(#3,#8,#9);
#15341=IFCEXTRUDEDAREASOLID(#15339,#15340,#9,200.);
#15342=IFCSHAPEREPRESENTATION(#101,'Body','SweptSolid',(#15341));
#15343=IFCPRODUCTDEFINITIONSHAPE($,$,(#15342));
#15344=IFCCARTESIANPOINT((10015.,100.,305.));
#15345=IFCAXIS2PLACEMENT3D(#15344,$,$);
#15346=IFCLOCALPLACEMENT(#7469,#15345);
#15347=IFCOPENINGELEMENT('3xvQMXH7$QWbJ5rPTZJUfI',#18,'M_Fixed:0915 x 1830mm:355811:1',$,'Opening',#15346,#15343,'355811');
#15348=IFCRELVOIDSELEMENT('2cXV28XOjE6f6irhy0COIF',#18,$,$,#7481,#15347);
#15349=IFCRELFILLSELEMENT('0aTArbVxphoRLTeokXDkLY',#18,$,$,#15347,#7833);
#15350=IFCAXIS2PLACEMENT3D(#3,#9,#6);
#15351=IFCLOCALPLACEMENT(#15346,#15350);
#15352=IFCCARTESIANPOINT((914.99999999999909,457.50000000000023));
#15353=IFCAXIS2PLACEMENT2D(#15352,#11);
#15354=IFCRECTANGLEPROFILEDEF(.AREA.,$,#15353,1829.9999999999982,914.99999999999932);
#15355=IFCAXIS2PLACEMENT3D(#3,#8,#9);
#15356=IFCEXTRUDEDAREASOLID(#15354,#15355,#9,200.);
#15357=IFCSHAPEREPRESENTATION(#101,'Body','SweptSolid',(#15356));
#15358=IFCPRODUCTDEFINITIONSHAPE($,$,(#15357));
#15359=IFCCARTESIANPOINT((14200.,100.,305.));
#15360=IFCAXIS2PLACEMENT3D(#15359,$,$);
#15361=IFCLOCALPLACEMENT(#7469,#15360);
#15362=IFCOPENINGELEMENT('1PU9xKY6rBOVS4lJa7ovvg',#18,'M_Fixed:0915 x 1830mm:355812:1',$,'Opening',#15361,#15358,'355812');
#15363=IFCRELVOIDSELEMENT('2cXV28XOjE6f6irhy0COI8',#18,$,$,#7481,#15362);
#15364=IFCRELFILLSELEMENT('3MMtOAHv$83Q7gMcji8qz2',#18,$,$,#15362,#7844);
#15365=IFCAXIS2PLACEMENT3D(#3,#9,#6);
#15366=IFCLOCALPLACEMENT(#15361,#15365);
#15367=IFCCARTESIANPOINT((914.99999999999909,457.50000000000023));
#15368=IFCAXIS2PLACEMENT2D(#15367,#11);
#15369=IFCRECTANGLEPROFILEDEF(.AREA.,$,#15368,1829.9999999999982,914.99999999999932);
#15370=IFCAXIS2PLACEMENT3D(#3,#8,#9);
#15371=IFCEXTRUDEDAREASOLID(#15369,#15370,#9,200.);
#15372=IFCSHAPEREPRESENTATION(#101,'Body','SweptSolid',(#15371));
#15373=IFCPRODUCTDEFINITIONSHAPE($,$,(#15372));
#15374=IFCCARTESIANPOINT((16915.,100.,305.));
#15375=IFCAXIS2PLACEMENT3D(#15374,$,$);
#15376=IFCLOCALPLACEMENT(#7469,#15375);
#15377=IFCOPENINGELEMENT('2$zLXZD9Wz3VczA2z1AnDR',#18,'M_Fixed:0915 x 1830mm:355813:1',$,'Opening',#15376,#15373,'355813');
#15378=IFCRELVOIDSELEMENT('2cXV28XOjE6f6irhy0COI9',#18,$,$,#7481,#15377);
#15379=IFCRELFILLSELEMENT('2lIctz1D0g48BL94tQ1UW$',#18,$,$,#15377,#7855);
#15380=IFCAXIS2PLACEMENT3D(#3,#9,#6);
#15381=IFCLOCALPLACEMENT(#15376,#15380);
#15382=IFCCARTESIANPOINT((914.99999999999909,457.50000000000023));
#15383=IFCAXIS2PLACEMENT2D(#15382,#11);
#15384=IFCRECTANGLEPROFILEDEF(.AREA.,$,#15383,1829.9999999999982,914.99999999999932);
#15385=IFCAXIS2PLACEMENT3D(#3,#8,#9);
#15386=IFCEXTRUDEDAREASOLID(#15384,#15385,#9,200.);
#15387=IFCSHAPEREPRESENTATION(#101,'Body','SweptSolid',(#15386));
#15388=IFCPRODUCTDEFINITIONSHAPE($,$,(#15387));
#15389=IFCCARTESIANPOINT((18815.,100.,305.));
#15390=IFCAXIS2PLACEMENT3D(#15389,$,$);
#15391=IFCLOCALPLACEMENT(#7469,#15390);
#15392=IFCOPENINGELEMENT('2UN4z1U57AToC_d$q$ukK3',#18,'M_Fixed:0915 x 1830mm:355814:1',$,'Opening',#15391,#15388,'355814');
#15393=IFCRELVOIDSELEMENT('2cXV28XOjE6f6irhy0COIA',#18,$,$,#7481,#15392);
#15394=IFCRELFILLSELEMENT('1CIR3lHjoHF7QxL5du9P_d',#18,$,$,#15392,#7866);
#15395=IFCAXIS2PLACEMENT3D(#3,#9,#6);
#15396=IFCLOCALPLACEMENT(#15391,#15395);
#15397=IFCCARTESIANPOINT((1066.9999999999998,457.49999999999949));
#15398=IFCAXIS2PLACEMENT2D(#15397,#13);
#15399=IFCRECTANGLEPROFILEDEF(.AREA.,$,#15398,914.99999999999977,2133.9999999999995);
#15400=IFCAXIS2PLACEMENT3D(#3,#7,#9);
#15401=IFCEXTRUDEDAREASOLID(#15399,#15400,#9,200.);
#15402=IFCSHAPEREPRESENTATION(#101,'Body','SweptSolid',(#15401));
#15403=IFCPRODUCTDEFINITIONSHAPE($,$,(#15402));
#15404=IFCCARTESIANPOINT((400.,-100.,0.));
#15405=IFCAXIS2PLACEMENT3D(#15404,$,$);
#15406=IFCLOCALPLACEMENT(#7596,#15405);
#15407=IFCOPENINGELEMENT('3pzCxsYtou_LM_W08Q1FRS',#18,'M_Single-Flush:Inside Door:355798:1',$,'Opening',#15406,#15403,'355798');
#15408=IFCRELVOIDSELEMENT('2cXV28XOjE6f6irhy0COIw',#18,$,$,#7608,#15407);
#15409=IFCRELFILLSELEMENT('2SbmwYL0a1S5saifGdt23L',#18,$,$,#15407,#7667);
#15410=IFCAXIS2PLACEMENT3D(#3,$,$);
#15411=IFCLOCALPLACEMENT(#15406,#15410);
#15412=IFCCARTESIANPOINT((1066.9999999999998,457.5));
#15413=IFCAXIS2PLACEMENT2D(#15412,#13);
#15414=IFCRECTANGLEPROFILEDEF(.AREA.,$,#15413,914.99999999999977,2133.9999999999995);
#15415=IFCAXIS2PLACEMENT3D(#3,#7,#9);
#15416=IFCEXTRUDEDAREASOLID(#15414,#15415,#9,200.);
#15417=IFCSHAPEREPRESENTATION(#101,'Body','SweptSolid',(#15416));
#15418=IFCPRODUCTDEFINITIONSHAPE($,$,(#15417));
#15419=IFCCARTESIANPOINT((6285.,-100.,0.));
#15420=IFCAXIS2PLACEMENT3D(#15419,$,$);
#15421=IFCLOCALPLACEMENT(#7596,#15420);
#15422=IFCOPENINGELEMENT('1LvqF1Uv186YfdxqD18Bwt',#18,'M_Single-Flush:Inside Door:355799:1',$,'Opening',#15421,#15418,'355799');
#15423=IFCRELVOIDSELEMENT('2cXV28XOjE6f6irhy0COIx',#18,$,$,#7608,#15422);
#15424=IFCRELFILLSELEMENT('2MON0Qwtri3tVSdBY$6Bmo',#18,$,$,#15422,#7682);
#15425=IFCAXIS2PLACEMENT3D(#3,$,$);
#15426=IFCLOCALPLACEMENT(#15421,#15425);
#15427=IFCCARTESIANPOINT((1066.9999999999998,457.5));
#15428=IFCAXIS2PLACEMENT2D(#15427,#13);
#15429=IFCRECTANGLEPROFILEDEF(.AREA.,$,#15428,914.99999999999977,2133.9999999999995);
#15430=IFCAXIS2PLACEMENT3D(#3,#7,#9);
#15431=IFCEXTRUDEDAREASOLID(#15429,#15430,#9,200.);
#15432=IFCSHAPEREPRESENTATION(#101,'Body','SweptSolid',(#15431));
#15433=IFCPRODUCTDEFINITIONSHAPE($,$,(#15432));
#15434=IFCCARTESIANPOINT((6585.,-100.,0.));
#15435=IFCAXIS2PLACEMENT3D(#15434,$,$);
#15436=IFCLOCALPLACEMENT(#7622,#15435);
#15437=IFCOPENINGELEMENT('0WQ6fSuAhR6jPBNY8gIOy2',#18,'M_Single-Flush:Inside Door:355797:1',$,'Opening',#15436,#15433,'355797');
#15438=IFCRELVOIDSELEMENT('2cXV28XOjE6f6irhy0COIv',#18,$,$,#7634,#15437);
#15439=IFCRELFILLSELEMENT('20FgRiY2F4E212_fJSk6Eq',#18,$,$,#15437,#7652);
#15440=IFCAXIS2PLACEMENT3D(#3,$,$);
#15441=IFCLOCALPLACEMENT(#15436,#15440);
#15442=IFCCARTESIANPOINT((1012.5000000000001,775.));
#15443=IFCAXIS2PLACEMENT2D(#15442,#11);
#15444=IFCRECTANGLEPROFILEDEF(.AREA.,$,#15443,2025.0000000000002,1550.);
#15445=IFCAXIS2PLACEMENT3D(#3,#8,#9);
#15446=IFCEXTRUDEDAREASOLID(#15444,#15445,#9,200.);
#15447=IFCSHAPEREPRESENTATION(#101,'Body','SweptSolid',(#15446));
#15448=IFCPRODUCTDEFINITIONSHAPE($,$,(#15447));
#15449=IFCCARTESIANPOINT((4725.,100.,0.));
#15450=IFCAXIS2PLACEMENT3D(#15449,$,$);
#15451=IFCLOCALPLACEMENT(#7693,#15450);
#15452=IFCOPENINGELEMENT('2FAWnseaed_Qf_NaKCIIl9',#18,'M_Door-Interior-Double-Full Glass-Wood:1500 x 2000mm:355801:1',$,'Opening',#15451,#15448,'355801');
#15453=IFCRELVOIDSELEMENT('2cXV28XOjE6f6irhy0COIr',#18,$,$,#7705,#15452);
#15454=IFCRELFILLSELEMENT('3gEU2Cl8Jv6OVi1vb3TyaE',#18,$,$,#15452,#7723);
#15455=IFCAXIS2PLACEMENT3D(#3,#9,#6);
#15456=IFCLOCALPLACEMENT(#15451,#15455);
#15457=IFCRELCONTAINEDINSPATIALSTRUCTURE('0icLyKk9QVKc9dT0ugn_R2',#18,$,$,(#8751,#8763,#8775),#130);
#15458=IFCRELCONTAINEDINSPATIALSTRUCTURE('0uMj5xwxU9VfQO3xSQQ9HD',#18,$,$,(#8714,#8727,#8739),#151);
#15459=IFCRELCONTAINEDINSPATIALSTRUCTURE('0v8s5b3jKQAxI91JHN86HV',#18,$,$,(#8811,#8823),#214);
#15460=IFCRELCONTAINEDINSPATIALSTRUCTURE('3w22KL1o1_Ge0zlSyYngBv',#18,$,$,(#8787,#8799),#235);
#15461=IFCRELCONTAINEDINSPATIALSTRUCTURE('1jNVUJsgdYUF_HMokKbHqs',#18,$,$,(#8835,#8847,#8859),#256);
#15462=IFCRELCONTAINEDINSPATIALSTRUCTURE('2OKAiuxW5Y66$T0RCFrLqg',#18,$,$,(#8871),#277);
#15463=IFCAXIS2PLACEMENT3D(#3,$,$);
ENDSEC;

END-ISO-10303-21;